<?xml version="1.0" encoding="UTF-8"?>
<gpx xmlns:gpxdata="http://www.cluetrust.com/XML/GPXDATA/1/0" xmlns:xsi="http://www.w3.org/2001/XMLSchema-instance" xmlns="http://www.topografix.com/GPX/1/1" version="1.1" creator="http://ridewithgps.com/" xsi:schemaLocation="http://www.topografix.com/GPX/1/1 http://www.topografix.com/GPX/1/1/gpx.xsd http://www.cluetrust.com/XML/GPXDATA/1/0 http://www.cluetrust.com/Schemas/gpxdata10.xsd">
  <metadata>
    <name>ARTJOG ADX 100KM</name>
    <link href="https://ridewithgps.com/routes/56457937">
      <text>ARTJOG ADX 100KM</text>
    </link>
    <time>2026-08-02T21:05:11Z</time>
  </metadata>
  <trk>
    <name>ARTJOG ADX 100KM</name>
    <trkseg>
      <trkpt lat="-7.80037" lon="110.35387">
        <ele>109.1</ele>
      </trkpt>
      <trkpt lat="-7.80019" lon="110.35389">
        <ele>109.7</ele>
      </trkpt>
      <trkpt lat="-7.79954" lon="110.35393">
        <ele>110.7</ele>
      </trkpt>
      <trkpt lat="-7.79945" lon="110.353109">
        <ele>110.8</ele>
      </trkpt>
      <trkpt lat="-7.79936" lon="110.35229">
        <ele>110.5</ele>
      </trkpt>
      <trkpt lat="-7.79935" lon="110.35218">
        <ele>110.6</ele>
      </trkpt>
      <trkpt lat="-7.79946" lon="110.35215">
        <ele>110.4</ele>
      </trkpt>
      <trkpt lat="-7.80032" lon="110.35193">
        <ele>109.6</ele>
      </trkpt>
      <trkpt lat="-7.80038" lon="110.35195">
        <ele>109.6</ele>
      </trkpt>
      <trkpt lat="-7.80107" lon="110.35182">
        <ele>109.1</ele>
      </trkpt>
      <trkpt lat="-7.801045" lon="110.351159">
        <ele>109.2</ele>
      </trkpt>
      <trkpt lat="-7.80102" lon="110.3505">
        <ele>109.5</ele>
      </trkpt>
      <trkpt lat="-7.80099" lon="110.35044">
        <ele>109.5</ele>
      </trkpt>
      <trkpt lat="-7.800966" lon="110.349678">
        <ele>109.2</ele>
      </trkpt>
      <trkpt lat="-7.800943" lon="110.348916">
        <ele>108.8</ele>
      </trkpt>
      <trkpt lat="-7.80092" lon="110.348154">
        <ele>108.9</ele>
      </trkpt>
      <trkpt lat="-7.800896" lon="110.347393">
        <ele>108.3</ele>
      </trkpt>
      <trkpt lat="-7.800873" lon="110.346631">
        <ele>108.1</ele>
      </trkpt>
      <trkpt lat="-7.80085" lon="110.34587">
        <ele>108.1</ele>
      </trkpt>
      <trkpt lat="-7.80082" lon="110.345119">
        <ele>107.7</ele>
      </trkpt>
      <trkpt lat="-7.80079" lon="110.344369">
        <ele>107.3</ele>
      </trkpt>
      <trkpt lat="-7.80076" lon="110.34362">
        <ele>107.3</ele>
      </trkpt>
      <trkpt lat="-7.80073" lon="110.34316">
        <ele>107.5</ele>
      </trkpt>
      <trkpt lat="-7.80076" lon="110.34306">
        <ele>107.5</ele>
      </trkpt>
      <trkpt lat="-7.80073" lon="110.342359">
        <ele>107.9</ele>
      </trkpt>
      <trkpt lat="-7.8007" lon="110.341659">
        <ele>107.8</ele>
      </trkpt>
      <trkpt lat="-7.80067" lon="110.34096">
        <ele>107.7</ele>
      </trkpt>
      <trkpt lat="-7.80061" lon="110.340175">
        <ele>106.9</ele>
      </trkpt>
      <trkpt lat="-7.80055" lon="110.33939">
        <ele>106.0</ele>
      </trkpt>
      <trkpt lat="-7.800497" lon="110.338571">
        <ele>102.6</ele>
      </trkpt>
      <trkpt lat="-7.800444" lon="110.337752">
        <ele>101.1</ele>
      </trkpt>
      <trkpt lat="-7.800391" lon="110.336934">
        <ele>100.8</ele>
      </trkpt>
      <trkpt lat="-7.800338" lon="110.336115">
        <ele>101.8</ele>
      </trkpt>
      <trkpt lat="-7.800285" lon="110.335297">
        <ele>104.8</ele>
      </trkpt>
      <trkpt lat="-7.800232" lon="110.334478">
        <ele>105.1</ele>
      </trkpt>
      <trkpt lat="-7.80018" lon="110.33366">
        <ele>104.5</ele>
      </trkpt>
      <trkpt lat="-7.80011" lon="110.332764">
        <ele>103.4</ele>
      </trkpt>
      <trkpt lat="-7.80004" lon="110.33187">
        <ele>103.4</ele>
      </trkpt>
      <trkpt lat="-7.8" lon="110.331089">
        <ele>104.2</ele>
      </trkpt>
      <trkpt lat="-7.79996" lon="110.33031">
        <ele>104.9</ele>
      </trkpt>
      <trkpt lat="-7.79991" lon="110.3302">
        <ele>104.9</ele>
      </trkpt>
      <trkpt lat="-7.79988" lon="110.32964">
        <ele>104.0</ele>
      </trkpt>
      <trkpt lat="-7.7998" lon="110.32917">
        <ele>102.4</ele>
      </trkpt>
      <trkpt lat="-7.79963" lon="110.32878">
        <ele>101.5</ele>
      </trkpt>
      <trkpt lat="-7.79919" lon="110.3281">
        <ele>100.7</ele>
      </trkpt>
      <trkpt lat="-7.79862" lon="110.32749">
        <ele>100.2</ele>
      </trkpt>
      <trkpt lat="-7.79822" lon="110.32689">
        <ele>100.6</ele>
      </trkpt>
      <trkpt lat="-7.79809" lon="110.32672">
        <ele>101.5</ele>
      </trkpt>
      <trkpt lat="-7.79769" lon="110.32626">
        <ele>104.2</ele>
      </trkpt>
      <trkpt lat="-7.79728" lon="110.32588">
        <ele>107.0</ele>
      </trkpt>
      <trkpt lat="-7.79719" lon="110.32576">
        <ele>107.4</ele>
      </trkpt>
      <trkpt lat="-7.79715" lon="110.32534">
        <ele>108.2</ele>
      </trkpt>
      <trkpt lat="-7.79701" lon="110.32498">
        <ele>108.1</ele>
      </trkpt>
      <trkpt lat="-7.79694" lon="110.32494">
        <ele>107.7</ele>
      </trkpt>
      <trkpt lat="-7.79683" lon="110.32482">
        <ele>107.1</ele>
      </trkpt>
      <trkpt lat="-7.796565" lon="110.324449">
        <ele>106.7</ele>
      </trkpt>
      <trkpt lat="-7.7963" lon="110.32408">
        <ele>106.5</ele>
      </trkpt>
      <trkpt lat="-7.79621" lon="110.3239">
        <ele>106.7</ele>
      </trkpt>
      <trkpt lat="-7.79605" lon="110.32341">
        <ele>107.5</ele>
      </trkpt>
      <trkpt lat="-7.79588" lon="110.32276">
        <ele>108.2</ele>
      </trkpt>
      <trkpt lat="-7.79576" lon="110.32242">
        <ele>108.3</ele>
      </trkpt>
      <trkpt lat="-7.79572" lon="110.32234">
        <ele>108.4</ele>
      </trkpt>
      <trkpt lat="-7.79564" lon="110.3223">
        <ele>108.2</ele>
      </trkpt>
      <trkpt lat="-7.79582" lon="110.32222">
        <ele>107.9</ele>
      </trkpt>
      <trkpt lat="-7.79635" lon="110.32208">
        <ele>107.3</ele>
      </trkpt>
      <trkpt lat="-7.79637" lon="110.32204">
        <ele>107.3</ele>
      </trkpt>
      <trkpt lat="-7.79619" lon="110.321179">
        <ele>106.5</ele>
      </trkpt>
      <trkpt lat="-7.79601" lon="110.32032">
        <ele>105.4</ele>
      </trkpt>
      <trkpt lat="-7.7958" lon="110.319455">
        <ele>105.0</ele>
      </trkpt>
      <trkpt lat="-7.79559" lon="110.318591">
        <ele>104.5</ele>
      </trkpt>
      <trkpt lat="-7.79538" lon="110.317727">
        <ele>104.7</ele>
      </trkpt>
      <trkpt lat="-7.79517" lon="110.316863">
        <ele>105.3</ele>
      </trkpt>
      <trkpt lat="-7.79496" lon="110.316">
        <ele>105.8</ele>
      </trkpt>
      <trkpt lat="-7.79475" lon="110.31529">
        <ele>105.9</ele>
      </trkpt>
      <trkpt lat="-7.79462" lon="110.31479">
        <ele>105.9</ele>
      </trkpt>
      <trkpt lat="-7.79449" lon="110.31429">
        <ele>105.8</ele>
      </trkpt>
      <trkpt lat="-7.79428" lon="110.31367">
        <ele>105.9</ele>
      </trkpt>
      <trkpt lat="-7.79403" lon="110.312843">
        <ele>105.9</ele>
      </trkpt>
      <trkpt lat="-7.79378" lon="110.312016">
        <ele>105.7</ele>
      </trkpt>
      <trkpt lat="-7.79353" lon="110.31119">
        <ele>105.6</ele>
      </trkpt>
      <trkpt lat="-7.79351" lon="110.31103">
        <ele>106.4</ele>
      </trkpt>
      <trkpt lat="-7.79363" lon="110.31025">
        <ele>106.6</ele>
      </trkpt>
      <trkpt lat="-7.79363" lon="110.31002">
        <ele>106.9</ele>
      </trkpt>
      <trkpt lat="-7.793765" lon="110.309305">
        <ele>106.2</ele>
      </trkpt>
      <trkpt lat="-7.7939" lon="110.30859">
        <ele>106.0</ele>
      </trkpt>
      <trkpt lat="-7.79426" lon="110.30857">
        <ele>105.1</ele>
      </trkpt>
      <trkpt lat="-7.794799" lon="110.308505">
        <ele>104.6</ele>
      </trkpt>
      <trkpt lat="-7.79534" lon="110.30844">
        <ele>104.1</ele>
      </trkpt>
      <trkpt lat="-7.79527" lon="110.30807">
        <ele>104.0</ele>
      </trkpt>
      <trkpt lat="-7.79525" lon="110.30789">
        <ele>103.9</ele>
      </trkpt>
      <trkpt lat="-7.79528" lon="110.30785">
        <ele>103.9</ele>
      </trkpt>
      <trkpt lat="-7.7952" lon="110.30725">
        <ele>103.3</ele>
      </trkpt>
      <trkpt lat="-7.79513" lon="110.30699">
        <ele>103.3</ele>
      </trkpt>
      <trkpt lat="-7.79509" lon="110.30661">
        <ele>103.3</ele>
      </trkpt>
      <trkpt lat="-7.79546" lon="110.3066">
        <ele>103.0</ele>
      </trkpt>
      <trkpt lat="-7.79599" lon="110.30648">
        <ele>103.1</ele>
      </trkpt>
      <trkpt lat="-7.79593" lon="110.30592">
        <ele>102.6</ele>
      </trkpt>
      <trkpt lat="-7.795833" lon="110.305309">
        <ele>102.4</ele>
      </trkpt>
      <trkpt lat="-7.795736" lon="110.304699">
        <ele>102.0</ele>
      </trkpt>
      <trkpt lat="-7.79564" lon="110.30409">
        <ele>102.3</ele>
      </trkpt>
      <trkpt lat="-7.79643" lon="110.304008">
        <ele>101.0</ele>
      </trkpt>
      <trkpt lat="-7.79722" lon="110.303926">
        <ele>100.5</ele>
      </trkpt>
      <trkpt lat="-7.79801" lon="110.303844">
        <ele>99.9</ele>
      </trkpt>
      <trkpt lat="-7.7988" lon="110.303762">
        <ele>99.5</ele>
      </trkpt>
      <trkpt lat="-7.79959" lon="110.30368">
        <ele>99.2</ele>
      </trkpt>
      <trkpt lat="-7.799483" lon="110.302933">
        <ele>98.8</ele>
      </trkpt>
      <trkpt lat="-7.799376" lon="110.302186">
        <ele>98.3</ele>
      </trkpt>
      <trkpt lat="-7.79927" lon="110.30144">
        <ele>98.6</ele>
      </trkpt>
      <trkpt lat="-7.79966" lon="110.30139">
        <ele>98.4</ele>
      </trkpt>
      <trkpt lat="-7.79975" lon="110.30133">
        <ele>98.4</ele>
      </trkpt>
      <trkpt lat="-7.799653" lon="110.300643">
        <ele>98.3</ele>
      </trkpt>
      <trkpt lat="-7.799556" lon="110.299956">
        <ele>97.4</ele>
      </trkpt>
      <trkpt lat="-7.79946" lon="110.29927">
        <ele>96.6</ele>
      </trkpt>
      <trkpt lat="-7.79858" lon="110.2994">
        <ele>97.4</ele>
      </trkpt>
      <trkpt lat="-7.7977" lon="110.29953">
        <ele>97.9</ele>
      </trkpt>
      <trkpt lat="-7.79769" lon="110.29942">
        <ele>97.9</ele>
      </trkpt>
      <trkpt lat="-7.797582" lon="110.298719">
        <ele>97.4</ele>
      </trkpt>
      <trkpt lat="-7.797475" lon="110.298019">
        <ele>97.0</ele>
      </trkpt>
      <trkpt lat="-7.797367" lon="110.297319">
        <ele>97.4</ele>
      </trkpt>
      <trkpt lat="-7.79726" lon="110.29662">
        <ele>98.6</ele>
      </trkpt>
      <trkpt lat="-7.79724" lon="110.29658">
        <ele>98.9</ele>
      </trkpt>
      <trkpt lat="-7.79718" lon="110.29656">
        <ele>98.9</ele>
      </trkpt>
      <trkpt lat="-7.79726" lon="110.29618">
        <ele>99.0</ele>
      </trkpt>
      <trkpt lat="-7.79728" lon="110.29565">
        <ele>99.8</ele>
      </trkpt>
      <trkpt lat="-7.79715" lon="110.29549">
        <ele>100.3</ele>
      </trkpt>
      <trkpt lat="-7.797" lon="110.29486">
        <ele>101.9</ele>
      </trkpt>
      <trkpt lat="-7.79694" lon="110.2947">
        <ele>101.9</ele>
      </trkpt>
      <trkpt lat="-7.79694" lon="110.29452">
        <ele>102.0</ele>
      </trkpt>
      <trkpt lat="-7.79676" lon="110.29389">
        <ele>103.8</ele>
      </trkpt>
      <trkpt lat="-7.796685" lon="110.293335">
        <ele>99.9</ele>
      </trkpt>
      <trkpt lat="-7.79661" lon="110.29278">
        <ele>99.6</ele>
      </trkpt>
      <trkpt lat="-7.79661" lon="110.29262">
        <ele>99.8</ele>
      </trkpt>
      <trkpt lat="-7.79665" lon="110.29254">
        <ele>99.9</ele>
      </trkpt>
      <trkpt lat="-7.79704" lon="110.2925">
        <ele>99.9</ele>
      </trkpt>
      <trkpt lat="-7.79675" lon="110.29175">
        <ele>98.6</ele>
      </trkpt>
      <trkpt lat="-7.79675" lon="110.29168">
        <ele>98.6</ele>
      </trkpt>
      <trkpt lat="-7.79688" lon="110.29151">
        <ele>97.9</ele>
      </trkpt>
      <trkpt lat="-7.79665" lon="110.29091">
        <ele>96.7</ele>
      </trkpt>
      <trkpt lat="-7.79598" lon="110.29122">
        <ele>97.1</ele>
      </trkpt>
      <trkpt lat="-7.795766" lon="110.290619">
        <ele>96.9</ele>
      </trkpt>
      <trkpt lat="-7.795553" lon="110.290019">
        <ele>96.7</ele>
      </trkpt>
      <trkpt lat="-7.79534" lon="110.28942">
        <ele>95.8</ele>
      </trkpt>
      <trkpt lat="-7.79529" lon="110.28911">
        <ele>95.3</ele>
      </trkpt>
      <trkpt lat="-7.7953" lon="110.2885">
        <ele>94.9</ele>
      </trkpt>
      <trkpt lat="-7.79534" lon="110.28772">
        <ele>94.3</ele>
      </trkpt>
      <trkpt lat="-7.79548" lon="110.28744">
        <ele>94.3</ele>
      </trkpt>
      <trkpt lat="-7.7956" lon="110.28726">
        <ele>93.9</ele>
      </trkpt>
      <trkpt lat="-7.79615" lon="110.28699">
        <ele>93.7</ele>
      </trkpt>
      <trkpt lat="-7.7967" lon="110.28672">
        <ele>92.8</ele>
      </trkpt>
      <trkpt lat="-7.79684" lon="110.28663">
        <ele>92.3</ele>
      </trkpt>
      <trkpt lat="-7.79691" lon="110.28656">
        <ele>92.2</ele>
      </trkpt>
      <trkpt lat="-7.79694" lon="110.28643">
        <ele>92.0</ele>
      </trkpt>
      <trkpt lat="-7.79695" lon="110.285974">
        <ele>91.9</ele>
      </trkpt>
      <trkpt lat="-7.79696" lon="110.28552">
        <ele>92.5</ele>
      </trkpt>
      <trkpt lat="-7.79694" lon="110.28502">
        <ele>93.0</ele>
      </trkpt>
      <trkpt lat="-7.79705" lon="110.2846">
        <ele>93.4</ele>
      </trkpt>
      <trkpt lat="-7.79702" lon="110.28417">
        <ele>93.4</ele>
      </trkpt>
      <trkpt lat="-7.797625" lon="110.28381">
        <ele>92.7</ele>
      </trkpt>
      <trkpt lat="-7.79823" lon="110.28345">
        <ele>91.9</ele>
      </trkpt>
      <trkpt lat="-7.79899" lon="110.28297">
        <ele>90.9</ele>
      </trkpt>
      <trkpt lat="-7.79892" lon="110.28285">
        <ele>90.9</ele>
      </trkpt>
      <trkpt lat="-7.79862" lon="110.28213">
        <ele>90.6</ele>
      </trkpt>
      <trkpt lat="-7.79808" lon="110.28239">
        <ele>91.2</ele>
      </trkpt>
      <trkpt lat="-7.79804" lon="110.28239">
        <ele>91.2</ele>
      </trkpt>
      <trkpt lat="-7.797559" lon="110.282189">
        <ele>91.2</ele>
      </trkpt>
      <trkpt lat="-7.79708" lon="110.28199">
        <ele>90.9</ele>
      </trkpt>
      <trkpt lat="-7.79677" lon="110.28189">
        <ele>91.0</ele>
      </trkpt>
      <trkpt lat="-7.79673" lon="110.28185">
        <ele>91.1</ele>
      </trkpt>
      <trkpt lat="-7.796915" lon="110.281245">
        <ele>90.9</ele>
      </trkpt>
      <trkpt lat="-7.7971" lon="110.28064">
        <ele>90.7</ele>
      </trkpt>
      <trkpt lat="-7.7971" lon="110.28053">
        <ele>90.7</ele>
      </trkpt>
      <trkpt lat="-7.79685" lon="110.28003">
        <ele>89.9</ele>
      </trkpt>
      <trkpt lat="-7.79685" lon="110.28004">
        <ele>89.9</ele>
      </trkpt>
      <trkpt lat="-7.79657" lon="110.279496">
        <ele>89.6</ele>
      </trkpt>
      <trkpt lat="-7.79629" lon="110.278953">
        <ele>90.7</ele>
      </trkpt>
      <trkpt lat="-7.79601" lon="110.27841">
        <ele>91.7</ele>
      </trkpt>
      <trkpt lat="-7.79573" lon="110.27783">
        <ele>92.7</ele>
      </trkpt>
      <trkpt lat="-7.79605" lon="110.2777">
        <ele>92.1</ele>
      </trkpt>
      <trkpt lat="-7.79679" lon="110.27745">
        <ele>91.4</ele>
      </trkpt>
      <trkpt lat="-7.79685" lon="110.27741">
        <ele>91.4</ele>
      </trkpt>
      <trkpt lat="-7.79684" lon="110.27742">
        <ele>91.4</ele>
      </trkpt>
      <trkpt lat="-7.79701" lon="110.27732">
        <ele>91.6</ele>
      </trkpt>
      <trkpt lat="-7.79712" lon="110.27721">
        <ele>91.5</ele>
      </trkpt>
      <trkpt lat="-7.79714" lon="110.27716">
        <ele>91.5</ele>
      </trkpt>
      <trkpt lat="-7.7974" lon="110.27719">
        <ele>91.1</ele>
      </trkpt>
      <trkpt lat="-7.79758" lon="110.27715">
        <ele>91.0</ele>
      </trkpt>
      <trkpt lat="-7.79823" lon="110.27699">
        <ele>89.7</ele>
      </trkpt>
      <trkpt lat="-7.79832" lon="110.27689">
        <ele>89.6</ele>
      </trkpt>
      <trkpt lat="-7.79837" lon="110.2768">
        <ele>89.5</ele>
      </trkpt>
      <trkpt lat="-7.79853" lon="110.27633">
        <ele>89.7</ele>
      </trkpt>
      <trkpt lat="-7.798665" lon="110.27589">
        <ele>90.7</ele>
      </trkpt>
      <trkpt lat="-7.7988" lon="110.27545">
        <ele>91.8</ele>
      </trkpt>
      <trkpt lat="-7.79878" lon="110.27545">
        <ele>91.8</ele>
      </trkpt>
      <trkpt lat="-7.79915" lon="110.27529">
        <ele>91.5</ele>
      </trkpt>
      <trkpt lat="-7.799316" lon="110.274696">
        <ele>91.1</ele>
      </trkpt>
      <trkpt lat="-7.799483" lon="110.274103">
        <ele>90.5</ele>
      </trkpt>
      <trkpt lat="-7.79965" lon="110.27351">
        <ele>90.0</ele>
      </trkpt>
      <trkpt lat="-7.7998" lon="110.27303">
        <ele>90.0</ele>
      </trkpt>
      <trkpt lat="-7.79985" lon="110.27298">
        <ele>89.9</ele>
      </trkpt>
      <trkpt lat="-7.79987" lon="110.27296">
        <ele>89.9</ele>
      </trkpt>
      <trkpt lat="-7.79989" lon="110.27294">
        <ele>89.9</ele>
      </trkpt>
      <trkpt lat="-7.79996" lon="110.27291">
        <ele>89.8</ele>
      </trkpt>
      <trkpt lat="-7.8004" lon="110.27285">
        <ele>89.3</ele>
      </trkpt>
      <trkpt lat="-7.80058" lon="110.27285">
        <ele>89.1</ele>
      </trkpt>
      <trkpt lat="-7.8012" lon="110.27278">
        <ele>88.2</ele>
      </trkpt>
      <trkpt lat="-7.80132" lon="110.27278">
        <ele>88.2</ele>
      </trkpt>
      <trkpt lat="-7.80179" lon="110.27287">
        <ele>87.9</ele>
      </trkpt>
      <trkpt lat="-7.80186" lon="110.27291">
        <ele>87.9</ele>
      </trkpt>
      <trkpt lat="-7.80198" lon="110.27307">
        <ele>87.6</ele>
      </trkpt>
      <trkpt lat="-7.80203" lon="110.27311">
        <ele>87.6</ele>
      </trkpt>
      <trkpt lat="-7.80268" lon="110.27313">
        <ele>86.7</ele>
      </trkpt>
      <trkpt lat="-7.802515" lon="110.272649">
        <ele>86.0</ele>
      </trkpt>
      <trkpt lat="-7.80235" lon="110.27217">
        <ele>85.7</ele>
      </trkpt>
      <trkpt lat="-7.80235" lon="110.27213">
        <ele>85.7</ele>
      </trkpt>
      <trkpt lat="-7.80238" lon="110.2721">
        <ele>85.7</ele>
      </trkpt>
      <trkpt lat="-7.80292" lon="110.27189">
        <ele>85.4</ele>
      </trkpt>
      <trkpt lat="-7.80293" lon="110.27189">
        <ele>85.4</ele>
      </trkpt>
      <trkpt lat="-7.80354" lon="110.27167">
        <ele>85.2</ele>
      </trkpt>
      <trkpt lat="-7.80415" lon="110.27145">
        <ele>84.9</ele>
      </trkpt>
      <trkpt lat="-7.8042" lon="110.27139">
        <ele>84.9</ele>
      </trkpt>
      <trkpt lat="-7.804005" lon="110.270824">
        <ele>84.1</ele>
      </trkpt>
      <trkpt lat="-7.80381" lon="110.27026">
        <ele>82.4</ele>
      </trkpt>
      <trkpt lat="-7.803905" lon="110.26971">
        <ele>83.6</ele>
      </trkpt>
      <trkpt lat="-7.804" lon="110.26916">
        <ele>84.9</ele>
      </trkpt>
      <trkpt lat="-7.80407" lon="110.26862">
        <ele>85.4</ele>
      </trkpt>
      <trkpt lat="-7.804045" lon="110.267718">
        <ele>84.9</ele>
      </trkpt>
      <trkpt lat="-7.80402" lon="110.266816">
        <ele>84.6</ele>
      </trkpt>
      <trkpt lat="-7.803995" lon="110.265914">
        <ele>84.6</ele>
      </trkpt>
      <trkpt lat="-7.80397" lon="110.265013">
        <ele>83.3</ele>
      </trkpt>
      <trkpt lat="-7.803945" lon="110.264111">
        <ele>81.8</ele>
      </trkpt>
      <trkpt lat="-7.80392" lon="110.26321">
        <ele>81.7</ele>
      </trkpt>
      <trkpt lat="-7.80393" lon="110.26297">
        <ele>81.6</ele>
      </trkpt>
      <trkpt lat="-7.8039" lon="110.26282">
        <ele>81.3</ele>
      </trkpt>
      <trkpt lat="-7.80372" lon="110.26248">
        <ele>80.3</ele>
      </trkpt>
      <trkpt lat="-7.80364" lon="110.26227">
        <ele>80.0</ele>
      </trkpt>
      <trkpt lat="-7.80348" lon="110.2615">
        <ele>80.4</ele>
      </trkpt>
      <trkpt lat="-7.803535" lon="110.260635">
        <ele>81.7</ele>
      </trkpt>
      <trkpt lat="-7.80359" lon="110.25977">
        <ele>82.1</ele>
      </trkpt>
      <trkpt lat="-7.80363" lon="110.2592">
        <ele>82.0</ele>
      </trkpt>
      <trkpt lat="-7.80367" lon="110.25863">
        <ele>81.6</ele>
      </trkpt>
      <trkpt lat="-7.80371" lon="110.25846">
        <ele>81.7</ele>
      </trkpt>
      <trkpt lat="-7.80378" lon="110.25835">
        <ele>82.0</ele>
      </trkpt>
      <trkpt lat="-7.80379" lon="110.25835">
        <ele>82.0</ele>
      </trkpt>
      <trkpt lat="-7.80385" lon="110.25828">
        <ele>82.2</ele>
      </trkpt>
      <trkpt lat="-7.804637" lon="110.257955">
        <ele>80.7</ele>
      </trkpt>
      <trkpt lat="-7.805425" lon="110.25763">
        <ele>79.7</ele>
      </trkpt>
      <trkpt lat="-7.806212" lon="110.257305">
        <ele>78.9</ele>
      </trkpt>
      <trkpt lat="-7.807" lon="110.25698">
        <ele>78.1</ele>
      </trkpt>
      <trkpt lat="-7.80733" lon="110.25692">
        <ele>77.9</ele>
      </trkpt>
      <trkpt lat="-7.807983" lon="110.257029">
        <ele>77.6</ele>
      </trkpt>
      <trkpt lat="-7.808636" lon="110.257139">
        <ele>77.6</ele>
      </trkpt>
      <trkpt lat="-7.80929" lon="110.25725">
        <ele>77.6</ele>
      </trkpt>
      <trkpt lat="-7.80942" lon="110.25726">
        <ele>77.6</ele>
      </trkpt>
      <trkpt lat="-7.809919" lon="110.257215">
        <ele>77.2</ele>
      </trkpt>
      <trkpt lat="-7.81042" lon="110.25717">
        <ele>76.6</ele>
      </trkpt>
      <trkpt lat="-7.81125" lon="110.25707">
        <ele>75.7</ele>
      </trkpt>
      <trkpt lat="-7.81172" lon="110.25705">
        <ele>75.6</ele>
      </trkpt>
      <trkpt lat="-7.812376" lon="110.257003">
        <ele>75.4</ele>
      </trkpt>
      <trkpt lat="-7.813033" lon="110.256956">
        <ele>75.2</ele>
      </trkpt>
      <trkpt lat="-7.81369" lon="110.25691">
        <ele>74.9</ele>
      </trkpt>
      <trkpt lat="-7.81426" lon="110.25683">
        <ele>73.2</ele>
      </trkpt>
      <trkpt lat="-7.81424" lon="110.25692">
        <ele>73.3</ele>
      </trkpt>
      <trkpt lat="-7.81426" lon="110.25683">
        <ele>73.2</ele>
      </trkpt>
      <trkpt lat="-7.81441" lon="110.25597">
        <ele>72.7</ele>
      </trkpt>
      <trkpt lat="-7.81456" lon="110.25511">
        <ele>71.9</ele>
      </trkpt>
      <trkpt lat="-7.81471" lon="110.25425">
        <ele>70.5</ele>
      </trkpt>
      <trkpt lat="-7.81479" lon="110.25399">
        <ele>69.5</ele>
      </trkpt>
      <trkpt lat="-7.815" lon="110.25351">
        <ele>68.5</ele>
      </trkpt>
      <trkpt lat="-7.81508" lon="110.25307">
        <ele>66.7</ele>
      </trkpt>
      <trkpt lat="-7.8151" lon="110.25278">
        <ele>66.6</ele>
      </trkpt>
      <trkpt lat="-7.81517" lon="110.25241">
        <ele>66.4</ele>
      </trkpt>
      <trkpt lat="-7.81543" lon="110.251796">
        <ele>66.3</ele>
      </trkpt>
      <trkpt lat="-7.81569" lon="110.251183">
        <ele>67.2</ele>
      </trkpt>
      <trkpt lat="-7.81595" lon="110.25057">
        <ele>67.4</ele>
      </trkpt>
      <trkpt lat="-7.81617" lon="110.250025">
        <ele>67.7</ele>
      </trkpt>
      <trkpt lat="-7.81639" lon="110.24948">
        <ele>68.4</ele>
      </trkpt>
      <trkpt lat="-7.816697" lon="110.248777">
        <ele>70.1</ele>
      </trkpt>
      <trkpt lat="-7.817005" lon="110.248075">
        <ele>70.9</ele>
      </trkpt>
      <trkpt lat="-7.817312" lon="110.247372">
        <ele>70.6</ele>
      </trkpt>
      <trkpt lat="-7.81762" lon="110.24667">
        <ele>69.7</ele>
      </trkpt>
      <trkpt lat="-7.81794" lon="110.245907">
        <ele>68.5</ele>
      </trkpt>
      <trkpt lat="-7.81826" lon="110.245145">
        <ele>70.2</ele>
      </trkpt>
      <trkpt lat="-7.81858" lon="110.244382">
        <ele>72.0</ele>
      </trkpt>
      <trkpt lat="-7.8189" lon="110.24362">
        <ele>72.7</ele>
      </trkpt>
      <trkpt lat="-7.81943" lon="110.24348">
        <ele>73.7</ele>
      </trkpt>
      <trkpt lat="-7.81969" lon="110.24343">
        <ele>73.7</ele>
      </trkpt>
      <trkpt lat="-7.81995" lon="110.24342">
        <ele>74.1</ele>
      </trkpt>
      <trkpt lat="-7.820705" lon="110.243689">
        <ele>73.7</ele>
      </trkpt>
      <trkpt lat="-7.82146" lon="110.24396">
        <ele>74.1</ele>
      </trkpt>
      <trkpt lat="-7.82173" lon="110.24403">
        <ele>74.2</ele>
      </trkpt>
      <trkpt lat="-7.82234" lon="110.24406">
        <ele>73.8</ele>
      </trkpt>
      <trkpt lat="-7.822834" lon="110.244064">
        <ele>73.5</ele>
      </trkpt>
      <trkpt lat="-7.82333" lon="110.24407">
        <ele>73.4</ele>
      </trkpt>
      <trkpt lat="-7.82402" lon="110.24388">
        <ele>73.4</ele>
      </trkpt>
      <trkpt lat="-7.8245" lon="110.24373">
        <ele>73.7</ele>
      </trkpt>
      <trkpt lat="-7.825265" lon="110.24352">
        <ele>73.9</ele>
      </trkpt>
      <trkpt lat="-7.82603" lon="110.24331">
        <ele>73.8</ele>
      </trkpt>
      <trkpt lat="-7.82654" lon="110.24309">
        <ele>73.7</ele>
      </trkpt>
      <trkpt lat="-7.82704" lon="110.242845">
        <ele>73.9</ele>
      </trkpt>
      <trkpt lat="-7.82754" lon="110.2426">
        <ele>73.9</ele>
      </trkpt>
      <trkpt lat="-7.82835" lon="110.24237">
        <ele>73.1</ele>
      </trkpt>
      <trkpt lat="-7.82889" lon="110.24218">
        <ele>73.5</ele>
      </trkpt>
      <trkpt lat="-7.82942" lon="110.2419">
        <ele>74.1</ele>
      </trkpt>
      <trkpt lat="-7.83015" lon="110.24143">
        <ele>73.9</ele>
      </trkpt>
      <trkpt lat="-7.83057" lon="110.24138">
        <ele>73.6</ele>
      </trkpt>
      <trkpt lat="-7.83111" lon="110.24148">
        <ele>72.8</ele>
      </trkpt>
      <trkpt lat="-7.83173" lon="110.24163">
        <ele>70.7</ele>
      </trkpt>
      <trkpt lat="-7.83201" lon="110.24166">
        <ele>69.9</ele>
      </trkpt>
      <trkpt lat="-7.83279" lon="110.24142">
        <ele>68.2</ele>
      </trkpt>
      <trkpt lat="-7.83342" lon="110.24125">
        <ele>67.9</ele>
      </trkpt>
      <trkpt lat="-7.83362" lon="110.24122">
        <ele>67.9</ele>
      </trkpt>
      <trkpt lat="-7.83391" lon="110.24113">
        <ele>67.7</ele>
      </trkpt>
      <trkpt lat="-7.8345" lon="110.24088">
        <ele>66.3</ele>
      </trkpt>
      <trkpt lat="-7.834945" lon="110.24071">
        <ele>65.4</ele>
      </trkpt>
      <trkpt lat="-7.83539" lon="110.24054">
        <ele>64.5</ele>
      </trkpt>
      <trkpt lat="-7.83549" lon="110.24046">
        <ele>64.5</ele>
      </trkpt>
      <trkpt lat="-7.83583" lon="110.2401">
        <ele>63.8</ele>
      </trkpt>
      <trkpt lat="-7.83597" lon="110.23989">
        <ele>63.5</ele>
      </trkpt>
      <trkpt lat="-7.8363" lon="110.2395">
        <ele>62.4</ele>
      </trkpt>
      <trkpt lat="-7.83684" lon="110.238966">
        <ele>61.2</ele>
      </trkpt>
      <trkpt lat="-7.83738" lon="110.238433">
        <ele>60.3</ele>
      </trkpt>
      <trkpt lat="-7.83792" lon="110.2379">
        <ele>60.5</ele>
      </trkpt>
      <trkpt lat="-7.83822" lon="110.23764">
        <ele>60.3</ele>
      </trkpt>
      <trkpt lat="-7.83891" lon="110.23772">
        <ele>59.6</ele>
      </trkpt>
      <trkpt lat="-7.839697" lon="110.237841">
        <ele>59.0</ele>
      </trkpt>
      <trkpt lat="-7.840484" lon="110.237962">
        <ele>58.0</ele>
      </trkpt>
      <trkpt lat="-7.841271" lon="110.238084">
        <ele>57.7</ele>
      </trkpt>
      <trkpt lat="-7.842058" lon="110.238205">
        <ele>57.6</ele>
      </trkpt>
      <trkpt lat="-7.842845" lon="110.238327">
        <ele>57.9</ele>
      </trkpt>
      <trkpt lat="-7.843632" lon="110.238448">
        <ele>57.7</ele>
      </trkpt>
      <trkpt lat="-7.84442" lon="110.23857">
        <ele>57.3</ele>
      </trkpt>
      <trkpt lat="-7.84475" lon="110.23862">
        <ele>57.3</ele>
      </trkpt>
      <trkpt lat="-7.8453" lon="110.23851">
        <ele>56.9</ele>
      </trkpt>
      <trkpt lat="-7.84587" lon="110.23836">
        <ele>56.4</ele>
      </trkpt>
      <trkpt lat="-7.846469" lon="110.238245">
        <ele>55.7</ele>
      </trkpt>
      <trkpt lat="-7.84707" lon="110.23813">
        <ele>55.2</ele>
      </trkpt>
      <trkpt lat="-7.84738" lon="110.23831">
        <ele>54.5</ele>
      </trkpt>
      <trkpt lat="-7.84754" lon="110.23846">
        <ele>54.4</ele>
      </trkpt>
      <trkpt lat="-7.84778" lon="110.2388">
        <ele>54.1</ele>
      </trkpt>
      <trkpt lat="-7.84803" lon="110.23935">
        <ele>54.2</ele>
      </trkpt>
      <trkpt lat="-7.84832" lon="110.23994">
        <ele>53.2</ele>
      </trkpt>
      <trkpt lat="-7.84895" lon="110.24035">
        <ele>50.0</ele>
      </trkpt>
      <trkpt lat="-7.84909" lon="110.24039">
        <ele>50.0</ele>
      </trkpt>
      <trkpt lat="-7.84929" lon="110.24037">
        <ele>50.2</ele>
      </trkpt>
      <trkpt lat="-7.84951" lon="110.24033">
        <ele>50.8</ele>
      </trkpt>
      <trkpt lat="-7.8496" lon="110.24034">
        <ele>50.8</ele>
      </trkpt>
      <trkpt lat="-7.84989" lon="110.24045">
        <ele>51.9</ele>
      </trkpt>
      <trkpt lat="-7.84998" lon="110.24052">
        <ele>52.1</ele>
      </trkpt>
      <trkpt lat="-7.85007" lon="110.24065">
        <ele>52.4</ele>
      </trkpt>
      <trkpt lat="-7.850405" lon="110.241299">
        <ele>52.8</ele>
      </trkpt>
      <trkpt lat="-7.85074" lon="110.24195">
        <ele>52.3</ele>
      </trkpt>
      <trkpt lat="-7.851065" lon="110.242449">
        <ele>52.1</ele>
      </trkpt>
      <trkpt lat="-7.85139" lon="110.24295">
        <ele>52.0</ele>
      </trkpt>
      <trkpt lat="-7.851625" lon="110.243624">
        <ele>52.2</ele>
      </trkpt>
      <trkpt lat="-7.85186" lon="110.2443">
        <ele>51.8</ele>
      </trkpt>
      <trkpt lat="-7.85188" lon="110.24444">
        <ele>51.7</ele>
      </trkpt>
      <trkpt lat="-7.85235" lon="110.24433">
        <ele>51.0</ele>
      </trkpt>
      <trkpt lat="-7.85242" lon="110.24435">
        <ele>50.8</ele>
      </trkpt>
      <trkpt lat="-7.85248" lon="110.24458">
        <ele>50.6</ele>
      </trkpt>
      <trkpt lat="-7.852685" lon="110.245269">
        <ele>49.7</ele>
      </trkpt>
      <trkpt lat="-7.85289" lon="110.24596">
        <ele>50.0</ele>
      </trkpt>
      <trkpt lat="-7.85294" lon="110.246666">
        <ele>51.5</ele>
      </trkpt>
      <trkpt lat="-7.85299" lon="110.247373">
        <ele>52.0</ele>
      </trkpt>
      <trkpt lat="-7.85304" lon="110.24808">
        <ele>52.6</ele>
      </trkpt>
      <trkpt lat="-7.85304" lon="110.24856">
        <ele>52.6</ele>
      </trkpt>
      <trkpt lat="-7.85304" lon="110.24904">
        <ele>52.4</ele>
      </trkpt>
      <trkpt lat="-7.85301" lon="110.24942">
        <ele>52.3</ele>
      </trkpt>
      <trkpt lat="-7.85295" lon="110.24985">
        <ele>52.7</ele>
      </trkpt>
      <trkpt lat="-7.85295" lon="110.24984">
        <ele>52.7</ele>
      </trkpt>
      <trkpt lat="-7.85289" lon="110.25013">
        <ele>53.5</ele>
      </trkpt>
      <trkpt lat="-7.85298" lon="110.25023">
        <ele>53.5</ele>
      </trkpt>
      <trkpt lat="-7.85303" lon="110.2503">
        <ele>53.4</ele>
      </trkpt>
      <trkpt lat="-7.8531" lon="110.25067">
        <ele>53.2</ele>
      </trkpt>
      <trkpt lat="-7.85315" lon="110.25082">
        <ele>53.2</ele>
      </trkpt>
      <trkpt lat="-7.8532" lon="110.25092">
        <ele>53.2</ele>
      </trkpt>
      <trkpt lat="-7.85331" lon="110.25095">
        <ele>52.9</ele>
      </trkpt>
      <trkpt lat="-7.85378" lon="110.251">
        <ele>52.8</ele>
      </trkpt>
      <trkpt lat="-7.8539" lon="110.25105">
        <ele>52.6</ele>
      </trkpt>
      <trkpt lat="-7.85425" lon="110.251414">
        <ele>52.1</ele>
      </trkpt>
      <trkpt lat="-7.8546" lon="110.25178">
        <ele>51.3</ele>
      </trkpt>
      <trkpt lat="-7.85503" lon="110.252253">
        <ele>51.0</ele>
      </trkpt>
      <trkpt lat="-7.85546" lon="110.252726">
        <ele>50.6</ele>
      </trkpt>
      <trkpt lat="-7.85589" lon="110.2532">
        <ele>50.4</ele>
      </trkpt>
      <trkpt lat="-7.85634" lon="110.25369">
        <ele>49.9</ele>
      </trkpt>
      <trkpt lat="-7.85685" lon="110.25436">
        <ele>49.4</ele>
      </trkpt>
      <trkpt lat="-7.857" lon="110.2546">
        <ele>49.4</ele>
      </trkpt>
      <trkpt lat="-7.85723" lon="110.25516">
        <ele>49.0</ele>
      </trkpt>
      <trkpt lat="-7.85732" lon="110.25536">
        <ele>49.0</ele>
      </trkpt>
      <trkpt lat="-7.85753" lon="110.25617">
        <ele>48.4</ele>
      </trkpt>
      <trkpt lat="-7.85761" lon="110.25633">
        <ele>48.1</ele>
      </trkpt>
      <trkpt lat="-7.85769" lon="110.25648">
        <ele>48.0</ele>
      </trkpt>
      <trkpt lat="-7.85789" lon="110.2567">
        <ele>47.5</ele>
      </trkpt>
      <trkpt lat="-7.85836" lon="110.25737">
        <ele>47.1</ele>
      </trkpt>
      <trkpt lat="-7.85845" lon="110.25749">
        <ele>47.1</ele>
      </trkpt>
      <trkpt lat="-7.85857" lon="110.25756">
        <ele>47.1</ele>
      </trkpt>
      <trkpt lat="-7.85927" lon="110.25781">
        <ele>47.0</ele>
      </trkpt>
      <trkpt lat="-7.85942" lon="110.25788">
        <ele>47.5</ele>
      </trkpt>
      <trkpt lat="-7.85948" lon="110.25795">
        <ele>47.7</ele>
      </trkpt>
      <trkpt lat="-7.85951" lon="110.25805">
        <ele>48.1</ele>
      </trkpt>
      <trkpt lat="-7.85949" lon="110.25885">
        <ele>52.0</ele>
      </trkpt>
      <trkpt lat="-7.86019" lon="110.258919">
        <ele>48.8</ele>
      </trkpt>
      <trkpt lat="-7.86089" lon="110.25899">
        <ele>48.1</ele>
      </trkpt>
      <trkpt lat="-7.86176" lon="110.25906">
        <ele>47.7</ele>
      </trkpt>
      <trkpt lat="-7.86206" lon="110.25906">
        <ele>47.2</ele>
      </trkpt>
      <trkpt lat="-7.8627" lon="110.25911">
        <ele>46.6</ele>
      </trkpt>
      <trkpt lat="-7.86325" lon="110.259169">
        <ele>46.6</ele>
      </trkpt>
      <trkpt lat="-7.8638" lon="110.25923">
        <ele>46.6</ele>
      </trkpt>
      <trkpt lat="-7.864416" lon="110.259273">
        <ele>46.4</ele>
      </trkpt>
      <trkpt lat="-7.865033" lon="110.259316">
        <ele>46.3</ele>
      </trkpt>
      <trkpt lat="-7.86565" lon="110.25936">
        <ele>45.9</ele>
      </trkpt>
      <trkpt lat="-7.86577" lon="110.25938">
        <ele>46.0</ele>
      </trkpt>
      <trkpt lat="-7.86593" lon="110.25944">
        <ele>45.9</ele>
      </trkpt>
      <trkpt lat="-7.86614" lon="110.25959">
        <ele>45.7</ele>
      </trkpt>
      <trkpt lat="-7.866712" lon="110.260119">
        <ele>45.1</ele>
      </trkpt>
      <trkpt lat="-7.867285" lon="110.260649">
        <ele>44.8</ele>
      </trkpt>
      <trkpt lat="-7.867857" lon="110.261179">
        <ele>44.5</ele>
      </trkpt>
      <trkpt lat="-7.86843" lon="110.26171">
        <ele>44.1</ele>
      </trkpt>
      <trkpt lat="-7.868825" lon="110.262044">
        <ele>43.9</ele>
      </trkpt>
      <trkpt lat="-7.86922" lon="110.26238">
        <ele>43.7</ele>
      </trkpt>
      <trkpt lat="-7.86934" lon="110.26253">
        <ele>43.6</ele>
      </trkpt>
      <trkpt lat="-7.86948" lon="110.26279">
        <ele>43.6</ele>
      </trkpt>
      <trkpt lat="-7.8695" lon="110.2631">
        <ele>43.4</ele>
      </trkpt>
      <trkpt lat="-7.86956" lon="110.263659">
        <ele>43.4</ele>
      </trkpt>
      <trkpt lat="-7.86962" lon="110.26422">
        <ele>42.3</ele>
      </trkpt>
      <trkpt lat="-7.869785" lon="110.264754">
        <ele>41.8</ele>
      </trkpt>
      <trkpt lat="-7.86995" lon="110.26529">
        <ele>43.3</ele>
      </trkpt>
      <trkpt lat="-7.86995" lon="110.26536">
        <ele>43.7</ele>
      </trkpt>
      <trkpt lat="-7.87" lon="110.26543">
        <ele>44.1</ele>
      </trkpt>
      <trkpt lat="-7.87011" lon="110.26547">
        <ele>44.3</ele>
      </trkpt>
      <trkpt lat="-7.87087" lon="110.26538">
        <ele>44.3</ele>
      </trkpt>
      <trkpt lat="-7.87166" lon="110.26525">
        <ele>45.6</ele>
      </trkpt>
      <trkpt lat="-7.8722" lon="110.2652">
        <ele>46.5</ele>
      </trkpt>
      <trkpt lat="-7.873" lon="110.26526">
        <ele>46.3</ele>
      </trkpt>
      <trkpt lat="-7.87354" lon="110.26534">
        <ele>45.4</ele>
      </trkpt>
      <trkpt lat="-7.87386" lon="110.26541">
        <ele>45.3</ele>
      </trkpt>
      <trkpt lat="-7.874285" lon="110.265614">
        <ele>45.3</ele>
      </trkpt>
      <trkpt lat="-7.87471" lon="110.26582">
        <ele>45.5</ele>
      </trkpt>
      <trkpt lat="-7.87532" lon="110.26616">
        <ele>45.8</ele>
      </trkpt>
      <trkpt lat="-7.875835" lon="110.266399">
        <ele>45.8</ele>
      </trkpt>
      <trkpt lat="-7.87635" lon="110.26664">
        <ele>45.6</ele>
      </trkpt>
      <trkpt lat="-7.87694" lon="110.26693">
        <ele>44.9</ele>
      </trkpt>
      <trkpt lat="-7.87734" lon="110.26708">
        <ele>44.1</ele>
      </trkpt>
      <trkpt lat="-7.87748" lon="110.26721">
        <ele>43.4</ele>
      </trkpt>
      <trkpt lat="-7.87752" lon="110.26734">
        <ele>43.0</ele>
      </trkpt>
      <trkpt lat="-7.87752" lon="110.26745">
        <ele>42.4</ele>
      </trkpt>
      <trkpt lat="-7.87768" lon="110.26745">
        <ele>42.3</ele>
      </trkpt>
      <trkpt lat="-7.87788" lon="110.26746">
        <ele>42.6</ele>
      </trkpt>
      <trkpt lat="-7.87807" lon="110.26744">
        <ele>43.5</ele>
      </trkpt>
      <trkpt lat="-7.87835" lon="110.2667">
        <ele>39.5</ele>
      </trkpt>
      <trkpt lat="-7.87841" lon="110.2666">
        <ele>39.4</ele>
      </trkpt>
      <trkpt lat="-7.87847" lon="110.26665">
        <ele>39.4</ele>
      </trkpt>
      <trkpt lat="-7.878925" lon="110.26601">
        <ele>38.5</ele>
      </trkpt>
      <trkpt lat="-7.87938" lon="110.26537">
        <ele>38.5</ele>
      </trkpt>
      <trkpt lat="-7.87942" lon="110.26533">
        <ele>38.5</ele>
      </trkpt>
      <trkpt lat="-7.87942" lon="110.2653">
        <ele>38.5</ele>
      </trkpt>
      <trkpt lat="-7.87926" lon="110.26517">
        <ele>38.3</ele>
      </trkpt>
      <trkpt lat="-7.87924" lon="110.26509">
        <ele>38.1</ele>
      </trkpt>
      <trkpt lat="-7.87926" lon="110.26502">
        <ele>38.1</ele>
      </trkpt>
      <trkpt lat="-7.87931" lon="110.26493">
        <ele>37.9</ele>
      </trkpt>
      <trkpt lat="-7.87982" lon="110.26479">
        <ele>37.6</ele>
      </trkpt>
      <trkpt lat="-7.87989" lon="110.26474">
        <ele>37.6</ele>
      </trkpt>
      <trkpt lat="-7.88017" lon="110.26435">
        <ele>37.6</ele>
      </trkpt>
      <trkpt lat="-7.88043" lon="110.26386">
        <ele>42.0</ele>
      </trkpt>
      <trkpt lat="-7.88046" lon="110.26351">
        <ele>43.5</ele>
      </trkpt>
      <trkpt lat="-7.88048" lon="110.26341">
        <ele>43.5</ele>
      </trkpt>
      <trkpt lat="-7.88051" lon="110.26336">
        <ele>43.5</ele>
      </trkpt>
      <trkpt lat="-7.8805" lon="110.26322">
        <ele>43.8</ele>
      </trkpt>
      <trkpt lat="-7.88029" lon="110.26297">
        <ele>45.6</ele>
      </trkpt>
      <trkpt lat="-7.88027" lon="110.26289">
        <ele>45.6</ele>
      </trkpt>
      <trkpt lat="-7.8802" lon="110.262329">
        <ele>50.4</ele>
      </trkpt>
      <trkpt lat="-7.88013" lon="110.26177">
        <ele>56.0</ele>
      </trkpt>
      <trkpt lat="-7.87988" lon="110.26126">
        <ele>56.8</ele>
      </trkpt>
      <trkpt lat="-7.87949" lon="110.26069">
        <ele>56.0</ele>
      </trkpt>
      <trkpt lat="-7.87914" lon="110.260099">
        <ele>60.9</ele>
      </trkpt>
      <trkpt lat="-7.87879" lon="110.25951">
        <ele>59.7</ele>
      </trkpt>
      <trkpt lat="-7.87874" lon="110.25947">
        <ele>59.0</ele>
      </trkpt>
      <trkpt lat="-7.87865" lon="110.25942">
        <ele>58.1</ele>
      </trkpt>
      <trkpt lat="-7.87834" lon="110.25945">
        <ele>52.7</ele>
      </trkpt>
      <trkpt lat="-7.87825" lon="110.25943">
        <ele>51.5</ele>
      </trkpt>
      <trkpt lat="-7.87817" lon="110.25939">
        <ele>50.5</ele>
      </trkpt>
      <trkpt lat="-7.87809" lon="110.25931">
        <ele>49.8</ele>
      </trkpt>
      <trkpt lat="-7.87783" lon="110.25893">
        <ele>47.7</ele>
      </trkpt>
      <trkpt lat="-7.87759" lon="110.25863">
        <ele>46.4</ele>
      </trkpt>
      <trkpt lat="-7.87743" lon="110.25852">
        <ele>45.2</ele>
      </trkpt>
      <trkpt lat="-7.87719" lon="110.25851">
        <ele>44.3</ele>
      </trkpt>
      <trkpt lat="-7.8771" lon="110.25846">
        <ele>44.3</ele>
      </trkpt>
      <trkpt lat="-7.87703" lon="110.25838">
        <ele>43.0</ele>
      </trkpt>
      <trkpt lat="-7.87687" lon="110.25807">
        <ele>42.7</ele>
      </trkpt>
      <trkpt lat="-7.87673" lon="110.25804">
        <ele>41.9</ele>
      </trkpt>
      <trkpt lat="-7.87654" lon="110.25804">
        <ele>41.6</ele>
      </trkpt>
      <trkpt lat="-7.87647" lon="110.25806">
        <ele>41.5</ele>
      </trkpt>
      <trkpt lat="-7.87597" lon="110.25829">
        <ele>43.9</ele>
      </trkpt>
      <trkpt lat="-7.87583" lon="110.25831">
        <ele>44.4</ele>
      </trkpt>
      <trkpt lat="-7.87579" lon="110.25829">
        <ele>44.6</ele>
      </trkpt>
      <trkpt lat="-7.87572" lon="110.25804">
        <ele>44.7</ele>
      </trkpt>
      <trkpt lat="-7.87567" lon="110.25801">
        <ele>44.6</ele>
      </trkpt>
      <trkpt lat="-7.87534" lon="110.25798">
        <ele>44.4</ele>
      </trkpt>
      <trkpt lat="-7.8752" lon="110.25792">
        <ele>44.1</ele>
      </trkpt>
      <trkpt lat="-7.87508" lon="110.25761">
        <ele>43.0</ele>
      </trkpt>
      <trkpt lat="-7.87492" lon="110.25714">
        <ele>42.3</ele>
      </trkpt>
      <trkpt lat="-7.87485" lon="110.25704">
        <ele>42.6</ele>
      </trkpt>
      <trkpt lat="-7.87478" lon="110.25702">
        <ele>43.2</ele>
      </trkpt>
      <trkpt lat="-7.8747" lon="110.25701">
        <ele>43.2</ele>
      </trkpt>
      <trkpt lat="-7.87431" lon="110.25704">
        <ele>44.0</ele>
      </trkpt>
      <trkpt lat="-7.87386" lon="110.25704">
        <ele>44.5</ele>
      </trkpt>
      <trkpt lat="-7.87372" lon="110.25696">
        <ele>44.7</ele>
      </trkpt>
      <trkpt lat="-7.87346" lon="110.25667">
        <ele>45.2</ele>
      </trkpt>
      <trkpt lat="-7.87342" lon="110.25664">
        <ele>45.2</ele>
      </trkpt>
      <trkpt lat="-7.8732" lon="110.2566">
        <ele>45.4</ele>
      </trkpt>
      <trkpt lat="-7.87233" lon="110.25653">
        <ele>44.1</ele>
      </trkpt>
      <trkpt lat="-7.87215" lon="110.25649">
        <ele>43.0</ele>
      </trkpt>
      <trkpt lat="-7.87194" lon="110.25651">
        <ele>42.4</ele>
      </trkpt>
      <trkpt lat="-7.87161" lon="110.25672">
        <ele>41.8</ele>
      </trkpt>
      <trkpt lat="-7.87145" lon="110.25678">
        <ele>41.9</ele>
      </trkpt>
      <trkpt lat="-7.87133" lon="110.25678">
        <ele>41.9</ele>
      </trkpt>
      <trkpt lat="-7.87122" lon="110.25672">
        <ele>42.0</ele>
      </trkpt>
      <trkpt lat="-7.87119" lon="110.25666">
        <ele>42.0</ele>
      </trkpt>
      <trkpt lat="-7.87119" lon="110.25603">
        <ele>42.4</ele>
      </trkpt>
      <trkpt lat="-7.87117" lon="110.25595">
        <ele>42.5</ele>
      </trkpt>
      <trkpt lat="-7.8711" lon="110.25588">
        <ele>43.0</ele>
      </trkpt>
      <trkpt lat="-7.87098" lon="110.25584">
        <ele>43.4</ele>
      </trkpt>
      <trkpt lat="-7.87074" lon="110.25584">
        <ele>44.4</ele>
      </trkpt>
      <trkpt lat="-7.8703" lon="110.25597">
        <ele>45.3</ele>
      </trkpt>
      <trkpt lat="-7.86995" lon="110.2559">
        <ele>44.7</ele>
      </trkpt>
      <trkpt lat="-7.86943" lon="110.2559">
        <ele>44.0</ele>
      </trkpt>
      <trkpt lat="-7.86912" lon="110.25584">
        <ele>44.3</ele>
      </trkpt>
      <trkpt lat="-7.86905" lon="110.25579">
        <ele>45.0</ele>
      </trkpt>
      <trkpt lat="-7.86891" lon="110.2556">
        <ele>45.3</ele>
      </trkpt>
      <trkpt lat="-7.86889" lon="110.2554">
        <ele>45.5</ele>
      </trkpt>
      <trkpt lat="-7.86889" lon="110.25541">
        <ele>45.5</ele>
      </trkpt>
      <trkpt lat="-7.86887" lon="110.2553">
        <ele>46.0</ele>
      </trkpt>
      <trkpt lat="-7.86882" lon="110.25525">
        <ele>46.0</ele>
      </trkpt>
      <trkpt lat="-7.86875" lon="110.25523">
        <ele>46.2</ele>
      </trkpt>
      <trkpt lat="-7.86868" lon="110.25524">
        <ele>46.2</ele>
      </trkpt>
      <trkpt lat="-7.86812" lon="110.25542">
        <ele>46.4</ele>
      </trkpt>
      <trkpt lat="-7.86788" lon="110.25544">
        <ele>46.4</ele>
      </trkpt>
      <trkpt lat="-7.86769" lon="110.25548">
        <ele>46.3</ele>
      </trkpt>
      <trkpt lat="-7.86739" lon="110.25545">
        <ele>46.5</ele>
      </trkpt>
      <trkpt lat="-7.86697" lon="110.25519">
        <ele>46.6</ele>
      </trkpt>
      <trkpt lat="-7.8669" lon="110.25513">
        <ele>46.7</ele>
      </trkpt>
      <trkpt lat="-7.86685" lon="110.25506">
        <ele>46.7</ele>
      </trkpt>
      <trkpt lat="-7.86685" lon="110.25494">
        <ele>47.1</ele>
      </trkpt>
      <trkpt lat="-7.86697" lon="110.25451">
        <ele>47.4</ele>
      </trkpt>
      <trkpt lat="-7.86694" lon="110.25446">
        <ele>47.5</ele>
      </trkpt>
      <trkpt lat="-7.86687" lon="110.25442">
        <ele>47.5</ele>
      </trkpt>
      <trkpt lat="-7.86694" lon="110.254415">
        <ele>36.0</ele>
      </trkpt>
      <trkpt lat="-7.866824" lon="110.254374">
        <ele>36.0</ele>
      </trkpt>
      <trkpt lat="-7.866782" lon="110.254364">
        <ele>36.0</ele>
      </trkpt>
      <trkpt lat="-7.866738" lon="110.25436">
        <ele>36.0</ele>
      </trkpt>
      <trkpt lat="-7.866702" lon="110.254356">
        <ele>36.0</ele>
      </trkpt>
      <trkpt lat="-7.866688" lon="110.254357">
        <ele>36.0</ele>
      </trkpt>
      <trkpt lat="-7.866688" lon="110.254357">
        <ele>36.0</ele>
      </trkpt>
      <trkpt lat="-7.866589" lon="110.254338">
        <ele>36.0</ele>
      </trkpt>
      <trkpt lat="-7.866535" lon="110.254292">
        <ele>36.0</ele>
      </trkpt>
      <trkpt lat="-7.866498" lon="110.25422">
        <ele>36.0</ele>
      </trkpt>
      <trkpt lat="-7.866462" lon="110.254095">
        <ele>35.8</ele>
      </trkpt>
      <trkpt lat="-7.866435" lon="110.253963">
        <ele>35.8</ele>
      </trkpt>
      <trkpt lat="-7.866361" lon="110.253649">
        <ele>35.6</ele>
      </trkpt>
      <trkpt lat="-7.866336" lon="110.253428">
        <ele>35.6</ele>
      </trkpt>
      <trkpt lat="-7.866323" lon="110.253282">
        <ele>35.4</ele>
      </trkpt>
      <trkpt lat="-7.866321" lon="110.253081">
        <ele>35.8</ele>
      </trkpt>
      <trkpt lat="-7.866331" lon="110.253002">
        <ele>36.0</ele>
      </trkpt>
      <trkpt lat="-7.866347" lon="110.252986">
        <ele>36.0</ele>
      </trkpt>
      <trkpt lat="-7.866367" lon="110.252975">
        <ele>36.0</ele>
      </trkpt>
      <trkpt lat="-7.866456" lon="110.252964">
        <ele>36.0</ele>
      </trkpt>
      <trkpt lat="-7.86667" lon="110.252938">
        <ele>35.4</ele>
      </trkpt>
      <trkpt lat="-7.866826" lon="110.252902">
        <ele>35.4</ele>
      </trkpt>
      <trkpt lat="-7.866868" lon="110.252895">
        <ele>35.4</ele>
      </trkpt>
      <trkpt lat="-7.866869" lon="110.252894">
        <ele>35.6</ele>
      </trkpt>
      <trkpt lat="-7.866877" lon="110.252832">
        <ele>35.6</ele>
      </trkpt>
      <trkpt lat="-7.866842" lon="110.252622">
        <ele>35.4</ele>
      </trkpt>
      <trkpt lat="-7.866846" lon="110.252479">
        <ele>35.6</ele>
      </trkpt>
      <trkpt lat="-7.866884" lon="110.252259">
        <ele>35.8</ele>
      </trkpt>
      <trkpt lat="-7.866916" lon="110.251967">
        <ele>36.2</ele>
      </trkpt>
      <trkpt lat="-7.867009" lon="110.251889">
        <ele>36.4</ele>
      </trkpt>
      <trkpt lat="-7.867116" lon="110.251811">
        <ele>36.8</ele>
      </trkpt>
      <trkpt lat="-7.86712" lon="110.25181">
        <ele>44.0</ele>
      </trkpt>
      <trkpt lat="-7.86697" lon="110.25135">
        <ele>44.0</ele>
      </trkpt>
      <trkpt lat="-7.86666" lon="110.25087">
        <ele>53.9</ele>
      </trkpt>
      <trkpt lat="-7.86661" lon="110.25062">
        <ele>53.9</ele>
      </trkpt>
      <trkpt lat="-7.86657" lon="110.24986">
        <ele>53.9</ele>
      </trkpt>
      <trkpt lat="-7.86659" lon="110.24942">
        <ele>53.0</ele>
      </trkpt>
      <trkpt lat="-7.86666" lon="110.24889">
        <ele>53.0</ele>
      </trkpt>
      <trkpt lat="-7.86652" lon="110.24821">
        <ele>53.0</ele>
      </trkpt>
      <trkpt lat="-7.86654" lon="110.24772">
        <ele>53.0</ele>
      </trkpt>
      <trkpt lat="-7.8665" lon="110.2472">
        <ele>53.0</ele>
      </trkpt>
      <trkpt lat="-7.86626" lon="110.2465">
        <ele>65.9</ele>
      </trkpt>
      <trkpt lat="-7.86624" lon="110.24577">
        <ele>65.9</ele>
      </trkpt>
      <trkpt lat="-7.86687" lon="110.24563">
        <ele>66.7</ele>
      </trkpt>
      <trkpt lat="-7.86758" lon="110.24565">
        <ele>67.7</ele>
      </trkpt>
      <trkpt lat="-7.86818" lon="110.24554">
        <ele>68.8</ele>
      </trkpt>
      <trkpt lat="-7.86833" lon="110.24552">
        <ele>69.4</ele>
      </trkpt>
      <trkpt lat="-7.86882" lon="110.24534">
        <ele>71.2</ele>
      </trkpt>
      <trkpt lat="-7.86971" lon="110.245243">
        <ele>71.8</ele>
      </trkpt>
      <trkpt lat="-7.8706" lon="110.245146">
        <ele>70.4</ele>
      </trkpt>
      <trkpt lat="-7.87149" lon="110.24505">
        <ele>70.0</ele>
      </trkpt>
      <trkpt lat="-7.87194" lon="110.24497">
        <ele>69.2</ele>
      </trkpt>
      <trkpt lat="-7.87201" lon="110.24492">
        <ele>69.0</ele>
      </trkpt>
      <trkpt lat="-7.87213" lon="110.24471">
        <ele>69.0</ele>
      </trkpt>
      <trkpt lat="-7.87212" lon="110.24474">
        <ele>69.1</ele>
      </trkpt>
      <trkpt lat="-7.8722" lon="110.2446">
        <ele>68.9</ele>
      </trkpt>
      <trkpt lat="-7.87217" lon="110.24428">
        <ele>70.4</ele>
      </trkpt>
      <trkpt lat="-7.87192" lon="110.24357">
        <ele>73.7</ele>
      </trkpt>
      <trkpt lat="-7.87194" lon="110.24348">
        <ele>74.4</ele>
      </trkpt>
      <trkpt lat="-7.87201" lon="110.24343">
        <ele>74.4</ele>
      </trkpt>
      <trkpt lat="-7.87211" lon="110.2434">
        <ele>74.9</ele>
      </trkpt>
      <trkpt lat="-7.8721" lon="110.24331">
        <ele>74.9</ele>
      </trkpt>
      <trkpt lat="-7.87195" lon="110.24269">
        <ele>74.9</ele>
      </trkpt>
      <trkpt lat="-7.87192" lon="110.24254">
        <ele>74.5</ele>
      </trkpt>
      <trkpt lat="-7.87175" lon="110.24224">
        <ele>74.0</ele>
      </trkpt>
      <trkpt lat="-7.87166" lon="110.24164">
        <ele>72.2</ele>
      </trkpt>
      <trkpt lat="-7.87168" lon="110.24159">
        <ele>72.2</ele>
      </trkpt>
      <trkpt lat="-7.87183" lon="110.2414">
        <ele>73.6</ele>
      </trkpt>
      <trkpt lat="-7.8712" lon="110.241079">
        <ele>74.6</ele>
      </trkpt>
      <trkpt lat="-7.87057" lon="110.240759">
        <ele>76.7</ele>
      </trkpt>
      <trkpt lat="-7.86994" lon="110.24044">
        <ele>79.8</ele>
      </trkpt>
      <trkpt lat="-7.87018" lon="110.24011">
        <ele>78.0</ele>
      </trkpt>
      <trkpt lat="-7.87018" lon="110.24004">
        <ele>78.0</ele>
      </trkpt>
      <trkpt lat="-7.8699" lon="110.23933">
        <ele>78.0</ele>
      </trkpt>
      <trkpt lat="-7.86992" lon="110.23929">
        <ele>78.0</ele>
      </trkpt>
      <trkpt lat="-7.86995" lon="110.23927">
        <ele>78.0</ele>
      </trkpt>
      <trkpt lat="-7.87009" lon="110.23922">
        <ele>78.0</ele>
      </trkpt>
      <trkpt lat="-7.87013" lon="110.23919">
        <ele>70.0</ele>
      </trkpt>
      <trkpt lat="-7.87013" lon="110.23915">
        <ele>70.0</ele>
      </trkpt>
      <trkpt lat="-7.86998" lon="110.238649">
        <ele>70.0</ele>
      </trkpt>
      <trkpt lat="-7.86983" lon="110.23815">
        <ele>70.0</ele>
      </trkpt>
      <trkpt lat="-7.86901" lon="110.23826">
        <ele>70.0</ele>
      </trkpt>
      <trkpt lat="-7.86903" lon="110.23813">
        <ele>70.0</ele>
      </trkpt>
      <trkpt lat="-7.86901" lon="110.23793">
        <ele>70.0</ele>
      </trkpt>
      <trkpt lat="-7.86898" lon="110.23791">
        <ele>70.0</ele>
      </trkpt>
      <trkpt lat="-7.86889" lon="110.23791">
        <ele>70.0</ele>
      </trkpt>
      <trkpt lat="-7.86884" lon="110.23764">
        <ele>70.0</ele>
      </trkpt>
      <trkpt lat="-7.86882" lon="110.23762">
        <ele>70.0</ele>
      </trkpt>
      <trkpt lat="-7.86875" lon="110.2376">
        <ele>70.0</ele>
      </trkpt>
      <trkpt lat="-7.86866" lon="110.23716">
        <ele>60.9</ele>
      </trkpt>
      <trkpt lat="-7.8685" lon="110.23678">
        <ele>60.9</ele>
      </trkpt>
      <trkpt lat="-7.86849" lon="110.236784">
        <ele>57.8</ele>
      </trkpt>
      <trkpt lat="-7.868428" lon="110.236803">
        <ele>58.1</ele>
      </trkpt>
      <trkpt lat="-7.868011" lon="110.237081">
        <ele>61.1</ele>
      </trkpt>
      <trkpt lat="-7.867949" lon="110.23711">
        <ele>61.4</ele>
      </trkpt>
      <trkpt lat="-7.867895" lon="110.237132">
        <ele>61.6</ele>
      </trkpt>
      <trkpt lat="-7.867151" lon="110.237334">
        <ele>65.6</ele>
      </trkpt>
      <trkpt lat="-7.867013" lon="110.237382">
        <ele>66.4</ele>
      </trkpt>
      <trkpt lat="-7.866816" lon="110.236816">
        <ele>66.3</ele>
      </trkpt>
      <trkpt lat="-7.866806" lon="110.236763">
        <ele>66.1</ele>
      </trkpt>
      <trkpt lat="-7.866752" lon="110.236473">
        <ele>65.2</ele>
      </trkpt>
      <trkpt lat="-7.866708" lon="110.236221">
        <ele>66.3</ele>
      </trkpt>
      <trkpt lat="-7.86825" lon="110.235658">
        <ele>57.1</ele>
      </trkpt>
      <trkpt lat="-7.86825" lon="110.23565">
        <ele>60.0</ele>
      </trkpt>
      <trkpt lat="-7.86843" lon="110.23559">
        <ele>60.0</ele>
      </trkpt>
      <trkpt lat="-7.86826" lon="110.235029">
        <ele>60.0</ele>
      </trkpt>
      <trkpt lat="-7.86809" lon="110.23447">
        <ele>61.9</ele>
      </trkpt>
      <trkpt lat="-7.86792" lon="110.23449">
        <ele>61.9</ele>
      </trkpt>
      <trkpt lat="-7.86779" lon="110.23435">
        <ele>61.9</ele>
      </trkpt>
      <trkpt lat="-7.86772" lon="110.2342">
        <ele>61.9</ele>
      </trkpt>
      <trkpt lat="-7.867685" lon="110.233614">
        <ele>58.0</ele>
      </trkpt>
      <trkpt lat="-7.86765" lon="110.23303">
        <ele>58.0</ele>
      </trkpt>
      <trkpt lat="-7.867535" lon="110.232539">
        <ele>58.0</ele>
      </trkpt>
      <trkpt lat="-7.86742" lon="110.23205">
        <ele>60.9</ele>
      </trkpt>
      <trkpt lat="-7.867315" lon="110.231399">
        <ele>60.9</ele>
      </trkpt>
      <trkpt lat="-7.86721" lon="110.23075">
        <ele>68.0</ele>
      </trkpt>
      <trkpt lat="-7.867207" lon="110.230761">
        <ele>63.6</ele>
      </trkpt>
      <trkpt lat="-7.867129" lon="110.230121">
        <ele>61.2</ele>
      </trkpt>
      <trkpt lat="-7.867143" lon="110.230119">
        <ele>61.1</ele>
      </trkpt>
      <trkpt lat="-7.867143" lon="110.230119">
        <ele>61.1</ele>
      </trkpt>
      <trkpt lat="-7.866434" lon="110.230284">
        <ele>66.7</ele>
      </trkpt>
      <trkpt lat="-7.866279" lon="110.230305">
        <ele>67.5</ele>
      </trkpt>
      <trkpt lat="-7.86628" lon="110.2303">
        <ele>71.0</ele>
      </trkpt>
      <trkpt lat="-7.86614" lon="110.229619">
        <ele>71.0</ele>
      </trkpt>
      <trkpt lat="-7.866" lon="110.228939">
        <ele>58.6</ele>
      </trkpt>
      <trkpt lat="-7.86586" lon="110.22826">
        <ele>58.6</ele>
      </trkpt>
      <trkpt lat="-7.86586" lon="110.22825">
        <ele>58.5</ele>
      </trkpt>
      <trkpt lat="-7.865745" lon="110.227739">
        <ele>57.9</ele>
      </trkpt>
      <trkpt lat="-7.86563" lon="110.22723">
        <ele>57.9</ele>
      </trkpt>
      <trkpt lat="-7.865485" lon="110.226424">
        <ele>57.9</ele>
      </trkpt>
      <trkpt lat="-7.86534" lon="110.22562">
        <ele>57.0</ele>
      </trkpt>
      <trkpt lat="-7.865799" lon="110.225495">
        <ele>54.0</ele>
      </trkpt>
      <trkpt lat="-7.86626" lon="110.22537">
        <ele>54.0</ele>
      </trkpt>
      <trkpt lat="-7.866325" lon="110.225358">
        <ele>52.1</ele>
      </trkpt>
      <trkpt lat="-7.866708" lon="110.225255">
        <ele>48.7</ele>
      </trkpt>
      <trkpt lat="-7.866535" lon="110.224582">
        <ele>45.4</ele>
      </trkpt>
      <trkpt lat="-7.866457" lon="110.224276">
        <ele>43.9</ele>
      </trkpt>
      <trkpt lat="-7.866426" lon="110.224223">
        <ele>43.9</ele>
      </trkpt>
      <trkpt lat="-7.86638" lon="110.224205">
        <ele>44.0</ele>
      </trkpt>
      <trkpt lat="-7.866104" lon="110.224258">
        <ele>44.8</ele>
      </trkpt>
      <trkpt lat="-7.8661" lon="110.224301">
        <ele>45.2</ele>
      </trkpt>
      <trkpt lat="-7.866075" lon="110.224122">
        <ele>44.8</ele>
      </trkpt>
      <trkpt lat="-7.866057" lon="110.224051">
        <ele>44.6</ele>
      </trkpt>
      <trkpt lat="-7.865987" lon="110.223622">
        <ele>41.5</ele>
      </trkpt>
      <trkpt lat="-7.865821" lon="110.222822">
        <ele>39.5</ele>
      </trkpt>
      <trkpt lat="-7.865785" lon="110.222621">
        <ele>40.9</ele>
      </trkpt>
      <trkpt lat="-7.865783" lon="110.22249">
        <ele>42.2</ele>
      </trkpt>
      <trkpt lat="-7.865799" lon="110.222213">
        <ele>44.0</ele>
      </trkpt>
      <trkpt lat="-7.865833" lon="110.221554">
        <ele>45.0</ele>
      </trkpt>
      <trkpt lat="-7.86582" lon="110.22146">
        <ele>45.0</ele>
      </trkpt>
      <trkpt lat="-7.865546" lon="110.22021">
        <ele>42.2</ele>
      </trkpt>
      <trkpt lat="-7.865533" lon="110.220102">
        <ele>41.6</ele>
      </trkpt>
      <trkpt lat="-7.865544" lon="110.220019">
        <ele>41.1</ele>
      </trkpt>
      <trkpt lat="-7.86563" lon="110.219835">
        <ele>40.4</ele>
      </trkpt>
      <trkpt lat="-7.865667" lon="110.219455">
        <ele>40.6</ele>
      </trkpt>
      <trkpt lat="-7.865608" lon="110.21854">
        <ele>36.4</ele>
      </trkpt>
      <trkpt lat="-7.865633" lon="110.218517">
        <ele>36.4</ele>
      </trkpt>
      <trkpt lat="-7.8656" lon="110.21848">
        <ele>38.8</ele>
      </trkpt>
      <trkpt lat="-7.86582" lon="110.21832">
        <ele>38.1</ele>
      </trkpt>
      <trkpt lat="-7.86608" lon="110.21814">
        <ele>37.0</ele>
      </trkpt>
      <trkpt lat="-7.8665" lon="110.217446">
        <ele>31.3</ele>
      </trkpt>
      <trkpt lat="-7.86692" lon="110.216753">
        <ele>31.6</ele>
      </trkpt>
      <trkpt lat="-7.86734" lon="110.21606">
        <ele>31.9</ele>
      </trkpt>
      <trkpt lat="-7.86737" lon="110.21607">
        <ele>32.0</ele>
      </trkpt>
      <trkpt lat="-7.86769" lon="110.21556">
        <ele>31.9</ele>
      </trkpt>
      <trkpt lat="-7.86797" lon="110.21506">
        <ele>32.7</ele>
      </trkpt>
      <trkpt lat="-7.86821" lon="110.21475">
        <ele>33.1</ele>
      </trkpt>
      <trkpt lat="-7.86849" lon="110.21462">
        <ele>34.7</ele>
      </trkpt>
      <trkpt lat="-7.86887" lon="110.21456">
        <ele>34.7</ele>
      </trkpt>
      <trkpt lat="-7.86971" lon="110.2145">
        <ele>35.9</ele>
      </trkpt>
      <trkpt lat="-7.870405" lon="110.21449">
        <ele>33.0</ele>
      </trkpt>
      <trkpt lat="-7.8711" lon="110.21448">
        <ele>33.0</ele>
      </trkpt>
      <trkpt lat="-7.87131" lon="110.21444">
        <ele>33.0</ele>
      </trkpt>
      <trkpt lat="-7.87171" lon="110.21432">
        <ele>36.9</ele>
      </trkpt>
      <trkpt lat="-7.87212" lon="110.21423">
        <ele>36.9</ele>
      </trkpt>
      <trkpt lat="-7.87214" lon="110.214705">
        <ele>36.9</ele>
      </trkpt>
      <trkpt lat="-7.87216" lon="110.21518">
        <ele>35.0</ele>
      </trkpt>
      <trkpt lat="-7.87224" lon="110.2153">
        <ele>35.0</ele>
      </trkpt>
      <trkpt lat="-7.87236" lon="110.21536">
        <ele>35.0</ele>
      </trkpt>
      <trkpt lat="-7.87243" lon="110.21543">
        <ele>35.0</ele>
      </trkpt>
      <trkpt lat="-7.872586" lon="110.216243">
        <ele>34.0</ele>
      </trkpt>
      <trkpt lat="-7.872743" lon="110.217056">
        <ele>30.9</ele>
      </trkpt>
      <trkpt lat="-7.8729" lon="110.21787">
        <ele>30.9</ele>
      </trkpt>
      <trkpt lat="-7.87292" lon="110.21787">
        <ele>30.9</ele>
      </trkpt>
      <trkpt lat="-7.87293" lon="110.21788">
        <ele>30.9</ele>
      </trkpt>
      <trkpt lat="-7.87295" lon="110.21789">
        <ele>30.9</ele>
      </trkpt>
      <trkpt lat="-7.873525" lon="110.21779">
        <ele>29.0</ele>
      </trkpt>
      <trkpt lat="-7.8741" lon="110.21769">
        <ele>29.0</ele>
      </trkpt>
      <trkpt lat="-7.874855" lon="110.21758">
        <ele>29.0</ele>
      </trkpt>
      <trkpt lat="-7.87561" lon="110.21747">
        <ele>29.0</ele>
      </trkpt>
      <trkpt lat="-7.876365" lon="110.21736">
        <ele>29.0</ele>
      </trkpt>
      <trkpt lat="-7.87712" lon="110.21725">
        <ele>29.0</ele>
      </trkpt>
      <trkpt lat="-7.877" lon="110.216454">
        <ele>29.0</ele>
      </trkpt>
      <trkpt lat="-7.87688" lon="110.21566">
        <ele>29.9</ele>
      </trkpt>
      <trkpt lat="-7.87759" lon="110.215555">
        <ele>29.9</ele>
      </trkpt>
      <trkpt lat="-7.8783" lon="110.21545">
        <ele>28.0</ele>
      </trkpt>
      <trkpt lat="-7.879036" lon="110.21531">
        <ele>28.0</ele>
      </trkpt>
      <trkpt lat="-7.879773" lon="110.21517">
        <ele>28.0</ele>
      </trkpt>
      <trkpt lat="-7.88051" lon="110.21503">
        <ele>27.9</ele>
      </trkpt>
      <trkpt lat="-7.88053" lon="110.21501">
        <ele>27.9</ele>
      </trkpt>
      <trkpt lat="-7.88043" lon="110.21483">
        <ele>27.9</ele>
      </trkpt>
      <trkpt lat="-7.88035" lon="110.21459">
        <ele>27.9</ele>
      </trkpt>
      <trkpt lat="-7.88022" lon="110.2137">
        <ele>27.9</ele>
      </trkpt>
      <trkpt lat="-7.88008" lon="110.21282">
        <ele>27.9</ele>
      </trkpt>
      <trkpt lat="-7.879935" lon="110.211931">
        <ele>27.9</ele>
      </trkpt>
      <trkpt lat="-7.87979" lon="110.211043">
        <ele>27.9</ele>
      </trkpt>
      <trkpt lat="-7.879645" lon="110.210154">
        <ele>28.9</ele>
      </trkpt>
      <trkpt lat="-7.8795" lon="110.209266">
        <ele>28.9</ele>
      </trkpt>
      <trkpt lat="-7.879355" lon="110.208378">
        <ele>28.9</ele>
      </trkpt>
      <trkpt lat="-7.87921" lon="110.20749">
        <ele>28.9</ele>
      </trkpt>
      <trkpt lat="-7.87921" lon="110.20734">
        <ele>28.9</ele>
      </trkpt>
      <trkpt lat="-7.87909" lon="110.20668">
        <ele>34.5</ele>
      </trkpt>
      <trkpt lat="-7.87921" lon="110.20665">
        <ele>34.5</ele>
      </trkpt>
      <trkpt lat="-7.87921" lon="110.20664">
        <ele>34.5</ele>
      </trkpt>
      <trkpt lat="-7.87976" lon="110.2065">
        <ele>34.6</ele>
      </trkpt>
      <trkpt lat="-7.88031" lon="110.20636">
        <ele>34.8</ele>
      </trkpt>
      <trkpt lat="-7.88094" lon="110.206185">
        <ele>35.2</ele>
      </trkpt>
      <trkpt lat="-7.88157" lon="110.20601">
        <ele>35.3</ele>
      </trkpt>
      <trkpt lat="-7.88235" lon="110.205823">
        <ele>35.9</ele>
      </trkpt>
      <trkpt lat="-7.88313" lon="110.205636">
        <ele>36.4</ele>
      </trkpt>
      <trkpt lat="-7.88391" lon="110.20545">
        <ele>37.4</ele>
      </trkpt>
      <trkpt lat="-7.88427" lon="110.20537">
        <ele>37.8</ele>
      </trkpt>
      <trkpt lat="-7.884805" lon="110.205285">
        <ele>38.7</ele>
      </trkpt>
      <trkpt lat="-7.88534" lon="110.2052">
        <ele>40.9</ele>
      </trkpt>
      <trkpt lat="-7.88597" lon="110.205166">
        <ele>44.4</ele>
      </trkpt>
      <trkpt lat="-7.8866" lon="110.205133">
        <ele>46.7</ele>
      </trkpt>
      <trkpt lat="-7.88723" lon="110.2051">
        <ele>47.1</ele>
      </trkpt>
      <trkpt lat="-7.88785" lon="110.20506">
        <ele>44.8</ele>
      </trkpt>
      <trkpt lat="-7.888315" lon="110.20502">
        <ele>40.6</ele>
      </trkpt>
      <trkpt lat="-7.88878" lon="110.20498">
        <ele>39.6</ele>
      </trkpt>
      <trkpt lat="-7.88931" lon="110.2049">
        <ele>39.3</ele>
      </trkpt>
      <trkpt lat="-7.88932" lon="110.2049">
        <ele>39.3</ele>
      </trkpt>
      <trkpt lat="-7.88913" lon="110.20492">
        <ele>39.6</ele>
      </trkpt>
      <trkpt lat="-7.88921" lon="110.20534">
        <ele>43.7</ele>
      </trkpt>
      <trkpt lat="-7.88921" lon="110.20555">
        <ele>44.7</ele>
      </trkpt>
      <trkpt lat="-7.88916" lon="110.20577">
        <ele>48.9</ele>
      </trkpt>
      <trkpt lat="-7.88918" lon="110.20589">
        <ele>49.4</ele>
      </trkpt>
      <trkpt lat="-7.88921" lon="110.20601">
        <ele>50.4</ele>
      </trkpt>
      <trkpt lat="-7.88949" lon="110.20677">
        <ele>49.9</ele>
      </trkpt>
      <trkpt lat="-7.88963" lon="110.20721">
        <ele>49.2</ele>
      </trkpt>
      <trkpt lat="-7.889815" lon="110.207844">
        <ele>47.0</ele>
      </trkpt>
      <trkpt lat="-7.89" lon="110.20848">
        <ele>42.6</ele>
      </trkpt>
      <trkpt lat="-7.8901" lon="110.20862">
        <ele>41.0</ele>
      </trkpt>
      <trkpt lat="-7.89023" lon="110.20887">
        <ele>39.4</ele>
      </trkpt>
      <trkpt lat="-7.89036" lon="110.20922">
        <ele>38.6</ele>
      </trkpt>
      <trkpt lat="-7.89032" lon="110.20963">
        <ele>38.8</ele>
      </trkpt>
      <trkpt lat="-7.89039" lon="110.20969">
        <ele>38.8</ele>
      </trkpt>
      <trkpt lat="-7.89047" lon="110.21053">
        <ele>38.4</ele>
      </trkpt>
      <trkpt lat="-7.89052" lon="110.21059">
        <ele>38.3</ele>
      </trkpt>
      <trkpt lat="-7.89057" lon="110.2106">
        <ele>38.3</ele>
      </trkpt>
      <trkpt lat="-7.8908" lon="110.21057">
        <ele>37.9</ele>
      </trkpt>
      <trkpt lat="-7.89087" lon="110.21058">
        <ele>37.7</ele>
      </trkpt>
      <trkpt lat="-7.8909" lon="110.21061">
        <ele>37.7</ele>
      </trkpt>
      <trkpt lat="-7.89101" lon="110.21081">
        <ele>37.0</ele>
      </trkpt>
      <trkpt lat="-7.89107" lon="110.21086">
        <ele>36.8</ele>
      </trkpt>
      <trkpt lat="-7.89135" lon="110.21082">
        <ele>36.7</ele>
      </trkpt>
      <trkpt lat="-7.89154" lon="110.21076">
        <ele>36.7</ele>
      </trkpt>
      <trkpt lat="-7.89214" lon="110.21073">
        <ele>36.9</ele>
      </trkpt>
      <trkpt lat="-7.8922" lon="110.21075">
        <ele>37.1</ele>
      </trkpt>
      <trkpt lat="-7.89226" lon="110.21082">
        <ele>37.2</ele>
      </trkpt>
      <trkpt lat="-7.89238" lon="110.2114">
        <ele>38.5</ele>
      </trkpt>
      <trkpt lat="-7.89242" lon="110.21142">
        <ele>38.2</ele>
      </trkpt>
      <trkpt lat="-7.89251" lon="110.21141">
        <ele>38.0</ele>
      </trkpt>
      <trkpt lat="-7.89296" lon="110.21128">
        <ele>37.3</ele>
      </trkpt>
      <trkpt lat="-7.89312" lon="110.21126">
        <ele>37.1</ele>
      </trkpt>
      <trkpt lat="-7.8932" lon="110.21127">
        <ele>37.1</ele>
      </trkpt>
      <trkpt lat="-7.89327" lon="110.21131">
        <ele>37.0</ele>
      </trkpt>
      <trkpt lat="-7.89351" lon="110.21203">
        <ele>46.0</ele>
      </trkpt>
      <trkpt lat="-7.89359" lon="110.21221">
        <ele>47.3</ele>
      </trkpt>
      <trkpt lat="-7.89366" lon="110.21228">
        <ele>48.9</ele>
      </trkpt>
      <trkpt lat="-7.89371" lon="110.21239">
        <ele>48.0</ele>
      </trkpt>
      <trkpt lat="-7.89378" lon="110.21248">
        <ele>48.0</ele>
      </trkpt>
      <trkpt lat="-7.89385" lon="110.21254">
        <ele>47.6</ele>
      </trkpt>
      <trkpt lat="-7.89404" lon="110.21263">
        <ele>46.6</ele>
      </trkpt>
      <trkpt lat="-7.89409" lon="110.21268">
        <ele>46.6</ele>
      </trkpt>
      <trkpt lat="-7.89416" lon="110.21288">
        <ele>45.3</ele>
      </trkpt>
      <trkpt lat="-7.8943" lon="110.21302">
        <ele>44.2</ele>
      </trkpt>
      <trkpt lat="-7.89436" lon="110.21338">
        <ele>42.7</ele>
      </trkpt>
      <trkpt lat="-7.89456" lon="110.21389">
        <ele>42.9</ele>
      </trkpt>
      <trkpt lat="-7.89458" lon="110.21436">
        <ele>42.8</ele>
      </trkpt>
      <trkpt lat="-7.89463" lon="110.21478">
        <ele>42.2</ele>
      </trkpt>
      <trkpt lat="-7.8947" lon="110.21488">
        <ele>41.7</ele>
      </trkpt>
      <trkpt lat="-7.89479" lon="110.21498">
        <ele>41.5</ele>
      </trkpt>
      <trkpt lat="-7.89488" lon="110.21548">
        <ele>40.3</ele>
      </trkpt>
      <trkpt lat="-7.895" lon="110.21596">
        <ele>39.8</ele>
      </trkpt>
      <trkpt lat="-7.89517" lon="110.21641">
        <ele>38.7</ele>
      </trkpt>
      <trkpt lat="-7.89521" lon="110.21649">
        <ele>38.7</ele>
      </trkpt>
      <trkpt lat="-7.89531" lon="110.21656">
        <ele>36.2</ele>
      </trkpt>
      <trkpt lat="-7.89538" lon="110.21681">
        <ele>36.5</ele>
      </trkpt>
      <trkpt lat="-7.89538" lon="110.21689">
        <ele>36.9</ele>
      </trkpt>
      <trkpt lat="-7.89531" lon="110.21695">
        <ele>37.1</ele>
      </trkpt>
      <trkpt lat="-7.89517" lon="110.21703">
        <ele>37.4</ele>
      </trkpt>
      <trkpt lat="-7.89512" lon="110.2171">
        <ele>38.1</ele>
      </trkpt>
      <trkpt lat="-7.89512" lon="110.21717">
        <ele>38.1</ele>
      </trkpt>
      <trkpt lat="-7.89523" lon="110.21748">
        <ele>39.1</ele>
      </trkpt>
      <trkpt lat="-7.89549" lon="110.21806">
        <ele>40.7</ele>
      </trkpt>
      <trkpt lat="-7.89545" lon="110.21847">
        <ele>41.7</ele>
      </trkpt>
      <trkpt lat="-7.89556" lon="110.21891">
        <ele>42.1</ele>
      </trkpt>
      <trkpt lat="-7.89561" lon="110.21896">
        <ele>42.2</ele>
      </trkpt>
      <trkpt lat="-7.89575" lon="110.21898">
        <ele>42.5</ele>
      </trkpt>
      <trkpt lat="-7.8958" lon="110.21902">
        <ele>42.5</ele>
      </trkpt>
      <trkpt lat="-7.89599" lon="110.21965">
        <ele>42.6</ele>
      </trkpt>
      <trkpt lat="-7.89603" lon="110.22006">
        <ele>41.3</ele>
      </trkpt>
      <trkpt lat="-7.89608" lon="110.220699">
        <ele>41.0</ele>
      </trkpt>
      <trkpt lat="-7.89613" lon="110.22134">
        <ele>41.5</ele>
      </trkpt>
      <trkpt lat="-7.89615" lon="110.22143">
        <ele>41.7</ele>
      </trkpt>
      <trkpt lat="-7.896395" lon="110.221904">
        <ele>44.6</ele>
      </trkpt>
      <trkpt lat="-7.89664" lon="110.22238">
        <ele>45.9</ele>
      </trkpt>
      <trkpt lat="-7.89686" lon="110.22298">
        <ele>45.4</ele>
      </trkpt>
      <trkpt lat="-7.89688" lon="110.22331">
        <ele>45.0</ele>
      </trkpt>
      <trkpt lat="-7.89671" lon="110.22387">
        <ele>46.6</ele>
      </trkpt>
      <trkpt lat="-7.89671" lon="110.22433">
        <ele>49.1</ele>
      </trkpt>
      <trkpt lat="-7.89667" lon="110.22458">
        <ele>49.0</ele>
      </trkpt>
      <trkpt lat="-7.89667" lon="110.22473">
        <ele>48.8</ele>
      </trkpt>
      <trkpt lat="-7.89686" lon="110.22553">
        <ele>47.9</ele>
      </trkpt>
      <trkpt lat="-7.89687" lon="110.22587">
        <ele>49.9</ele>
      </trkpt>
      <trkpt lat="-7.89683" lon="110.22652">
        <ele>51.0</ele>
      </trkpt>
      <trkpt lat="-7.89688" lon="110.2268">
        <ele>50.0</ele>
      </trkpt>
      <trkpt lat="-7.89702" lon="110.22731">
        <ele>50.2</ele>
      </trkpt>
      <trkpt lat="-7.89713" lon="110.2279">
        <ele>54.8</ele>
      </trkpt>
      <trkpt lat="-7.89723" lon="110.228594">
        <ele>49.5</ele>
      </trkpt>
      <trkpt lat="-7.89733" lon="110.22929">
        <ele>51.0</ele>
      </trkpt>
      <trkpt lat="-7.89745" lon="110.22982">
        <ele>55.9</ele>
      </trkpt>
      <trkpt lat="-7.89751" lon="110.22994">
        <ele>55.5</ele>
      </trkpt>
      <trkpt lat="-7.89756" lon="110.23049">
        <ele>54.7</ele>
      </trkpt>
      <trkpt lat="-7.89761" lon="110.23104">
        <ele>51.9</ele>
      </trkpt>
      <trkpt lat="-7.89765" lon="110.23117">
        <ele>51.4</ele>
      </trkpt>
      <trkpt lat="-7.8977" lon="110.23127">
        <ele>51.4</ele>
      </trkpt>
      <trkpt lat="-7.89789" lon="110.23141">
        <ele>52.6</ele>
      </trkpt>
      <trkpt lat="-7.89796" lon="110.23143">
        <ele>52.6</ele>
      </trkpt>
      <trkpt lat="-7.89833" lon="110.23143">
        <ele>55.9</ele>
      </trkpt>
      <trkpt lat="-7.89836" lon="110.23145">
        <ele>55.9</ele>
      </trkpt>
      <trkpt lat="-7.8984" lon="110.23155">
        <ele>56.3</ele>
      </trkpt>
      <trkpt lat="-7.898425" lon="110.23211">
        <ele>59.0</ele>
      </trkpt>
      <trkpt lat="-7.89845" lon="110.23267">
        <ele>65.0</ele>
      </trkpt>
      <trkpt lat="-7.89843" lon="110.23284">
        <ele>67.0</ele>
      </trkpt>
      <trkpt lat="-7.89843" lon="110.233">
        <ele>67.8</ele>
      </trkpt>
      <trkpt lat="-7.89845" lon="110.23309">
        <ele>68.1</ele>
      </trkpt>
      <trkpt lat="-7.89858" lon="110.233585">
        <ele>69.8</ele>
      </trkpt>
      <trkpt lat="-7.89871" lon="110.23408">
        <ele>68.9</ele>
      </trkpt>
      <trkpt lat="-7.89899" lon="110.23401">
        <ele>71.4</ele>
      </trkpt>
      <trkpt lat="-7.899" lon="110.23401">
        <ele>71.5</ele>
      </trkpt>
      <trkpt lat="-7.89976" lon="110.23382">
        <ele>75.9</ele>
      </trkpt>
      <trkpt lat="-7.89996" lon="110.23375">
        <ele>77.6</ele>
      </trkpt>
      <trkpt lat="-7.90066" lon="110.233595">
        <ele>83.3</ele>
      </trkpt>
      <trkpt lat="-7.90136" lon="110.23344">
        <ele>84.3</ele>
      </trkpt>
      <trkpt lat="-7.90164" lon="110.23332">
        <ele>84.7</ele>
      </trkpt>
      <trkpt lat="-7.9021" lon="110.23316">
        <ele>83.9</ele>
      </trkpt>
      <trkpt lat="-7.90223" lon="110.23332">
        <ele>84.6</ele>
      </trkpt>
      <trkpt lat="-7.90246" lon="110.23387">
        <ele>86.9</ele>
      </trkpt>
      <trkpt lat="-7.90319" lon="110.23384">
        <ele>83.7</ele>
      </trkpt>
      <trkpt lat="-7.90404" lon="110.233683">
        <ele>82.9</ele>
      </trkpt>
      <trkpt lat="-7.90489" lon="110.233526">
        <ele>82.7</ele>
      </trkpt>
      <trkpt lat="-7.90574" lon="110.23337">
        <ele>81.0</ele>
      </trkpt>
      <trkpt lat="-7.906427" lon="110.23324">
        <ele>79.9</ele>
      </trkpt>
      <trkpt lat="-7.907115" lon="110.23311">
        <ele>76.6</ele>
      </trkpt>
      <trkpt lat="-7.907802" lon="110.23298">
        <ele>71.6</ele>
      </trkpt>
      <trkpt lat="-7.90849" lon="110.23285">
        <ele>66.1</ele>
      </trkpt>
      <trkpt lat="-7.908984" lon="110.232825">
        <ele>59.1</ele>
      </trkpt>
      <trkpt lat="-7.90948" lon="110.2328">
        <ele>56.8</ele>
      </trkpt>
      <trkpt lat="-7.910275" lon="110.232595">
        <ele>61.8</ele>
      </trkpt>
      <trkpt lat="-7.91107" lon="110.23239">
        <ele>64.9</ele>
      </trkpt>
      <trkpt lat="-7.91162" lon="110.23227">
        <ele>65.0</ele>
      </trkpt>
      <trkpt lat="-7.91178" lon="110.23223">
        <ele>66.3</ele>
      </trkpt>
      <trkpt lat="-7.91218" lon="110.23206">
        <ele>69.4</ele>
      </trkpt>
      <trkpt lat="-7.91243" lon="110.23187">
        <ele>70.2</ele>
      </trkpt>
      <trkpt lat="-7.91304" lon="110.23177">
        <ele>69.0</ele>
      </trkpt>
      <trkpt lat="-7.91307" lon="110.23181">
        <ele>68.9</ele>
      </trkpt>
      <trkpt lat="-7.91362" lon="110.23165">
        <ele>65.9</ele>
      </trkpt>
      <trkpt lat="-7.91398" lon="110.23158">
        <ele>64.8</ele>
      </trkpt>
      <trkpt lat="-7.91436" lon="110.23157">
        <ele>60.2</ele>
      </trkpt>
      <trkpt lat="-7.9152" lon="110.23147">
        <ele>55.7</ele>
      </trkpt>
      <trkpt lat="-7.91584" lon="110.23143">
        <ele>48.9</ele>
      </trkpt>
      <trkpt lat="-7.91616" lon="110.23149">
        <ele>43.1</ele>
      </trkpt>
      <trkpt lat="-7.91628" lon="110.23159">
        <ele>41.0</ele>
      </trkpt>
      <trkpt lat="-7.91645" lon="110.23187">
        <ele>37.8</ele>
      </trkpt>
      <trkpt lat="-7.91656" lon="110.2319">
        <ele>37.8</ele>
      </trkpt>
      <trkpt lat="-7.91687" lon="110.23192">
        <ele>37.1</ele>
      </trkpt>
      <trkpt lat="-7.91701" lon="110.23198">
        <ele>37.1</ele>
      </trkpt>
      <trkpt lat="-7.91743" lon="110.23199">
        <ele>35.3</ele>
      </trkpt>
      <trkpt lat="-7.91778" lon="110.23204">
        <ele>33.9</ele>
      </trkpt>
      <trkpt lat="-7.91825" lon="110.23199">
        <ele>27.5</ele>
      </trkpt>
      <trkpt lat="-7.91893" lon="110.23203">
        <ele>22.0</ele>
      </trkpt>
      <trkpt lat="-7.91894" lon="110.23229">
        <ele>21.0</ele>
      </trkpt>
      <trkpt lat="-7.91896" lon="110.23269">
        <ele>20.0</ele>
      </trkpt>
      <trkpt lat="-7.919116" lon="110.233516">
        <ele>17.9</ele>
      </trkpt>
      <trkpt lat="-7.919273" lon="110.234343">
        <ele>16.5</ele>
      </trkpt>
      <trkpt lat="-7.91943" lon="110.23517">
        <ele>16.0</ele>
      </trkpt>
      <trkpt lat="-7.91964" lon="110.23596">
        <ele>18.0</ele>
      </trkpt>
      <trkpt lat="-7.91968" lon="110.23601">
        <ele>18.3</ele>
      </trkpt>
      <trkpt lat="-7.91975" lon="110.23606">
        <ele>18.4</ele>
      </trkpt>
      <trkpt lat="-7.91982" lon="110.23607">
        <ele>19.0</ele>
      </trkpt>
      <trkpt lat="-7.92028" lon="110.23602">
        <ele>20.0</ele>
      </trkpt>
      <trkpt lat="-7.920465" lon="110.236674">
        <ele>20.7</ele>
      </trkpt>
      <trkpt lat="-7.92065" lon="110.237329">
        <ele>21.8</ele>
      </trkpt>
      <trkpt lat="-7.920835" lon="110.237984">
        <ele>21.3</ele>
      </trkpt>
      <trkpt lat="-7.92102" lon="110.23864">
        <ele>20.7</ele>
      </trkpt>
      <trkpt lat="-7.921095" lon="110.239249">
        <ele>22.6</ele>
      </trkpt>
      <trkpt lat="-7.92117" lon="110.23986">
        <ele>23.9</ele>
      </trkpt>
      <trkpt lat="-7.92121" lon="110.24045">
        <ele>24.0</ele>
      </trkpt>
      <trkpt lat="-7.921186" lon="110.241056">
        <ele>23.5</ele>
      </trkpt>
      <trkpt lat="-7.921163" lon="110.241663">
        <ele>23.6</ele>
      </trkpt>
      <trkpt lat="-7.92114" lon="110.24227">
        <ele>25.1</ele>
      </trkpt>
      <trkpt lat="-7.92116" lon="110.24255">
        <ele>25.7</ele>
      </trkpt>
      <trkpt lat="-7.92142" lon="110.24299">
        <ele>25.8</ele>
      </trkpt>
      <trkpt lat="-7.92147" lon="110.24309">
        <ele>25.8</ele>
      </trkpt>
      <trkpt lat="-7.921505" lon="110.24369">
        <ele>26.8</ele>
      </trkpt>
      <trkpt lat="-7.92154" lon="110.24429">
        <ele>26.9</ele>
      </trkpt>
      <trkpt lat="-7.92161" lon="110.24465">
        <ele>26.8</ele>
      </trkpt>
      <trkpt lat="-7.921785" lon="110.245104">
        <ele>25.7</ele>
      </trkpt>
      <trkpt lat="-7.92196" lon="110.24556">
        <ele>25.2</ele>
      </trkpt>
      <trkpt lat="-7.9221" lon="110.24569">
        <ele>25.2</ele>
      </trkpt>
      <trkpt lat="-7.92226" lon="110.24623">
        <ele>24.3</ele>
      </trkpt>
      <trkpt lat="-7.92245" lon="110.24637">
        <ele>24.2</ele>
      </trkpt>
      <trkpt lat="-7.92264" lon="110.24673">
        <ele>24.1</ele>
      </trkpt>
      <trkpt lat="-7.92266" lon="110.24687">
        <ele>24.3</ele>
      </trkpt>
      <trkpt lat="-7.92267" lon="110.24705">
        <ele>24.1</ele>
      </trkpt>
      <trkpt lat="-7.92289" lon="110.24703">
        <ele>24.2</ele>
      </trkpt>
      <trkpt lat="-7.923" lon="110.24701">
        <ele>26.9</ele>
      </trkpt>
      <trkpt lat="-7.92268" lon="110.247795">
        <ele>27.7</ele>
      </trkpt>
      <trkpt lat="-7.92236" lon="110.24858">
        <ele>27.8</ele>
      </trkpt>
      <trkpt lat="-7.92212" lon="110.249105">
        <ele>27.7</ele>
      </trkpt>
      <trkpt lat="-7.92188" lon="110.24963">
        <ele>28.0</ele>
      </trkpt>
      <trkpt lat="-7.92161" lon="110.25024">
        <ele>28.2</ele>
      </trkpt>
      <trkpt lat="-7.92154" lon="110.25043">
        <ele>28.7</ele>
      </trkpt>
      <trkpt lat="-7.92152" lon="110.25056">
        <ele>28.8</ele>
      </trkpt>
      <trkpt lat="-7.92151" lon="110.25071">
        <ele>28.9</ele>
      </trkpt>
      <trkpt lat="-7.92155" lon="110.251329">
        <ele>28.9</ele>
      </trkpt>
      <trkpt lat="-7.92159" lon="110.25195">
        <ele>29.5</ele>
      </trkpt>
      <trkpt lat="-7.92163" lon="110.25257">
        <ele>30.0</ele>
      </trkpt>
      <trkpt lat="-7.92177" lon="110.25295">
        <ele>29.7</ele>
      </trkpt>
      <trkpt lat="-7.92216" lon="110.25373">
        <ele>29.7</ele>
      </trkpt>
      <trkpt lat="-7.9223" lon="110.254289">
        <ele>29.8</ele>
      </trkpt>
      <trkpt lat="-7.92244" lon="110.25485">
        <ele>29.7</ele>
      </trkpt>
      <trkpt lat="-7.92274" lon="110.25508">
        <ele>29.4</ele>
      </trkpt>
      <trkpt lat="-7.92342" lon="110.255319">
        <ele>29.1</ele>
      </trkpt>
      <trkpt lat="-7.9241" lon="110.25556">
        <ele>28.8</ele>
      </trkpt>
      <trkpt lat="-7.92426" lon="110.25564">
        <ele>27.8</ele>
      </trkpt>
      <trkpt lat="-7.92433" lon="110.25565">
        <ele>27.2</ele>
      </trkpt>
      <trkpt lat="-7.92473" lon="110.25559">
        <ele>26.9</ele>
      </trkpt>
      <trkpt lat="-7.925295" lon="110.25548">
        <ele>26.4</ele>
      </trkpt>
      <trkpt lat="-7.92586" lon="110.25537">
        <ele>26.0</ele>
      </trkpt>
      <trkpt lat="-7.926315" lon="110.255225">
        <ele>25.6</ele>
      </trkpt>
      <trkpt lat="-7.92677" lon="110.25508">
        <ele>25.2</ele>
      </trkpt>
      <trkpt lat="-7.92712" lon="110.25492">
        <ele>25.0</ele>
      </trkpt>
      <trkpt lat="-7.92787" lon="110.25448">
        <ele>24.8</ele>
      </trkpt>
      <trkpt lat="-7.92796" lon="110.25446">
        <ele>24.8</ele>
      </trkpt>
      <trkpt lat="-7.92809" lon="110.25447">
        <ele>24.7</ele>
      </trkpt>
      <trkpt lat="-7.92825" lon="110.25445">
        <ele>24.6</ele>
      </trkpt>
      <trkpt lat="-7.928715" lon="110.254165">
        <ele>24.2</ele>
      </trkpt>
      <trkpt lat="-7.92918" lon="110.25388">
        <ele>24.8</ele>
      </trkpt>
      <trkpt lat="-7.92921" lon="110.25393">
        <ele>24.8</ele>
      </trkpt>
      <trkpt lat="-7.92918" lon="110.25388">
        <ele>24.8</ele>
      </trkpt>
      <trkpt lat="-7.929465" lon="110.254359">
        <ele>25.5</ele>
      </trkpt>
      <trkpt lat="-7.92975" lon="110.25484">
        <ele>26.5</ele>
      </trkpt>
      <trkpt lat="-7.92983" lon="110.2552">
        <ele>26.9</ele>
      </trkpt>
      <trkpt lat="-7.92986" lon="110.25546">
        <ele>27.1</ele>
      </trkpt>
      <trkpt lat="-7.929965" lon="110.255949">
        <ele>27.6</ele>
      </trkpt>
      <trkpt lat="-7.93007" lon="110.25644">
        <ele>28.1</ele>
      </trkpt>
      <trkpt lat="-7.93022" lon="110.25709">
        <ele>28.2</ele>
      </trkpt>
      <trkpt lat="-7.9303" lon="110.2572">
        <ele>28.2</ele>
      </trkpt>
      <trkpt lat="-7.9304" lon="110.25726">
        <ele>28.2</ele>
      </trkpt>
      <trkpt lat="-7.93047" lon="110.25737">
        <ele>28.1</ele>
      </trkpt>
      <trkpt lat="-7.93062" lon="110.25778">
        <ele>28.2</ele>
      </trkpt>
      <trkpt lat="-7.93108" lon="110.25845">
        <ele>28.6</ele>
      </trkpt>
      <trkpt lat="-7.93134" lon="110.25894">
        <ele>28.9</ele>
      </trkpt>
      <trkpt lat="-7.93154" lon="110.25942">
        <ele>29.2</ele>
      </trkpt>
      <trkpt lat="-7.93174" lon="110.25984">
        <ele>29.3</ele>
      </trkpt>
      <trkpt lat="-7.93191" lon="110.26001">
        <ele>29.3</ele>
      </trkpt>
      <trkpt lat="-7.93226" lon="110.26071">
        <ele>29.4</ele>
      </trkpt>
      <trkpt lat="-7.93227" lon="110.26078">
        <ele>29.4</ele>
      </trkpt>
      <trkpt lat="-7.93235" lon="110.26146">
        <ele>29.4</ele>
      </trkpt>
      <trkpt lat="-7.93238" lon="110.2619">
        <ele>29.7</ele>
      </trkpt>
      <trkpt lat="-7.93233" lon="110.26208">
        <ele>30.0</ele>
      </trkpt>
      <trkpt lat="-7.93228" lon="110.26223">
        <ele>30.1</ele>
      </trkpt>
      <trkpt lat="-7.93194" lon="110.26291">
        <ele>30.1</ele>
      </trkpt>
      <trkpt lat="-7.9316" lon="110.26359">
        <ele>30.3</ele>
      </trkpt>
      <trkpt lat="-7.93153" lon="110.26406">
        <ele>30.4</ele>
      </trkpt>
      <trkpt lat="-7.93153" lon="110.26475">
        <ele>29.7</ele>
      </trkpt>
      <trkpt lat="-7.9316" lon="110.26525">
        <ele>29.7</ele>
      </trkpt>
      <trkpt lat="-7.93169" lon="110.26554">
        <ele>30.0</ele>
      </trkpt>
      <trkpt lat="-7.93174" lon="110.26564">
        <ele>30.1</ele>
      </trkpt>
      <trkpt lat="-7.93179" lon="110.26568">
        <ele>30.1</ele>
      </trkpt>
      <trkpt lat="-7.93174" lon="110.26617">
        <ele>30.0</ele>
      </trkpt>
      <trkpt lat="-7.93179" lon="110.26702">
        <ele>30.3</ele>
      </trkpt>
      <trkpt lat="-7.931867" lon="110.267774">
        <ele>30.2</ele>
      </trkpt>
      <trkpt lat="-7.931945" lon="110.268529">
        <ele>30.3</ele>
      </trkpt>
      <trkpt lat="-7.932022" lon="110.269284">
        <ele>30.5</ele>
      </trkpt>
      <trkpt lat="-7.9321" lon="110.27004">
        <ele>30.6</ele>
      </trkpt>
      <trkpt lat="-7.93212" lon="110.27061">
        <ele>30.7</ele>
      </trkpt>
      <trkpt lat="-7.93207" lon="110.27096">
        <ele>30.7</ele>
      </trkpt>
      <trkpt lat="-7.932" lon="110.27114">
        <ele>30.7</ele>
      </trkpt>
      <trkpt lat="-7.93181" lon="110.27146">
        <ele>30.7</ele>
      </trkpt>
      <trkpt lat="-7.931435" lon="110.27191">
        <ele>30.8</ele>
      </trkpt>
      <trkpt lat="-7.93106" lon="110.27236">
        <ele>30.9</ele>
      </trkpt>
      <trkpt lat="-7.93074" lon="110.27283">
        <ele>31.0</ele>
      </trkpt>
      <trkpt lat="-7.93043" lon="110.2732">
        <ele>31.1</ele>
      </trkpt>
      <trkpt lat="-7.93012" lon="110.27357">
        <ele>31.1</ele>
      </trkpt>
      <trkpt lat="-7.92996" lon="110.2738">
        <ele>31.2</ele>
      </trkpt>
      <trkpt lat="-7.929465" lon="110.274435">
        <ele>31.1</ele>
      </trkpt>
      <trkpt lat="-7.92897" lon="110.27507">
        <ele>31.0</ele>
      </trkpt>
      <trkpt lat="-7.92855" lon="110.27555">
        <ele>30.8</ele>
      </trkpt>
      <trkpt lat="-7.928185" lon="110.27591">
        <ele>30.7</ele>
      </trkpt>
      <trkpt lat="-7.92782" lon="110.27627">
        <ele>30.7</ele>
      </trkpt>
      <trkpt lat="-7.9273" lon="110.27675">
        <ele>30.8</ele>
      </trkpt>
      <trkpt lat="-7.926758" lon="110.277266">
        <ele>30.7</ele>
      </trkpt>
      <trkpt lat="-7.926216" lon="110.277782">
        <ele>30.8</ele>
      </trkpt>
      <trkpt lat="-7.925674" lon="110.278298">
        <ele>30.9</ele>
      </trkpt>
      <trkpt lat="-7.925132" lon="110.278814">
        <ele>31.2</ele>
      </trkpt>
      <trkpt lat="-7.92459" lon="110.27933">
        <ele>31.4</ele>
      </trkpt>
      <trkpt lat="-7.92432" lon="110.27955">
        <ele>31.5</ele>
      </trkpt>
      <trkpt lat="-7.923657" lon="110.280022">
        <ele>31.7</ele>
      </trkpt>
      <trkpt lat="-7.922995" lon="110.280495">
        <ele>31.9</ele>
      </trkpt>
      <trkpt lat="-7.922332" lon="110.280967">
        <ele>32.1</ele>
      </trkpt>
      <trkpt lat="-7.92167" lon="110.28144">
        <ele>32.4</ele>
      </trkpt>
      <trkpt lat="-7.92121" lon="110.281745">
        <ele>32.4</ele>
      </trkpt>
      <trkpt lat="-7.92075" lon="110.28205">
        <ele>32.6</ele>
      </trkpt>
      <trkpt lat="-7.920056" lon="110.282533">
        <ele>33.0</ele>
      </trkpt>
      <trkpt lat="-7.919362" lon="110.283016">
        <ele>33.2</ele>
      </trkpt>
      <trkpt lat="-7.918668" lon="110.283499">
        <ele>33.4</ele>
      </trkpt>
      <trkpt lat="-7.917974" lon="110.283982">
        <ele>33.9</ele>
      </trkpt>
      <trkpt lat="-7.91728" lon="110.284465">
        <ele>34.0</ele>
      </trkpt>
      <trkpt lat="-7.916586" lon="110.284948">
        <ele>34.1</ele>
      </trkpt>
      <trkpt lat="-7.915892" lon="110.285431">
        <ele>34.2</ele>
      </trkpt>
      <trkpt lat="-7.915198" lon="110.285914">
        <ele>34.4</ele>
      </trkpt>
      <trkpt lat="-7.914504" lon="110.286397">
        <ele>34.5</ele>
      </trkpt>
      <trkpt lat="-7.91381" lon="110.28688">
        <ele>34.7</ele>
      </trkpt>
      <trkpt lat="-7.91344" lon="110.28715">
        <ele>34.8</ele>
      </trkpt>
      <trkpt lat="-7.91307" lon="110.28742">
        <ele>35.1</ele>
      </trkpt>
      <trkpt lat="-7.91291" lon="110.28755">
        <ele>35.1</ele>
      </trkpt>
      <trkpt lat="-7.91283" lon="110.28764">
        <ele>35.2</ele>
      </trkpt>
      <trkpt lat="-7.91274" lon="110.2878">
        <ele>35.2</ele>
      </trkpt>
      <trkpt lat="-7.912525" lon="110.288435">
        <ele>35.4</ele>
      </trkpt>
      <trkpt lat="-7.91231" lon="110.28907">
        <ele>35.7</ele>
      </trkpt>
      <trkpt lat="-7.91221" lon="110.28902">
        <ele>36.5</ele>
      </trkpt>
      <trkpt lat="-7.911647" lon="110.289625">
        <ele>35.8</ele>
      </trkpt>
      <trkpt lat="-7.911085" lon="110.29023">
        <ele>36.2</ele>
      </trkpt>
      <trkpt lat="-7.910522" lon="110.290835">
        <ele>36.7</ele>
      </trkpt>
      <trkpt lat="-7.90996" lon="110.29144">
        <ele>37.4</ele>
      </trkpt>
      <trkpt lat="-7.90943" lon="110.291905">
        <ele>37.7</ele>
      </trkpt>
      <trkpt lat="-7.9089" lon="110.29237">
        <ele>38.0</ele>
      </trkpt>
      <trkpt lat="-7.908405" lon="110.29282">
        <ele>38.1</ele>
      </trkpt>
      <trkpt lat="-7.90791" lon="110.29327">
        <ele>38.2</ele>
      </trkpt>
      <trkpt lat="-7.90773" lon="110.29339">
        <ele>38.5</ele>
      </trkpt>
      <trkpt lat="-7.90748" lon="110.29346">
        <ele>38.5</ele>
      </trkpt>
      <trkpt lat="-7.90694" lon="110.29353">
        <ele>38.5</ele>
      </trkpt>
      <trkpt lat="-7.9065" lon="110.29367">
        <ele>38.8</ele>
      </trkpt>
      <trkpt lat="-7.90626" lon="110.29384">
        <ele>39.0</ele>
      </trkpt>
      <trkpt lat="-7.90603" lon="110.29417">
        <ele>39.0</ele>
      </trkpt>
      <trkpt lat="-7.90596" lon="110.29423">
        <ele>39.1</ele>
      </trkpt>
      <trkpt lat="-7.90544" lon="110.29442">
        <ele>39.3</ele>
      </trkpt>
      <trkpt lat="-7.90471" lon="110.29486">
        <ele>39.7</ele>
      </trkpt>
      <trkpt lat="-7.90425" lon="110.295465">
        <ele>39.9</ele>
      </trkpt>
      <trkpt lat="-7.90379" lon="110.29607">
        <ele>40.5</ele>
      </trkpt>
      <trkpt lat="-7.90364" lon="110.296575">
        <ele>40.5</ele>
      </trkpt>
      <trkpt lat="-7.90349" lon="110.29708">
        <ele>40.8</ele>
      </trkpt>
      <trkpt lat="-7.90299" lon="110.29781">
        <ele>41.5</ele>
      </trkpt>
      <trkpt lat="-7.90274" lon="110.29774">
        <ele>41.5</ele>
      </trkpt>
      <trkpt lat="-7.90203" lon="110.29759">
        <ele>41.9</ele>
      </trkpt>
      <trkpt lat="-7.901534" lon="110.297559">
        <ele>42.1</ele>
      </trkpt>
      <trkpt lat="-7.90104" lon="110.29753">
        <ele>42.1</ele>
      </trkpt>
      <trkpt lat="-7.90019" lon="110.29765">
        <ele>42.1</ele>
      </trkpt>
      <trkpt lat="-7.90002" lon="110.29769">
        <ele>42.1</ele>
      </trkpt>
      <trkpt lat="-7.89994" lon="110.29772">
        <ele>42.1</ele>
      </trkpt>
      <trkpt lat="-7.89972" lon="110.29771">
        <ele>42.3</ele>
      </trkpt>
      <trkpt lat="-7.89897" lon="110.29784">
        <ele>43.0</ele>
      </trkpt>
      <trkpt lat="-7.89867" lon="110.29796">
        <ele>42.9</ele>
      </trkpt>
      <trkpt lat="-7.89829" lon="110.29808">
        <ele>42.6</ele>
      </trkpt>
      <trkpt lat="-7.8981" lon="110.29812">
        <ele>42.7</ele>
      </trkpt>
      <trkpt lat="-7.897356" lon="110.298186">
        <ele>43.3</ele>
      </trkpt>
      <trkpt lat="-7.896613" lon="110.298253">
        <ele>43.6</ele>
      </trkpt>
      <trkpt lat="-7.89587" lon="110.29832">
        <ele>43.7</ele>
      </trkpt>
      <trkpt lat="-7.89564" lon="110.29837">
        <ele>43.8</ele>
      </trkpt>
      <trkpt lat="-7.89536" lon="110.2985">
        <ele>44.0</ele>
      </trkpt>
      <trkpt lat="-7.89507" lon="110.29867">
        <ele>44.3</ele>
      </trkpt>
      <trkpt lat="-7.89493" lon="110.29878">
        <ele>44.3</ele>
      </trkpt>
      <trkpt lat="-7.89473" lon="110.29901">
        <ele>44.5</ele>
      </trkpt>
      <trkpt lat="-7.8946" lon="110.29912">
        <ele>44.7</ele>
      </trkpt>
      <trkpt lat="-7.89444" lon="110.29919">
        <ele>44.8</ele>
      </trkpt>
      <trkpt lat="-7.89411" lon="110.29926">
        <ele>44.9</ele>
      </trkpt>
      <trkpt lat="-7.89402" lon="110.29931">
        <ele>44.9</ele>
      </trkpt>
      <trkpt lat="-7.89388" lon="110.29935">
        <ele>44.9</ele>
      </trkpt>
      <trkpt lat="-7.8937" lon="110.29937">
        <ele>44.9</ele>
      </trkpt>
      <trkpt lat="-7.89355" lon="110.29937">
        <ele>44.9</ele>
      </trkpt>
      <trkpt lat="-7.89338" lon="110.2994">
        <ele>45.0</ele>
      </trkpt>
      <trkpt lat="-7.89324" lon="110.29946">
        <ele>45.0</ele>
      </trkpt>
      <trkpt lat="-7.89317" lon="110.29952">
        <ele>45.0</ele>
      </trkpt>
      <trkpt lat="-7.89299" lon="110.29978">
        <ele>45.0</ele>
      </trkpt>
      <trkpt lat="-7.89294" lon="110.29999">
        <ele>45.0</ele>
      </trkpt>
      <trkpt lat="-7.89286" lon="110.30074">
        <ele>45.2</ele>
      </trkpt>
      <trkpt lat="-7.89278" lon="110.30133">
        <ele>45.3</ele>
      </trkpt>
      <trkpt lat="-7.8927" lon="110.30192">
        <ele>45.2</ele>
      </trkpt>
      <trkpt lat="-7.8928" lon="110.30232">
        <ele>45.6</ele>
      </trkpt>
      <trkpt lat="-7.89279" lon="110.30242">
        <ele>45.8</ele>
      </trkpt>
      <trkpt lat="-7.89273" lon="110.30248">
        <ele>45.7</ele>
      </trkpt>
      <trkpt lat="-7.892" lon="110.30275">
        <ele>46.0</ele>
      </trkpt>
      <trkpt lat="-7.89127" lon="110.30302">
        <ele>46.6</ele>
      </trkpt>
      <trkpt lat="-7.89054" lon="110.30329">
        <ele>46.9</ele>
      </trkpt>
      <trkpt lat="-7.89015" lon="110.30339">
        <ele>46.9</ele>
      </trkpt>
      <trkpt lat="-7.88951" lon="110.30341">
        <ele>47.2</ele>
      </trkpt>
      <trkpt lat="-7.88906" lon="110.30348">
        <ele>47.5</ele>
      </trkpt>
      <trkpt lat="-7.88829" lon="110.30371">
        <ele>47.9</ele>
      </trkpt>
      <trkpt lat="-7.88832" lon="110.30371">
        <ele>47.9</ele>
      </trkpt>
      <trkpt lat="-7.88819" lon="110.30374">
        <ele>47.9</ele>
      </trkpt>
      <trkpt lat="-7.888477" lon="110.304559">
        <ele>47.0</ele>
      </trkpt>
      <trkpt lat="-7.888765" lon="110.305379">
        <ele>47.1</ele>
      </trkpt>
      <trkpt lat="-7.889052" lon="110.306199">
        <ele>47.2</ele>
      </trkpt>
      <trkpt lat="-7.88934" lon="110.30702">
        <ele>47.6</ele>
      </trkpt>
      <trkpt lat="-7.88935" lon="110.30718">
        <ele>47.6</ele>
      </trkpt>
      <trkpt lat="-7.88932" lon="110.30726">
        <ele>47.6</ele>
      </trkpt>
      <trkpt lat="-7.88909" lon="110.30742">
        <ele>47.7</ele>
      </trkpt>
      <trkpt lat="-7.88893" lon="110.30757">
        <ele>47.9</ele>
      </trkpt>
      <trkpt lat="-7.889" lon="110.30781">
        <ele>48.2</ele>
      </trkpt>
      <trkpt lat="-7.88907" lon="110.30817">
        <ele>48.2</ele>
      </trkpt>
      <trkpt lat="-7.88931" lon="110.30902">
        <ele>49.0</ele>
      </trkpt>
      <trkpt lat="-7.88885" lon="110.309105">
        <ele>49.1</ele>
      </trkpt>
      <trkpt lat="-7.88839" lon="110.30919">
        <ele>49.1</ele>
      </trkpt>
      <trkpt lat="-7.88814" lon="110.30925">
        <ele>49.2</ele>
      </trkpt>
      <trkpt lat="-7.88825" lon="110.30961">
        <ele>48.9</ele>
      </trkpt>
      <trkpt lat="-7.88855" lon="110.31034">
        <ele>47.6</ele>
      </trkpt>
      <trkpt lat="-7.88848" lon="110.31053">
        <ele>47.4</ele>
      </trkpt>
      <trkpt lat="-7.88847" lon="110.31066">
        <ele>47.3</ele>
      </trkpt>
      <trkpt lat="-7.88851" lon="110.31097">
        <ele>47.4</ele>
      </trkpt>
      <trkpt lat="-7.8886" lon="110.31137">
        <ele>47.7</ele>
      </trkpt>
      <trkpt lat="-7.88874" lon="110.31176">
        <ele>48.4</ele>
      </trkpt>
      <trkpt lat="-7.88887" lon="110.31169">
        <ele>48.3</ele>
      </trkpt>
      <trkpt lat="-7.889" lon="110.31208">
        <ele>48.2</ele>
      </trkpt>
      <trkpt lat="-7.889225" lon="110.312911">
        <ele>48.3</ele>
      </trkpt>
      <trkpt lat="-7.88945" lon="110.313743">
        <ele>48.9</ele>
      </trkpt>
      <trkpt lat="-7.889675" lon="110.314574">
        <ele>49.6</ele>
      </trkpt>
      <trkpt lat="-7.8899" lon="110.315406">
        <ele>50.4</ele>
      </trkpt>
      <trkpt lat="-7.890125" lon="110.316238">
        <ele>50.3</ele>
      </trkpt>
      <trkpt lat="-7.89035" lon="110.31707">
        <ele>50.4</ele>
      </trkpt>
      <trkpt lat="-7.89057" lon="110.31794">
        <ele>49.9</ele>
      </trkpt>
      <trkpt lat="-7.89056" lon="110.31865">
        <ele>49.7</ele>
      </trkpt>
      <trkpt lat="-7.89063" lon="110.319399">
        <ele>49.8</ele>
      </trkpt>
      <trkpt lat="-7.8907" lon="110.32015">
        <ele>49.6</ele>
      </trkpt>
      <trkpt lat="-7.89072" lon="110.32086">
        <ele>49.5</ele>
      </trkpt>
      <trkpt lat="-7.89074" lon="110.32157">
        <ele>49.4</ele>
      </trkpt>
      <trkpt lat="-7.89071" lon="110.3219">
        <ele>49.5</ele>
      </trkpt>
      <trkpt lat="-7.89069" lon="110.3226">
        <ele>49.1</ele>
      </trkpt>
      <trkpt lat="-7.89064" lon="110.32271">
        <ele>49.1</ele>
      </trkpt>
      <trkpt lat="-7.89049" lon="110.32286">
        <ele>48.9</ele>
      </trkpt>
      <trkpt lat="-7.89045" lon="110.32294">
        <ele>48.9</ele>
      </trkpt>
      <trkpt lat="-7.89045" lon="110.32303">
        <ele>48.9</ele>
      </trkpt>
      <trkpt lat="-7.89062" lon="110.32392">
        <ele>48.8</ele>
      </trkpt>
      <trkpt lat="-7.889863" lon="110.324016">
        <ele>48.8</ele>
      </trkpt>
      <trkpt lat="-7.889106" lon="110.324113">
        <ele>49.1</ele>
      </trkpt>
      <trkpt lat="-7.88835" lon="110.32421">
        <ele>49.5</ele>
      </trkpt>
      <trkpt lat="-7.88809" lon="110.32429">
        <ele>49.6</ele>
      </trkpt>
      <trkpt lat="-7.8878" lon="110.32442">
        <ele>49.7</ele>
      </trkpt>
      <trkpt lat="-7.88762" lon="110.32443">
        <ele>49.8</ele>
      </trkpt>
      <trkpt lat="-7.88764" lon="110.32443">
        <ele>49.8</ele>
      </trkpt>
      <trkpt lat="-7.88746" lon="110.32445">
        <ele>49.9</ele>
      </trkpt>
      <trkpt lat="-7.88752" lon="110.32454">
        <ele>49.9</ele>
      </trkpt>
      <trkpt lat="-7.88756" lon="110.32463">
        <ele>49.7</ele>
      </trkpt>
      <trkpt lat="-7.8877" lon="110.32533">
        <ele>49.3</ele>
      </trkpt>
      <trkpt lat="-7.88781" lon="110.3262">
        <ele>48.9</ele>
      </trkpt>
      <trkpt lat="-7.88799" lon="110.32685">
        <ele>48.8</ele>
      </trkpt>
      <trkpt lat="-7.88724" lon="110.32711">
        <ele>49.3</ele>
      </trkpt>
      <trkpt lat="-7.88751" lon="110.32791">
        <ele>49.2</ele>
      </trkpt>
      <trkpt lat="-7.88829" lon="110.32762">
        <ele>48.9</ele>
      </trkpt>
      <trkpt lat="-7.8884" lon="110.32783">
        <ele>49.4</ele>
      </trkpt>
      <trkpt lat="-7.88853" lon="110.32805">
        <ele>50.5</ele>
      </trkpt>
      <trkpt lat="-7.88874" lon="110.32817">
        <ele>49.8</ele>
      </trkpt>
      <trkpt lat="-7.88907" lon="110.32833">
        <ele>49.7</ele>
      </trkpt>
      <trkpt lat="-7.88911" lon="110.32842">
        <ele>49.5</ele>
      </trkpt>
      <trkpt lat="-7.88916" lon="110.32866">
        <ele>49.5</ele>
      </trkpt>
      <trkpt lat="-7.889345" lon="110.329289">
        <ele>49.6</ele>
      </trkpt>
      <trkpt lat="-7.88953" lon="110.32992">
        <ele>49.6</ele>
      </trkpt>
      <trkpt lat="-7.88973" lon="110.33036">
        <ele>49.8</ele>
      </trkpt>
      <trkpt lat="-7.88978" lon="110.33058">
        <ele>49.7</ele>
      </trkpt>
      <trkpt lat="-7.88987" lon="110.33102">
        <ele>49.4</ele>
      </trkpt>
      <trkpt lat="-7.8901" lon="110.331734">
        <ele>49.4</ele>
      </trkpt>
      <trkpt lat="-7.89033" lon="110.33245">
        <ele>49.5</ele>
      </trkpt>
      <trkpt lat="-7.89093" lon="110.333079">
        <ele>48.9</ele>
      </trkpt>
      <trkpt lat="-7.89153" lon="110.333709">
        <ele>48.4</ele>
      </trkpt>
      <trkpt lat="-7.89213" lon="110.33434">
        <ele>48.5</ele>
      </trkpt>
      <trkpt lat="-7.89269" lon="110.334767">
        <ele>48.4</ele>
      </trkpt>
      <trkpt lat="-7.89325" lon="110.335194">
        <ele>47.8</ele>
      </trkpt>
      <trkpt lat="-7.89381" lon="110.335622">
        <ele>47.5</ele>
      </trkpt>
      <trkpt lat="-7.89437" lon="110.33605">
        <ele>47.4</ele>
      </trkpt>
      <trkpt lat="-7.895053" lon="110.336559">
        <ele>47.1</ele>
      </trkpt>
      <trkpt lat="-7.895736" lon="110.337069">
        <ele>46.6</ele>
      </trkpt>
      <trkpt lat="-7.89642" lon="110.33758">
        <ele>46.5</ele>
      </trkpt>
      <trkpt lat="-7.89668" lon="110.33773">
        <ele>46.4</ele>
      </trkpt>
      <trkpt lat="-7.89704" lon="110.33805">
        <ele>46.0</ele>
      </trkpt>
      <trkpt lat="-7.89723" lon="110.33828">
        <ele>45.9</ele>
      </trkpt>
      <trkpt lat="-7.897456" lon="110.339123">
        <ele>45.8</ele>
      </trkpt>
      <trkpt lat="-7.897683" lon="110.339966">
        <ele>45.7</ele>
      </trkpt>
      <trkpt lat="-7.89791" lon="110.34081">
        <ele>46.1</ele>
      </trkpt>
      <trkpt lat="-7.89803" lon="110.3409">
        <ele>46.1</ele>
      </trkpt>
      <trkpt lat="-7.89791" lon="110.34081">
        <ele>46.1</ele>
      </trkpt>
      <trkpt lat="-7.898" lon="110.34119">
        <ele>46.4</ele>
      </trkpt>
      <trkpt lat="-7.898" lon="110.34139">
        <ele>46.5</ele>
      </trkpt>
      <trkpt lat="-7.89798" lon="110.3415">
        <ele>46.5</ele>
      </trkpt>
      <trkpt lat="-7.8979" lon="110.3417">
        <ele>46.6</ele>
      </trkpt>
      <trkpt lat="-7.89786" lon="110.34188">
        <ele>46.7</ele>
      </trkpt>
      <trkpt lat="-7.89798" lon="110.34235">
        <ele>46.7</ele>
      </trkpt>
      <trkpt lat="-7.89817" lon="110.34286">
        <ele>46.7</ele>
      </trkpt>
      <trkpt lat="-7.8981" lon="110.34348">
        <ele>46.5</ele>
      </trkpt>
      <trkpt lat="-7.898205" lon="110.344019">
        <ele>46.1</ele>
      </trkpt>
      <trkpt lat="-7.89831" lon="110.34456">
        <ele>46.2</ele>
      </trkpt>
      <trkpt lat="-7.89843" lon="110.345359">
        <ele>46.2</ele>
      </trkpt>
      <trkpt lat="-7.89855" lon="110.34616">
        <ele>46.1</ele>
      </trkpt>
      <trkpt lat="-7.89944" lon="110.34605">
        <ele>45.5</ele>
      </trkpt>
      <trkpt lat="-7.90033" lon="110.34594">
        <ele>45.1</ele>
      </trkpt>
      <trkpt lat="-7.90034" lon="110.34593">
        <ele>45.1</ele>
      </trkpt>
      <trkpt lat="-7.90088" lon="110.345865">
        <ele>44.9</ele>
      </trkpt>
      <trkpt lat="-7.90142" lon="110.3458">
        <ele>44.5</ele>
      </trkpt>
      <trkpt lat="-7.901553" lon="110.346499">
        <ele>41.0</ele>
      </trkpt>
      <trkpt lat="-7.901686" lon="110.347199">
        <ele>39.2</ele>
      </trkpt>
      <trkpt lat="-7.90182" lon="110.3479">
        <ele>37.0</ele>
      </trkpt>
      <trkpt lat="-7.90191" lon="110.348344">
        <ele>41.0</ele>
      </trkpt>
      <trkpt lat="-7.902" lon="110.34879">
        <ele>43.9</ele>
      </trkpt>
      <trkpt lat="-7.90217" lon="110.34947">
        <ele>43.8</ele>
      </trkpt>
      <trkpt lat="-7.90221" lon="110.34959">
        <ele>43.6</ele>
      </trkpt>
      <trkpt lat="-7.90249" lon="110.35031">
        <ele>42.3</ele>
      </trkpt>
      <trkpt lat="-7.9025" lon="110.35045">
        <ele>42.1</ele>
      </trkpt>
      <trkpt lat="-7.90256" lon="110.35052">
        <ele>42.1</ele>
      </trkpt>
      <trkpt lat="-7.90274" lon="110.35059">
        <ele>42.0</ele>
      </trkpt>
      <trkpt lat="-7.9029" lon="110.35058">
        <ele>41.9</ele>
      </trkpt>
      <trkpt lat="-7.90296" lon="110.35061">
        <ele>41.7</ele>
      </trkpt>
      <trkpt lat="-7.90298" lon="110.35066">
        <ele>41.6</ele>
      </trkpt>
      <trkpt lat="-7.90314" lon="110.35105">
        <ele>40.2</ele>
      </trkpt>
      <trkpt lat="-7.9032" lon="110.35138">
        <ele>40.7</ele>
      </trkpt>
      <trkpt lat="-7.90319" lon="110.35153">
        <ele>40.4</ele>
      </trkpt>
      <trkpt lat="-7.90312" lon="110.35163">
        <ele>40.1</ele>
      </trkpt>
      <trkpt lat="-7.9034" lon="110.35186">
        <ele>40.6</ele>
      </trkpt>
      <trkpt lat="-7.90345" lon="110.35196">
        <ele>41.2</ele>
      </trkpt>
      <trkpt lat="-7.90347" lon="110.35258">
        <ele>44.5</ele>
      </trkpt>
      <trkpt lat="-7.903954" lon="110.35254">
        <ele>44.3</ele>
      </trkpt>
      <trkpt lat="-7.90444" lon="110.3525">
        <ele>44.0</ele>
      </trkpt>
      <trkpt lat="-7.90494" lon="110.352465">
        <ele>43.7</ele>
      </trkpt>
      <trkpt lat="-7.90544" lon="110.35243">
        <ele>43.6</ele>
      </trkpt>
      <trkpt lat="-7.9056" lon="110.35301">
        <ele>42.9</ele>
      </trkpt>
      <trkpt lat="-7.905783" lon="110.353819">
        <ele>42.5</ele>
      </trkpt>
      <trkpt lat="-7.905966" lon="110.354629">
        <ele>42.3</ele>
      </trkpt>
      <trkpt lat="-7.90615" lon="110.35544">
        <ele>42.2</ele>
      </trkpt>
      <trkpt lat="-7.90622" lon="110.35575">
        <ele>42.5</ele>
      </trkpt>
      <trkpt lat="-7.90629" lon="110.3562">
        <ele>42.8</ele>
      </trkpt>
      <trkpt lat="-7.90647" lon="110.35682">
        <ele>43.0</ele>
      </trkpt>
      <trkpt lat="-7.906636" lon="110.357543">
        <ele>42.4</ele>
      </trkpt>
      <trkpt lat="-7.906802" lon="110.358267">
        <ele>41.7</ele>
      </trkpt>
      <trkpt lat="-7.906968" lon="110.358991">
        <ele>41.3</ele>
      </trkpt>
      <trkpt lat="-7.907134" lon="110.359715">
        <ele>41.9</ele>
      </trkpt>
      <trkpt lat="-7.9073" lon="110.36044">
        <ele>42.0</ele>
      </trkpt>
      <trkpt lat="-7.907475" lon="110.361112">
        <ele>41.9</ele>
      </trkpt>
      <trkpt lat="-7.90765" lon="110.361784">
        <ele>42.0</ele>
      </trkpt>
      <trkpt lat="-7.907825" lon="110.362457">
        <ele>41.9</ele>
      </trkpt>
      <trkpt lat="-7.908" lon="110.36313">
        <ele>42.1</ele>
      </trkpt>
      <trkpt lat="-7.90799" lon="110.36313">
        <ele>42.1</ele>
      </trkpt>
      <trkpt lat="-7.90805" lon="110.36334">
        <ele>42.2</ele>
      </trkpt>
      <trkpt lat="-7.908715" lon="110.363215">
        <ele>42.0</ele>
      </trkpt>
      <trkpt lat="-7.90938" lon="110.36309">
        <ele>41.8</ele>
      </trkpt>
      <trkpt lat="-7.90952" lon="110.36318">
        <ele>41.7</ele>
      </trkpt>
      <trkpt lat="-7.909744" lon="110.364039">
        <ele>41.1</ele>
      </trkpt>
      <trkpt lat="-7.909968" lon="110.364899">
        <ele>41.1</ele>
      </trkpt>
      <trkpt lat="-7.910192" lon="110.365759">
        <ele>41.1</ele>
      </trkpt>
      <trkpt lat="-7.910416" lon="110.366619">
        <ele>40.5</ele>
      </trkpt>
      <trkpt lat="-7.91064" lon="110.36748">
        <ele>39.1</ele>
      </trkpt>
      <trkpt lat="-7.91067" lon="110.36762">
        <ele>39.0</ele>
      </trkpt>
      <trkpt lat="-7.91067" lon="110.36772">
        <ele>38.6</ele>
      </trkpt>
      <trkpt lat="-7.91063" lon="110.36798">
        <ele>38.4</ele>
      </trkpt>
      <trkpt lat="-7.91057" lon="110.36827">
        <ele>38.7</ele>
      </trkpt>
      <trkpt lat="-7.91044" lon="110.36856">
        <ele>39.0</ele>
      </trkpt>
      <trkpt lat="-7.910125" lon="110.369185">
        <ele>40.0</ele>
      </trkpt>
      <trkpt lat="-7.90981" lon="110.36981">
        <ele>40.7</ele>
      </trkpt>
      <trkpt lat="-7.90969" lon="110.36995">
        <ele>40.7</ele>
      </trkpt>
      <trkpt lat="-7.90971" lon="110.37005">
        <ele>40.7</ele>
      </trkpt>
      <trkpt lat="-7.90969" lon="110.36995">
        <ele>40.7</ele>
      </trkpt>
      <trkpt lat="-7.90882" lon="110.37005">
        <ele>40.5</ele>
      </trkpt>
      <trkpt lat="-7.90796" lon="110.37017">
        <ele>41.0</ele>
      </trkpt>
      <trkpt lat="-7.907266" lon="110.370276">
        <ele>41.7</ele>
      </trkpt>
      <trkpt lat="-7.906573" lon="110.370383">
        <ele>42.3</ele>
      </trkpt>
      <trkpt lat="-7.90588" lon="110.37049">
        <ele>42.2</ele>
      </trkpt>
      <trkpt lat="-7.90589" lon="110.37049">
        <ele>42.2</ele>
      </trkpt>
      <trkpt lat="-7.90527" lon="110.37059">
        <ele>42.2</ele>
      </trkpt>
      <trkpt lat="-7.904447" lon="110.37074">
        <ele>43.0</ele>
      </trkpt>
      <trkpt lat="-7.903625" lon="110.37089">
        <ele>43.0</ele>
      </trkpt>
      <trkpt lat="-7.902802" lon="110.37104">
        <ele>43.3</ele>
      </trkpt>
      <trkpt lat="-7.90198" lon="110.37119">
        <ele>43.3</ele>
      </trkpt>
      <trkpt lat="-7.90137" lon="110.371293">
        <ele>43.4</ele>
      </trkpt>
      <trkpt lat="-7.90076" lon="110.371396">
        <ele>43.9</ele>
      </trkpt>
      <trkpt lat="-7.90015" lon="110.3715">
        <ele>44.1</ele>
      </trkpt>
      <trkpt lat="-7.899452" lon="110.37162">
        <ele>44.5</ele>
      </trkpt>
      <trkpt lat="-7.898755" lon="110.37174">
        <ele>45.0</ele>
      </trkpt>
      <trkpt lat="-7.898057" lon="110.37186">
        <ele>45.0</ele>
      </trkpt>
      <trkpt lat="-7.89736" lon="110.37198">
        <ele>46.1</ele>
      </trkpt>
      <trkpt lat="-7.89737" lon="110.37198">
        <ele>46.1</ele>
      </trkpt>
      <trkpt lat="-7.89721" lon="110.372">
        <ele>46.5</ele>
      </trkpt>
      <trkpt lat="-7.89726" lon="110.372484">
        <ele>46.4</ele>
      </trkpt>
      <trkpt lat="-7.89731" lon="110.37297">
        <ele>46.4</ele>
      </trkpt>
      <trkpt lat="-7.897417" lon="110.373854">
        <ele>46.2</ele>
      </trkpt>
      <trkpt lat="-7.897525" lon="110.374739">
        <ele>46.2</ele>
      </trkpt>
      <trkpt lat="-7.897632" lon="110.375624">
        <ele>46.2</ele>
      </trkpt>
      <trkpt lat="-7.89774" lon="110.37651">
        <ele>46.6</ele>
      </trkpt>
      <trkpt lat="-7.89781" lon="110.377184">
        <ele>46.5</ele>
      </trkpt>
      <trkpt lat="-7.89788" lon="110.37786">
        <ele>46.7</ele>
      </trkpt>
      <trkpt lat="-7.89796" lon="110.37842">
        <ele>46.8</ele>
      </trkpt>
      <trkpt lat="-7.897203" lon="110.378556">
        <ele>46.7</ele>
      </trkpt>
      <trkpt lat="-7.896446" lon="110.378693">
        <ele>46.8</ele>
      </trkpt>
      <trkpt lat="-7.89569" lon="110.37883">
        <ele>47.3</ele>
      </trkpt>
      <trkpt lat="-7.895165" lon="110.378915">
        <ele>47.4</ele>
      </trkpt>
      <trkpt lat="-7.89464" lon="110.379">
        <ele>47.7</ele>
      </trkpt>
      <trkpt lat="-7.89389" lon="110.379148">
        <ele>47.9</ele>
      </trkpt>
      <trkpt lat="-7.89314" lon="110.379296">
        <ele>48.0</ele>
      </trkpt>
      <trkpt lat="-7.89239" lon="110.379444">
        <ele>48.1</ele>
      </trkpt>
      <trkpt lat="-7.89164" lon="110.379592">
        <ele>48.4</ele>
      </trkpt>
      <trkpt lat="-7.89089" lon="110.37974">
        <ele>49.1</ele>
      </trkpt>
      <trkpt lat="-7.89059" lon="110.37969">
        <ele>49.1</ele>
      </trkpt>
      <trkpt lat="-7.89056" lon="110.37977">
        <ele>49.1</ele>
      </trkpt>
      <trkpt lat="-7.8905" lon="110.37983">
        <ele>48.9</ele>
      </trkpt>
      <trkpt lat="-7.889629" lon="110.37998">
        <ele>48.9</ele>
      </trkpt>
      <trkpt lat="-7.88876" lon="110.38013">
        <ele>49.2</ele>
      </trkpt>
      <trkpt lat="-7.888174" lon="110.380245">
        <ele>49.5</ele>
      </trkpt>
      <trkpt lat="-7.88759" lon="110.38036">
        <ele>49.7</ele>
      </trkpt>
      <trkpt lat="-7.88742" lon="110.38041">
        <ele>49.7</ele>
      </trkpt>
      <trkpt lat="-7.88733" lon="110.38049">
        <ele>49.6</ele>
      </trkpt>
      <trkpt lat="-7.88691" lon="110.38023">
        <ele>50.0</ele>
      </trkpt>
      <trkpt lat="-7.88672" lon="110.38009">
        <ele>50.2</ele>
      </trkpt>
      <trkpt lat="-7.8866" lon="110.38005">
        <ele>50.2</ele>
      </trkpt>
      <trkpt lat="-7.88609" lon="110.38006">
        <ele>50.1</ele>
      </trkpt>
      <trkpt lat="-7.88599" lon="110.38009">
        <ele>50.0</ele>
      </trkpt>
      <trkpt lat="-7.88577" lon="110.38023">
        <ele>50.0</ele>
      </trkpt>
      <trkpt lat="-7.88549" lon="110.3803">
        <ele>50.1</ele>
      </trkpt>
      <trkpt lat="-7.8855" lon="110.3803">
        <ele>50.1</ele>
      </trkpt>
      <trkpt lat="-7.88529" lon="110.38036">
        <ele>50.1</ele>
      </trkpt>
      <trkpt lat="-7.88527" lon="110.38035">
        <ele>50.1</ele>
      </trkpt>
      <trkpt lat="-7.8851" lon="110.38005">
        <ele>50.1</ele>
      </trkpt>
      <trkpt lat="-7.88496" lon="110.38005">
        <ele>50.1</ele>
      </trkpt>
      <trkpt lat="-7.88494" lon="110.38003">
        <ele>50.1</ele>
      </trkpt>
      <trkpt lat="-7.88488" lon="110.37964">
        <ele>50.1</ele>
      </trkpt>
      <trkpt lat="-7.884086" lon="110.379793">
        <ele>50.3</ele>
      </trkpt>
      <trkpt lat="-7.883292" lon="110.379947">
        <ele>50.7</ele>
      </trkpt>
      <trkpt lat="-7.882498" lon="110.380101">
        <ele>51.1</ele>
      </trkpt>
      <trkpt lat="-7.881705" lon="110.380255">
        <ele>51.4</ele>
      </trkpt>
      <trkpt lat="-7.880911" lon="110.380408">
        <ele>51.9</ele>
      </trkpt>
      <trkpt lat="-7.880117" lon="110.380562">
        <ele>52.3</ele>
      </trkpt>
      <trkpt lat="-7.879323" lon="110.380716">
        <ele>52.7</ele>
      </trkpt>
      <trkpt lat="-7.87853" lon="110.38087">
        <ele>53.5</ele>
      </trkpt>
      <trkpt lat="-7.87853" lon="110.3809">
        <ele>53.5</ele>
      </trkpt>
      <trkpt lat="-7.87853" lon="110.38087">
        <ele>53.5</ele>
      </trkpt>
      <trkpt lat="-7.87856" lon="110.38122">
        <ele>53.5</ele>
      </trkpt>
      <trkpt lat="-7.87866" lon="110.38164">
        <ele>53.5</ele>
      </trkpt>
      <trkpt lat="-7.87884" lon="110.38205">
        <ele>53.8</ele>
      </trkpt>
      <trkpt lat="-7.879" lon="110.38224">
        <ele>53.9</ele>
      </trkpt>
      <trkpt lat="-7.8793" lon="110.382649">
        <ele>53.8</ele>
      </trkpt>
      <trkpt lat="-7.8796" lon="110.38306">
        <ele>53.9</ele>
      </trkpt>
      <trkpt lat="-7.87961" lon="110.38311">
        <ele>53.9</ele>
      </trkpt>
      <trkpt lat="-7.879213" lon="110.383716">
        <ele>53.9</ele>
      </trkpt>
      <trkpt lat="-7.878816" lon="110.384323">
        <ele>54.2</ele>
      </trkpt>
      <trkpt lat="-7.87842" lon="110.38493">
        <ele>54.2</ele>
      </trkpt>
      <trkpt lat="-7.87829" lon="110.385399">
        <ele>54.4</ele>
      </trkpt>
      <trkpt lat="-7.87816" lon="110.38587">
        <ele>54.3</ele>
      </trkpt>
      <trkpt lat="-7.87778" lon="110.38587">
        <ele>54.5</ele>
      </trkpt>
      <trkpt lat="-7.87698" lon="110.38591">
        <ele>55.0</ele>
      </trkpt>
      <trkpt lat="-7.87616" lon="110.38598">
        <ele>55.1</ele>
      </trkpt>
      <trkpt lat="-7.875395" lon="110.386025">
        <ele>55.6</ele>
      </trkpt>
      <trkpt lat="-7.87463" lon="110.38607">
        <ele>55.8</ele>
      </trkpt>
      <trkpt lat="-7.87464" lon="110.38607">
        <ele>55.8</ele>
      </trkpt>
      <trkpt lat="-7.873875" lon="110.386125">
        <ele>56.3</ele>
      </trkpt>
      <trkpt lat="-7.87311" lon="110.38618">
        <ele>57.2</ele>
      </trkpt>
      <trkpt lat="-7.872474" lon="110.3862">
        <ele>58.0</ele>
      </trkpt>
      <trkpt lat="-7.87184" lon="110.38622">
        <ele>58.8</ele>
      </trkpt>
      <trkpt lat="-7.871562" lon="110.38697">
        <ele>58.5</ele>
      </trkpt>
      <trkpt lat="-7.871285" lon="110.38772">
        <ele>58.4</ele>
      </trkpt>
      <trkpt lat="-7.871007" lon="110.38847">
        <ele>58.6</ele>
      </trkpt>
      <trkpt lat="-7.87073" lon="110.38922">
        <ele>58.4</ele>
      </trkpt>
      <trkpt lat="-7.87051" lon="110.38973">
        <ele>58.0</ele>
      </trkpt>
      <trkpt lat="-7.87028" lon="110.39036">
        <ele>57.8</ele>
      </trkpt>
      <trkpt lat="-7.87002" lon="110.39095">
        <ele>55.5</ele>
      </trkpt>
      <trkpt lat="-7.86992" lon="110.39116">
        <ele>56.5</ele>
      </trkpt>
      <trkpt lat="-7.869626" lon="110.392">
        <ele>59.2</ele>
      </trkpt>
      <trkpt lat="-7.869333" lon="110.39284">
        <ele>59.3</ele>
      </trkpt>
      <trkpt lat="-7.86904" lon="110.39368">
        <ele>58.9</ele>
      </trkpt>
      <trkpt lat="-7.86897" lon="110.39412">
        <ele>58.8</ele>
      </trkpt>
      <trkpt lat="-7.86899" lon="110.39476">
        <ele>58.4</ele>
      </trkpt>
      <trkpt lat="-7.86901" lon="110.3954">
        <ele>58.6</ele>
      </trkpt>
      <trkpt lat="-7.86906" lon="110.39626">
        <ele>58.7</ele>
      </trkpt>
      <trkpt lat="-7.86908" lon="110.396805">
        <ele>58.9</ele>
      </trkpt>
      <trkpt lat="-7.8691" lon="110.39735">
        <ele>59.3</ele>
      </trkpt>
      <trkpt lat="-7.86914" lon="110.398167">
        <ele>59.8</ele>
      </trkpt>
      <trkpt lat="-7.86918" lon="110.398984">
        <ele>60.3</ele>
      </trkpt>
      <trkpt lat="-7.86922" lon="110.399802">
        <ele>60.5</ele>
      </trkpt>
      <trkpt lat="-7.86926" lon="110.40062">
        <ele>60.7</ele>
      </trkpt>
      <trkpt lat="-7.86927" lon="110.40055">
        <ele>60.7</ele>
      </trkpt>
      <trkpt lat="-7.868605" lon="110.400785">
        <ele>60.3</ele>
      </trkpt>
      <trkpt lat="-7.86794" lon="110.40102">
        <ele>60.6</ele>
      </trkpt>
      <trkpt lat="-7.86747" lon="110.40117">
        <ele>60.8</ele>
      </trkpt>
      <trkpt lat="-7.867" lon="110.40132">
        <ele>61.1</ele>
      </trkpt>
      <trkpt lat="-7.866215" lon="110.401595">
        <ele>61.1</ele>
      </trkpt>
      <trkpt lat="-7.86543" lon="110.40187">
        <ele>61.9</ele>
      </trkpt>
      <trkpt lat="-7.865553" lon="110.402699">
        <ele>62.2</ele>
      </trkpt>
      <trkpt lat="-7.865676" lon="110.403529">
        <ele>63.0</ele>
      </trkpt>
      <trkpt lat="-7.8658" lon="110.40436">
        <ele>63.0</ele>
      </trkpt>
      <trkpt lat="-7.86588" lon="110.40519">
        <ele>63.1</ele>
      </trkpt>
      <trkpt lat="-7.86604" lon="110.405947">
        <ele>63.8</ele>
      </trkpt>
      <trkpt lat="-7.8662" lon="110.406704">
        <ele>63.8</ele>
      </trkpt>
      <trkpt lat="-7.86636" lon="110.407462">
        <ele>63.4</ele>
      </trkpt>
      <trkpt lat="-7.86652" lon="110.40822">
        <ele>62.8</ele>
      </trkpt>
      <trkpt lat="-7.86665" lon="110.408909">
        <ele>62.7</ele>
      </trkpt>
      <trkpt lat="-7.86678" lon="110.409599">
        <ele>62.8</ele>
      </trkpt>
      <trkpt lat="-7.86691" lon="110.41029">
        <ele>62.4</ele>
      </trkpt>
      <trkpt lat="-7.867185" lon="110.411047">
        <ele>60.9</ele>
      </trkpt>
      <trkpt lat="-7.86746" lon="110.411804">
        <ele>60.8</ele>
      </trkpt>
      <trkpt lat="-7.867735" lon="110.412562">
        <ele>61.0</ele>
      </trkpt>
      <trkpt lat="-7.86801" lon="110.41332">
        <ele>61.4</ele>
      </trkpt>
      <trkpt lat="-7.86797" lon="110.41333">
        <ele>61.4</ele>
      </trkpt>
      <trkpt lat="-7.86801" lon="110.41332">
        <ele>61.4</ele>
      </trkpt>
      <trkpt lat="-7.86841" lon="110.41323">
        <ele>61.5</ele>
      </trkpt>
      <trkpt lat="-7.869105" lon="110.413025">
        <ele>60.5</ele>
      </trkpt>
      <trkpt lat="-7.8698" lon="110.41282">
        <ele>59.9</ele>
      </trkpt>
      <trkpt lat="-7.870383" lon="110.412623">
        <ele>59.6</ele>
      </trkpt>
      <trkpt lat="-7.870966" lon="110.412426">
        <ele>59.4</ele>
      </trkpt>
      <trkpt lat="-7.87155" lon="110.41223">
        <ele>59.7</ele>
      </trkpt>
      <trkpt lat="-7.87173" lon="110.41257">
        <ele>59.6</ele>
      </trkpt>
      <trkpt lat="-7.872085" lon="110.412889">
        <ele>57.2</ele>
      </trkpt>
      <trkpt lat="-7.87244" lon="110.41321">
        <ele>54.2</ele>
      </trkpt>
      <trkpt lat="-7.8729" lon="110.413666">
        <ele>55.3</ele>
      </trkpt>
      <trkpt lat="-7.87336" lon="110.414123">
        <ele>58.3</ele>
      </trkpt>
      <trkpt lat="-7.87382" lon="110.41458">
        <ele>60.3</ele>
      </trkpt>
      <trkpt lat="-7.87392" lon="110.41465">
        <ele>60.4</ele>
      </trkpt>
      <trkpt lat="-7.87339" lon="110.41487">
        <ele>60.0</ele>
      </trkpt>
      <trkpt lat="-7.87297" lon="110.41506">
        <ele>60.0</ele>
      </trkpt>
      <trkpt lat="-7.87257" lon="110.41519">
        <ele>60.0</ele>
      </trkpt>
      <trkpt lat="-7.87231" lon="110.41532">
        <ele>60.1</ele>
      </trkpt>
      <trkpt lat="-7.87248" lon="110.41574">
        <ele>60.9</ele>
      </trkpt>
      <trkpt lat="-7.87254" lon="110.41607">
        <ele>61.1</ele>
      </trkpt>
      <trkpt lat="-7.87254" lon="110.41638">
        <ele>63.0</ele>
      </trkpt>
      <trkpt lat="-7.871949" lon="110.416515">
        <ele>63.3</ele>
      </trkpt>
      <trkpt lat="-7.87136" lon="110.41665">
        <ele>63.5</ele>
      </trkpt>
      <trkpt lat="-7.87106" lon="110.41674">
        <ele>63.6</ele>
      </trkpt>
      <trkpt lat="-7.87084" lon="110.41682">
        <ele>63.7</ele>
      </trkpt>
      <trkpt lat="-7.87037" lon="110.41712">
        <ele>63.8</ele>
      </trkpt>
      <trkpt lat="-7.87016" lon="110.41723">
        <ele>64.0</ele>
      </trkpt>
      <trkpt lat="-7.87009" lon="110.4173">
        <ele>64.0</ele>
      </trkpt>
      <trkpt lat="-7.87006" lon="110.4175">
        <ele>64.0</ele>
      </trkpt>
      <trkpt lat="-7.87007" lon="110.41779">
        <ele>64.0</ele>
      </trkpt>
      <trkpt lat="-7.87018" lon="110.41827">
        <ele>63.8</ele>
      </trkpt>
      <trkpt lat="-7.87016" lon="110.41835">
        <ele>63.9</ele>
      </trkpt>
      <trkpt lat="-7.87011" lon="110.41839">
        <ele>63.9</ele>
      </trkpt>
      <trkpt lat="-7.86971" lon="110.41853">
        <ele>63.5</ele>
      </trkpt>
      <trkpt lat="-7.86945" lon="110.41865">
        <ele>63.7</ele>
      </trkpt>
      <trkpt lat="-7.86936" lon="110.41872">
        <ele>64.1</ele>
      </trkpt>
      <trkpt lat="-7.86917" lon="110.41909">
        <ele>64.5</ele>
      </trkpt>
      <trkpt lat="-7.86901" lon="110.41926">
        <ele>64.7</ele>
      </trkpt>
      <trkpt lat="-7.86847" lon="110.41949">
        <ele>65.0</ele>
      </trkpt>
      <trkpt lat="-7.86782" lon="110.41981">
        <ele>65.6</ele>
      </trkpt>
      <trkpt lat="-7.86711" lon="110.419945">
        <ele>65.4</ele>
      </trkpt>
      <trkpt lat="-7.8664" lon="110.42008">
        <ele>65.9</ele>
      </trkpt>
      <trkpt lat="-7.866" lon="110.42022">
        <ele>66.6</ele>
      </trkpt>
      <trkpt lat="-7.86577" lon="110.42039">
        <ele>67.4</ele>
      </trkpt>
      <trkpt lat="-7.86556" lon="110.42063">
        <ele>67.9</ele>
      </trkpt>
      <trkpt lat="-7.86532" lon="110.42073">
        <ele>67.9</ele>
      </trkpt>
      <trkpt lat="-7.864814" lon="110.42084">
        <ele>67.7</ele>
      </trkpt>
      <trkpt lat="-7.86431" lon="110.42095">
        <ele>67.8</ele>
      </trkpt>
      <trkpt lat="-7.86378" lon="110.42111">
        <ele>68.1</ele>
      </trkpt>
      <trkpt lat="-7.86351" lon="110.42115">
        <ele>68.4</ele>
      </trkpt>
      <trkpt lat="-7.86302" lon="110.42109">
        <ele>68.4</ele>
      </trkpt>
      <trkpt lat="-7.86267" lon="110.42111">
        <ele>68.7</ele>
      </trkpt>
      <trkpt lat="-7.86199" lon="110.42132">
        <ele>68.9</ele>
      </trkpt>
      <trkpt lat="-7.86159" lon="110.42152">
        <ele>69.5</ele>
      </trkpt>
      <trkpt lat="-7.86142" lon="110.42164">
        <ele>69.8</ele>
      </trkpt>
      <trkpt lat="-7.86108" lon="110.42196">
        <ele>70.0</ele>
      </trkpt>
      <trkpt lat="-7.86098" lon="110.42211">
        <ele>69.7</ele>
      </trkpt>
      <trkpt lat="-7.86089" lon="110.42237">
        <ele>68.9</ele>
      </trkpt>
      <trkpt lat="-7.86056" lon="110.42295">
        <ele>68.4</ele>
      </trkpt>
      <trkpt lat="-7.86012" lon="110.42356">
        <ele>68.0</ele>
      </trkpt>
      <trkpt lat="-7.85972" lon="110.42402">
        <ele>67.9</ele>
      </trkpt>
      <trkpt lat="-7.85948" lon="110.42424">
        <ele>68.0</ele>
      </trkpt>
      <trkpt lat="-7.85933" lon="110.42436">
        <ele>68.0</ele>
      </trkpt>
      <trkpt lat="-7.85934" lon="110.42436">
        <ele>68.0</ele>
      </trkpt>
      <trkpt lat="-7.85889" lon="110.42474">
        <ele>68.1</ele>
      </trkpt>
      <trkpt lat="-7.85868" lon="110.42487">
        <ele>68.3</ele>
      </trkpt>
      <trkpt lat="-7.85861" lon="110.42494">
        <ele>68.2</ele>
      </trkpt>
      <trkpt lat="-7.85857" lon="110.42525">
        <ele>68.1</ele>
      </trkpt>
      <trkpt lat="-7.85858" lon="110.42532">
        <ele>68.1</ele>
      </trkpt>
      <trkpt lat="-7.858715" lon="110.425874">
        <ele>68.7</ele>
      </trkpt>
      <trkpt lat="-7.85885" lon="110.42643">
        <ele>69.7</ele>
      </trkpt>
      <trkpt lat="-7.85884" lon="110.42662">
        <ele>70.2</ele>
      </trkpt>
      <trkpt lat="-7.85878" lon="110.4268">
        <ele>70.4</ele>
      </trkpt>
      <trkpt lat="-7.85871" lon="110.42683">
        <ele>71.5</ele>
      </trkpt>
      <trkpt lat="-7.85859" lon="110.42685">
        <ele>71.9</ele>
      </trkpt>
      <trkpt lat="-7.85817" lon="110.42686">
        <ele>72.5</ele>
      </trkpt>
      <trkpt lat="-7.85784" lon="110.42693">
        <ele>71.6</ele>
      </trkpt>
      <trkpt lat="-7.85777" lon="110.42698">
        <ele>70.9</ele>
      </trkpt>
      <trkpt lat="-7.8577" lon="110.42706">
        <ele>70.9</ele>
      </trkpt>
      <trkpt lat="-7.85763" lon="110.42741">
        <ele>68.7</ele>
      </trkpt>
      <trkpt lat="-7.85758" lon="110.42748">
        <ele>68.3</ele>
      </trkpt>
      <trkpt lat="-7.85744" lon="110.42758">
        <ele>67.7</ele>
      </trkpt>
      <trkpt lat="-7.85716" lon="110.42766">
        <ele>67.6</ele>
      </trkpt>
      <trkpt lat="-7.85694" lon="110.42778">
        <ele>67.6</ele>
      </trkpt>
      <trkpt lat="-7.85671" lon="110.42798">
        <ele>67.2</ele>
      </trkpt>
      <trkpt lat="-7.85636" lon="110.42833">
        <ele>67.3</ele>
      </trkpt>
      <trkpt lat="-7.85633" lon="110.42845">
        <ele>67.6</ele>
      </trkpt>
      <trkpt lat="-7.8564" lon="110.42856">
        <ele>67.7</ele>
      </trkpt>
      <trkpt lat="-7.85669" lon="110.42886">
        <ele>69.1</ele>
      </trkpt>
      <trkpt lat="-7.8569" lon="110.429359">
        <ele>69.7</ele>
      </trkpt>
      <trkpt lat="-7.85711" lon="110.42986">
        <ele>69.8</ele>
      </trkpt>
      <trkpt lat="-7.85711" lon="110.43001">
        <ele>69.8</ele>
      </trkpt>
      <trkpt lat="-7.85707" lon="110.43015">
        <ele>69.6</ele>
      </trkpt>
      <trkpt lat="-7.85697" lon="110.43028">
        <ele>69.1</ele>
      </trkpt>
      <trkpt lat="-7.85639" lon="110.4304">
        <ele>69.1</ele>
      </trkpt>
      <trkpt lat="-7.85615" lon="110.43048">
        <ele>69.4</ele>
      </trkpt>
      <trkpt lat="-7.85579" lon="110.4307">
        <ele>69.6</ele>
      </trkpt>
      <trkpt lat="-7.855335" lon="110.43101">
        <ele>70.0</ele>
      </trkpt>
      <trkpt lat="-7.85488" lon="110.43132">
        <ele>70.4</ele>
      </trkpt>
      <trkpt lat="-7.85423" lon="110.43165">
        <ele>70.8</ele>
      </trkpt>
      <trkpt lat="-7.853664" lon="110.431875">
        <ele>71.1</ele>
      </trkpt>
      <trkpt lat="-7.8531" lon="110.4321">
        <ele>71.6</ele>
      </trkpt>
      <trkpt lat="-7.85252" lon="110.43237">
        <ele>71.8</ele>
      </trkpt>
      <trkpt lat="-7.8524" lon="110.43245">
        <ele>71.8</ele>
      </trkpt>
      <trkpt lat="-7.85215" lon="110.43264">
        <ele>71.8</ele>
      </trkpt>
      <trkpt lat="-7.851755" lon="110.43296">
        <ele>71.9</ele>
      </trkpt>
      <trkpt lat="-7.85136" lon="110.43328">
        <ele>71.8</ele>
      </trkpt>
      <trkpt lat="-7.85097" lon="110.43367">
        <ele>71.8</ele>
      </trkpt>
      <trkpt lat="-7.85059" lon="110.43389">
        <ele>72.0</ele>
      </trkpt>
      <trkpt lat="-7.85017" lon="110.43406">
        <ele>71.8</ele>
      </trkpt>
      <trkpt lat="-7.85" lon="110.43421">
        <ele>71.9</ele>
      </trkpt>
      <trkpt lat="-7.84982" lon="110.43458">
        <ele>72.5</ele>
      </trkpt>
      <trkpt lat="-7.84979" lon="110.43474">
        <ele>72.5</ele>
      </trkpt>
      <trkpt lat="-7.84977" lon="110.43504">
        <ele>72.7</ele>
      </trkpt>
      <trkpt lat="-7.8497" lon="110.43527">
        <ele>72.8</ele>
      </trkpt>
      <trkpt lat="-7.8494" lon="110.43589">
        <ele>73.4</ele>
      </trkpt>
      <trkpt lat="-7.84895" lon="110.436665">
        <ele>74.4</ele>
      </trkpt>
      <trkpt lat="-7.8485" lon="110.43744">
        <ele>74.3</ele>
      </trkpt>
      <trkpt lat="-7.84801" lon="110.43814">
        <ele>75.2</ele>
      </trkpt>
      <trkpt lat="-7.84784" lon="110.43867">
        <ele>75.1</ele>
      </trkpt>
      <trkpt lat="-7.8478" lon="110.43885">
        <ele>74.8</ele>
      </trkpt>
      <trkpt lat="-7.84752" lon="110.43954">
        <ele>75.0</ele>
      </trkpt>
      <trkpt lat="-7.84731" lon="110.43986">
        <ele>75.6</ele>
      </trkpt>
      <trkpt lat="-7.84715" lon="110.43998">
        <ele>76.2</ele>
      </trkpt>
      <trkpt lat="-7.84672" lon="110.43997">
        <ele>76.7</ele>
      </trkpt>
      <trkpt lat="-7.8461" lon="110.43991">
        <ele>76.6</ele>
      </trkpt>
      <trkpt lat="-7.84581" lon="110.43991">
        <ele>76.1</ele>
      </trkpt>
      <trkpt lat="-7.84559" lon="110.43998">
        <ele>75.8</ele>
      </trkpt>
      <trkpt lat="-7.84515" lon="110.44016">
        <ele>75.9</ele>
      </trkpt>
      <trkpt lat="-7.84506" lon="110.44023">
        <ele>76.1</ele>
      </trkpt>
      <trkpt lat="-7.84501" lon="110.4403">
        <ele>76.1</ele>
      </trkpt>
      <trkpt lat="-7.84499" lon="110.44038">
        <ele>76.1</ele>
      </trkpt>
      <trkpt lat="-7.84508" lon="110.44084">
        <ele>76.7</ele>
      </trkpt>
      <trkpt lat="-7.84503" lon="110.44091">
        <ele>76.7</ele>
      </trkpt>
      <trkpt lat="-7.84498" lon="110.44095">
        <ele>76.7</ele>
      </trkpt>
      <trkpt lat="-7.844395" lon="110.441145">
        <ele>77.1</ele>
      </trkpt>
      <trkpt lat="-7.84381" lon="110.44134">
        <ele>77.2</ele>
      </trkpt>
      <trkpt lat="-7.84365" lon="110.44143">
        <ele>77.2</ele>
      </trkpt>
      <trkpt lat="-7.84353" lon="110.44155">
        <ele>77.3</ele>
      </trkpt>
      <trkpt lat="-7.84341" lon="110.44163">
        <ele>77.5</ele>
      </trkpt>
      <trkpt lat="-7.84334" lon="110.44165">
        <ele>77.5</ele>
      </trkpt>
      <trkpt lat="-7.84249" lon="110.441695">
        <ele>78.1</ele>
      </trkpt>
      <trkpt lat="-7.84164" lon="110.44174">
        <ele>78.1</ele>
      </trkpt>
      <trkpt lat="-7.84079" lon="110.441785">
        <ele>78.2</ele>
      </trkpt>
      <trkpt lat="-7.83994" lon="110.44183">
        <ele>78.6</ele>
      </trkpt>
      <trkpt lat="-7.83909" lon="110.441875">
        <ele>79.1</ele>
      </trkpt>
      <trkpt lat="-7.83824" lon="110.44192">
        <ele>79.6</ele>
      </trkpt>
      <trkpt lat="-7.83739" lon="110.441965">
        <ele>80.0</ele>
      </trkpt>
      <trkpt lat="-7.83654" lon="110.44201">
        <ele>80.3</ele>
      </trkpt>
      <trkpt lat="-7.83569" lon="110.442055">
        <ele>80.6</ele>
      </trkpt>
      <trkpt lat="-7.83484" lon="110.4421">
        <ele>80.8</ele>
      </trkpt>
      <trkpt lat="-7.83399" lon="110.442145">
        <ele>81.2</ele>
      </trkpt>
      <trkpt lat="-7.83314" lon="110.44219">
        <ele>82.1</ele>
      </trkpt>
      <trkpt lat="-7.83229" lon="110.442235">
        <ele>82.6</ele>
      </trkpt>
      <trkpt lat="-7.83144" lon="110.44228">
        <ele>83.4</ele>
      </trkpt>
      <trkpt lat="-7.83059" lon="110.442325">
        <ele>84.0</ele>
      </trkpt>
      <trkpt lat="-7.82974" lon="110.44237">
        <ele>84.3</ele>
      </trkpt>
      <trkpt lat="-7.82889" lon="110.442415">
        <ele>85.0</ele>
      </trkpt>
      <trkpt lat="-7.82804" lon="110.44246">
        <ele>86.1</ele>
      </trkpt>
      <trkpt lat="-7.82805" lon="110.44245">
        <ele>86.0</ele>
      </trkpt>
      <trkpt lat="-7.82736" lon="110.44248">
        <ele>86.1</ele>
      </trkpt>
      <trkpt lat="-7.826739" lon="110.442495">
        <ele>86.4</ele>
      </trkpt>
      <trkpt lat="-7.82612" lon="110.44251">
        <ele>86.8</ele>
      </trkpt>
      <trkpt lat="-7.825323" lon="110.442503">
        <ele>87.0</ele>
      </trkpt>
      <trkpt lat="-7.824527" lon="110.442497">
        <ele>87.6</ele>
      </trkpt>
      <trkpt lat="-7.823731" lon="110.442491">
        <ele>88.1</ele>
      </trkpt>
      <trkpt lat="-7.822935" lon="110.442485">
        <ele>88.8</ele>
      </trkpt>
      <trkpt lat="-7.82214" lon="110.44248">
        <ele>89.5</ele>
      </trkpt>
      <trkpt lat="-7.82129" lon="110.4425">
        <ele>90.2</ele>
      </trkpt>
      <trkpt lat="-7.8213" lon="110.4425">
        <ele>90.2</ele>
      </trkpt>
      <trkpt lat="-7.82118" lon="110.4425">
        <ele>90.3</ele>
      </trkpt>
      <trkpt lat="-7.821055" lon="110.441714">
        <ele>89.8</ele>
      </trkpt>
      <trkpt lat="-7.82093" lon="110.44093">
        <ele>89.8</ele>
      </trkpt>
      <trkpt lat="-7.82089" lon="110.44062">
        <ele>90.0</ele>
      </trkpt>
      <trkpt lat="-7.82092" lon="110.44052">
        <ele>90.0</ele>
      </trkpt>
      <trkpt lat="-7.82011" lon="110.44013">
        <ele>90.8</ele>
      </trkpt>
      <trkpt lat="-7.82" lon="110.44002">
        <ele>90.8</ele>
      </trkpt>
      <trkpt lat="-7.81995" lon="110.43986">
        <ele>90.7</ele>
      </trkpt>
      <trkpt lat="-7.81953" lon="110.43972">
        <ele>90.2</ele>
      </trkpt>
      <trkpt lat="-7.81946" lon="110.43971">
        <ele>90.2</ele>
      </trkpt>
      <trkpt lat="-7.81908" lon="110.43978">
        <ele>89.2</ele>
      </trkpt>
      <trkpt lat="-7.81894" lon="110.43978">
        <ele>89.1</ele>
      </trkpt>
      <trkpt lat="-7.81868" lon="110.43984">
        <ele>88.7</ele>
      </trkpt>
      <trkpt lat="-7.81851" lon="110.43958">
        <ele>88.8</ele>
      </trkpt>
      <trkpt lat="-7.81847" lon="110.43939">
        <ele>89.0</ele>
      </trkpt>
      <trkpt lat="-7.81845" lon="110.43919">
        <ele>89.4</ele>
      </trkpt>
      <trkpt lat="-7.81834" lon="110.43888">
        <ele>90.9</ele>
      </trkpt>
      <trkpt lat="-7.81828" lon="110.43865">
        <ele>91.4</ele>
      </trkpt>
      <trkpt lat="-7.81827" lon="110.43828">
        <ele>91.7</ele>
      </trkpt>
      <trkpt lat="-7.81823" lon="110.43755">
        <ele>92.2</ele>
      </trkpt>
      <trkpt lat="-7.81809" lon="110.437094">
        <ele>92.0</ele>
      </trkpt>
      <trkpt lat="-7.81795" lon="110.43664">
        <ele>92.4</ele>
      </trkpt>
      <trkpt lat="-7.817676" lon="110.435863">
        <ele>92.8</ele>
      </trkpt>
      <trkpt lat="-7.817403" lon="110.435086">
        <ele>92.9</ele>
      </trkpt>
      <trkpt lat="-7.81713" lon="110.43431">
        <ele>93.7</ele>
      </trkpt>
      <trkpt lat="-7.81688" lon="110.4335">
        <ele>93.8</ele>
      </trkpt>
      <trkpt lat="-7.81658" lon="110.43382">
        <ele>94.2</ele>
      </trkpt>
      <trkpt lat="-7.81631" lon="110.43385">
        <ele>94.4</ele>
      </trkpt>
      <trkpt lat="-7.815774" lon="110.433875">
        <ele>95.1</ele>
      </trkpt>
      <trkpt lat="-7.81524" lon="110.4339">
        <ele>95.4</ele>
      </trkpt>
      <trkpt lat="-7.81518" lon="110.4334">
        <ele>93.8</ele>
      </trkpt>
      <trkpt lat="-7.81512" lon="110.4329">
        <ele>93.0</ele>
      </trkpt>
      <trkpt lat="-7.81505" lon="110.43262">
        <ele>92.0</ele>
      </trkpt>
      <trkpt lat="-7.81491" lon="110.43221">
        <ele>92.5</ele>
      </trkpt>
      <trkpt lat="-7.81478" lon="110.431724">
        <ele>94.0</ele>
      </trkpt>
      <trkpt lat="-7.81465" lon="110.43124">
        <ele>95.1</ele>
      </trkpt>
      <trkpt lat="-7.81461" lon="110.431">
        <ele>95.7</ele>
      </trkpt>
      <trkpt lat="-7.81457" lon="110.43068">
        <ele>95.4</ele>
      </trkpt>
      <trkpt lat="-7.81482" lon="110.43064">
        <ele>95.2</ele>
      </trkpt>
      <trkpt lat="-7.81465" lon="110.429939">
        <ele>95.4</ele>
      </trkpt>
      <trkpt lat="-7.81448" lon="110.429239">
        <ele>95.7</ele>
      </trkpt>
      <trkpt lat="-7.81431" lon="110.42854">
        <ele>95.7</ele>
      </trkpt>
      <trkpt lat="-7.81421" lon="110.42806">
        <ele>96.0</ele>
      </trkpt>
      <trkpt lat="-7.81392" lon="110.427609">
        <ele>96.2</ele>
      </trkpt>
      <trkpt lat="-7.81363" lon="110.42716">
        <ele>96.7</ele>
      </trkpt>
      <trkpt lat="-7.81341" lon="110.42674">
        <ele>96.9</ele>
      </trkpt>
      <trkpt lat="-7.812815" lon="110.42676">
        <ele>97.4</ele>
      </trkpt>
      <trkpt lat="-7.81222" lon="110.42678">
        <ele>97.7</ele>
      </trkpt>
      <trkpt lat="-7.81167" lon="110.426764">
        <ele>98.7</ele>
      </trkpt>
      <trkpt lat="-7.81112" lon="110.42675">
        <ele>99.8</ele>
      </trkpt>
      <trkpt lat="-7.81033" lon="110.42676">
        <ele>100.2</ele>
      </trkpt>
      <trkpt lat="-7.809676" lon="110.426836">
        <ele>100.2</ele>
      </trkpt>
      <trkpt lat="-7.809023" lon="110.426913">
        <ele>100.3</ele>
      </trkpt>
      <trkpt lat="-7.80837" lon="110.42699">
        <ele>100.7</ele>
      </trkpt>
      <trkpt lat="-7.80777" lon="110.42708">
        <ele>100.9</ele>
      </trkpt>
      <trkpt lat="-7.80709" lon="110.42715">
        <ele>101.8</ele>
      </trkpt>
      <trkpt lat="-7.80697" lon="110.42717">
        <ele>101.8</ele>
      </trkpt>
      <trkpt lat="-7.806124" lon="110.427245">
        <ele>102.1</ele>
      </trkpt>
      <trkpt lat="-7.80528" lon="110.42732">
        <ele>104.6</ele>
      </trkpt>
      <trkpt lat="-7.80524" lon="110.42663">
        <ele>105.0</ele>
      </trkpt>
      <trkpt lat="-7.80515" lon="110.42632">
        <ele>105.4</ele>
      </trkpt>
      <trkpt lat="-7.80495" lon="110.42591">
        <ele>105.4</ele>
      </trkpt>
      <trkpt lat="-7.80468" lon="110.42543">
        <ele>105.3</ele>
      </trkpt>
      <trkpt lat="-7.80459" lon="110.4252">
        <ele>105.5</ele>
      </trkpt>
      <trkpt lat="-7.80438" lon="110.42462">
        <ele>105.7</ele>
      </trkpt>
      <trkpt lat="-7.80426" lon="110.42407">
        <ele>105.8</ele>
      </trkpt>
      <trkpt lat="-7.80425" lon="110.42352">
        <ele>105.6</ele>
      </trkpt>
      <trkpt lat="-7.80421" lon="110.4234">
        <ele>105.6</ele>
      </trkpt>
      <trkpt lat="-7.80409" lon="110.4233">
        <ele>105.4</ele>
      </trkpt>
      <trkpt lat="-7.80388" lon="110.42318">
        <ele>105.1</ele>
      </trkpt>
      <trkpt lat="-7.80391" lon="110.4232">
        <ele>105.2</ele>
      </trkpt>
      <trkpt lat="-7.80382" lon="110.42314">
        <ele>105.0</ele>
      </trkpt>
      <trkpt lat="-7.80347" lon="110.422689">
        <ele>103.9</ele>
      </trkpt>
      <trkpt lat="-7.80312" lon="110.42224">
        <ele>103.8</ele>
      </trkpt>
      <trkpt lat="-7.80299" lon="110.42198">
        <ele>104.0</ele>
      </trkpt>
      <trkpt lat="-7.80289" lon="110.42162">
        <ele>105.2</ele>
      </trkpt>
      <trkpt lat="-7.80286" lon="110.421105">
        <ele>105.8</ele>
      </trkpt>
      <trkpt lat="-7.80283" lon="110.42059">
        <ele>104.8</ele>
      </trkpt>
      <trkpt lat="-7.80213" lon="110.42056">
        <ele>105.5</ele>
      </trkpt>
      <trkpt lat="-7.80173" lon="110.42058">
        <ele>105.9</ele>
      </trkpt>
      <trkpt lat="-7.80123" lon="110.42058">
        <ele>106.4</ele>
      </trkpt>
      <trkpt lat="-7.80075" lon="110.42063">
        <ele>107.0</ele>
      </trkpt>
      <trkpt lat="-7.800123" lon="110.420683">
        <ele>107.6</ele>
      </trkpt>
      <trkpt lat="-7.799496" lon="110.420736">
        <ele>107.5</ele>
      </trkpt>
      <trkpt lat="-7.79887" lon="110.42079">
        <ele>106.7</ele>
      </trkpt>
      <trkpt lat="-7.79874" lon="110.42078">
        <ele>106.6</ele>
      </trkpt>
      <trkpt lat="-7.79871" lon="110.4207">
        <ele>106.5</ele>
      </trkpt>
      <trkpt lat="-7.79867" lon="110.42052">
        <ele>106.2</ele>
      </trkpt>
      <trkpt lat="-7.79863" lon="110.41985">
        <ele>105.1</ele>
      </trkpt>
      <trkpt lat="-7.79862" lon="110.419046">
        <ele>105.0</ele>
      </trkpt>
      <trkpt lat="-7.79861" lon="110.418243">
        <ele>108.5</ele>
      </trkpt>
      <trkpt lat="-7.7986" lon="110.41744">
        <ele>110.7</ele>
      </trkpt>
      <trkpt lat="-7.7986" lon="110.416556">
        <ele>111.7</ele>
      </trkpt>
      <trkpt lat="-7.7986" lon="110.415673">
        <ele>111.8</ele>
      </trkpt>
      <trkpt lat="-7.7986" lon="110.41479">
        <ele>111.6</ele>
      </trkpt>
      <trkpt lat="-7.7986" lon="110.413906">
        <ele>111.7</ele>
      </trkpt>
      <trkpt lat="-7.7986" lon="110.413023">
        <ele>111.8</ele>
      </trkpt>
      <trkpt lat="-7.7986" lon="110.41214">
        <ele>111.6</ele>
      </trkpt>
      <trkpt lat="-7.79859" lon="110.411379">
        <ele>111.5</ele>
      </trkpt>
      <trkpt lat="-7.79858" lon="110.41062">
        <ele>111.7</ele>
      </trkpt>
      <trkpt lat="-7.79857" lon="110.40986">
        <ele>111.8</ele>
      </trkpt>
      <trkpt lat="-7.79815" lon="110.40989">
        <ele>111.8</ele>
      </trkpt>
      <trkpt lat="-7.79729" lon="110.4099">
        <ele>112.6</ele>
      </trkpt>
      <trkpt lat="-7.79708" lon="110.40985">
        <ele>112.8</ele>
      </trkpt>
      <trkpt lat="-7.796204" lon="110.409882">
        <ele>113.6</ele>
      </trkpt>
      <trkpt lat="-7.795327" lon="110.409914">
        <ele>114.6</ele>
      </trkpt>
      <trkpt lat="-7.794451" lon="110.409946">
        <ele>115.3</ele>
      </trkpt>
      <trkpt lat="-7.793575" lon="110.409978">
        <ele>115.9</ele>
      </trkpt>
      <trkpt lat="-7.7927" lon="110.41001">
        <ele>116.9</ele>
      </trkpt>
      <trkpt lat="-7.792089" lon="110.41004">
        <ele>117.9</ele>
      </trkpt>
      <trkpt lat="-7.79148" lon="110.41007">
        <ele>118.7</ele>
      </trkpt>
      <trkpt lat="-7.790863" lon="110.41008">
        <ele>118.6</ele>
      </trkpt>
      <trkpt lat="-7.790246" lon="110.41009">
        <ele>119.6</ele>
      </trkpt>
      <trkpt lat="-7.78963" lon="110.4101">
        <ele>120.6</ele>
      </trkpt>
      <trkpt lat="-7.788904" lon="110.410125">
        <ele>121.5</ele>
      </trkpt>
      <trkpt lat="-7.78818" lon="110.41015">
        <ele>122.3</ele>
      </trkpt>
      <trkpt lat="-7.78819" lon="110.41003">
        <ele>121.9</ele>
      </trkpt>
      <trkpt lat="-7.78819" lon="110.41001">
        <ele>121.8</ele>
      </trkpt>
      <trkpt lat="-7.78824" lon="110.4094">
        <ele>120.9</ele>
      </trkpt>
      <trkpt lat="-7.78824" lon="110.40909">
        <ele>120.3</ele>
      </trkpt>
      <trkpt lat="-7.78829" lon="110.40858">
        <ele>119.7</ele>
      </trkpt>
      <trkpt lat="-7.78831" lon="110.40799">
        <ele>119.2</ele>
      </trkpt>
      <trkpt lat="-7.78821" lon="110.40796">
        <ele>119.3</ele>
      </trkpt>
      <trkpt lat="-7.78781" lon="110.40804">
        <ele>119.6</ele>
      </trkpt>
      <trkpt lat="-7.78769" lon="110.408">
        <ele>119.9</ele>
      </trkpt>
      <trkpt lat="-7.78755" lon="110.40799">
        <ele>120.2</ele>
      </trkpt>
      <trkpt lat="-7.787575" lon="110.407465">
        <ele>120.6</ele>
      </trkpt>
      <trkpt lat="-7.7876" lon="110.40694">
        <ele>121.0</ele>
      </trkpt>
      <trkpt lat="-7.787645" lon="110.40644">
        <ele>121.7</ele>
      </trkpt>
      <trkpt lat="-7.78769" lon="110.40594">
        <ele>122.6</ele>
      </trkpt>
      <trkpt lat="-7.78771" lon="110.40538">
        <ele>123.2</ele>
      </trkpt>
      <trkpt lat="-7.7883" lon="110.40524">
        <ele>122.0</ele>
      </trkpt>
      <trkpt lat="-7.7888" lon="110.40516">
        <ele>121.1</ele>
      </trkpt>
      <trkpt lat="-7.788705" lon="110.404329">
        <ele>121.3</ele>
      </trkpt>
      <trkpt lat="-7.78861" lon="110.4035">
        <ele>121.8</ele>
      </trkpt>
      <trkpt lat="-7.78857" lon="110.40322">
        <ele>121.9</ele>
      </trkpt>
      <trkpt lat="-7.788515" lon="110.402644">
        <ele>121.6</ele>
      </trkpt>
      <trkpt lat="-7.78846" lon="110.40207">
        <ele>121.6</ele>
      </trkpt>
      <trkpt lat="-7.78842" lon="110.40161">
        <ele>121.3</ele>
      </trkpt>
      <trkpt lat="-7.78832" lon="110.4012">
        <ele>121.3</ele>
      </trkpt>
      <trkpt lat="-7.78822" lon="110.40087">
        <ele>121.3</ele>
      </trkpt>
      <trkpt lat="-7.78816" lon="110.40077">
        <ele>121.4</ele>
      </trkpt>
      <trkpt lat="-7.78805" lon="110.40072">
        <ele>121.6</ele>
      </trkpt>
      <trkpt lat="-7.78791" lon="110.40068">
        <ele>121.6</ele>
      </trkpt>
      <trkpt lat="-7.78788" lon="110.40038">
        <ele>121.7</ele>
      </trkpt>
      <trkpt lat="-7.78772" lon="110.39952">
        <ele>122.7</ele>
      </trkpt>
      <trkpt lat="-7.786826" lon="110.399583">
        <ele>123.2</ele>
      </trkpt>
      <trkpt lat="-7.785933" lon="110.399646">
        <ele>123.8</ele>
      </trkpt>
      <trkpt lat="-7.78504" lon="110.39971">
        <ele>125.4</ele>
      </trkpt>
      <trkpt lat="-7.784424" lon="110.399765">
        <ele>126.2</ele>
      </trkpt>
      <trkpt lat="-7.78381" lon="110.39982">
        <ele>126.7</ele>
      </trkpt>
      <trkpt lat="-7.78328" lon="110.39985">
        <ele>128.6</ele>
      </trkpt>
      <trkpt lat="-7.783276" lon="110.399223">
        <ele>128.6</ele>
      </trkpt>
      <trkpt lat="-7.783273" lon="110.398596">
        <ele>128.6</ele>
      </trkpt>
      <trkpt lat="-7.78327" lon="110.39797">
        <ele>128.3</ele>
      </trkpt>
      <trkpt lat="-7.783252" lon="110.397254">
        <ele>128.0</ele>
      </trkpt>
      <trkpt lat="-7.783235" lon="110.396539">
        <ele>128.2</ele>
      </trkpt>
      <trkpt lat="-7.783217" lon="110.395824">
        <ele>128.3</ele>
      </trkpt>
      <trkpt lat="-7.7832" lon="110.39511">
        <ele>128.6</ele>
      </trkpt>
      <trkpt lat="-7.7834" lon="110.3951">
        <ele>128.3</ele>
      </trkpt>
      <trkpt lat="-7.78404" lon="110.39509">
        <ele>127.5</ele>
      </trkpt>
      <trkpt lat="-7.78468" lon="110.39508">
        <ele>126.5</ele>
      </trkpt>
      <trkpt lat="-7.78532" lon="110.39507">
        <ele>125.9</ele>
      </trkpt>
      <trkpt lat="-7.78539" lon="110.39505">
        <ele>125.9</ele>
      </trkpt>
      <trkpt lat="-7.78548" lon="110.39497">
        <ele>125.8</ele>
      </trkpt>
      <trkpt lat="-7.78565" lon="110.39486">
        <ele>125.8</ele>
      </trkpt>
      <trkpt lat="-7.78572" lon="110.39483">
        <ele>125.4</ele>
      </trkpt>
      <trkpt lat="-7.78596" lon="110.39479">
        <ele>125.0</ele>
      </trkpt>
      <trkpt lat="-7.7861" lon="110.3948">
        <ele>125.0</ele>
      </trkpt>
      <trkpt lat="-7.78624" lon="110.39484">
        <ele>124.8</ele>
      </trkpt>
      <trkpt lat="-7.78653" lon="110.39495">
        <ele>124.4</ele>
      </trkpt>
      <trkpt lat="-7.78657" lon="110.39491">
        <ele>124.4</ele>
      </trkpt>
      <trkpt lat="-7.78654" lon="110.39477">
        <ele>124.8</ele>
      </trkpt>
      <trkpt lat="-7.786456" lon="110.393973">
        <ele>125.3</ele>
      </trkpt>
      <trkpt lat="-7.786373" lon="110.393176">
        <ele>125.2</ele>
      </trkpt>
      <trkpt lat="-7.78629" lon="110.39238">
        <ele>125.4</ele>
      </trkpt>
      <trkpt lat="-7.78623" lon="110.39187">
        <ele>125.5</ele>
      </trkpt>
      <trkpt lat="-7.78619" lon="110.39136">
        <ele>125.3</ele>
      </trkpt>
      <trkpt lat="-7.78661" lon="110.39135">
        <ele>124.9</ele>
      </trkpt>
      <trkpt lat="-7.787205" lon="110.3913">
        <ele>124.4</ele>
      </trkpt>
      <trkpt lat="-7.7878" lon="110.39125">
        <ele>124.2</ele>
      </trkpt>
      <trkpt lat="-7.78778" lon="110.3911">
        <ele>124.3</ele>
      </trkpt>
      <trkpt lat="-7.787675" lon="110.390439">
        <ele>124.5</ele>
      </trkpt>
      <trkpt lat="-7.78757" lon="110.38978">
        <ele>124.6</ele>
      </trkpt>
      <trkpt lat="-7.787455" lon="110.389109">
        <ele>125.0</ele>
      </trkpt>
      <trkpt lat="-7.78734" lon="110.38844">
        <ele>125.6</ele>
      </trkpt>
      <trkpt lat="-7.7873" lon="110.3879">
        <ele>125.4</ele>
      </trkpt>
      <trkpt lat="-7.78727" lon="110.38777">
        <ele>125.4</ele>
      </trkpt>
      <trkpt lat="-7.78728" lon="110.38758">
        <ele>125.3</ele>
      </trkpt>
      <trkpt lat="-7.78732" lon="110.38766">
        <ele>125.2</ele>
      </trkpt>
      <trkpt lat="-7.78766" lon="110.38777">
        <ele>125.0</ele>
      </trkpt>
      <trkpt lat="-7.78806" lon="110.3878">
        <ele>124.8</ele>
      </trkpt>
      <trkpt lat="-7.78814" lon="110.38777">
        <ele>124.8</ele>
      </trkpt>
      <trkpt lat="-7.78821" lon="110.3877">
        <ele>124.7</ele>
      </trkpt>
      <trkpt lat="-7.788385" lon="110.38723">
        <ele>124.5</ele>
      </trkpt>
      <trkpt lat="-7.78856" lon="110.38676">
        <ele>124.2</ele>
      </trkpt>
      <trkpt lat="-7.78861" lon="110.38671">
        <ele>124.2</ele>
      </trkpt>
      <trkpt lat="-7.78888" lon="110.38662">
        <ele>124.0</ele>
      </trkpt>
      <trkpt lat="-7.78975" lon="110.38645">
        <ele>122.7</ele>
      </trkpt>
      <trkpt lat="-7.79057" lon="110.38632">
        <ele>122.1</ele>
      </trkpt>
      <trkpt lat="-7.79139" lon="110.38619">
        <ele>120.8</ele>
      </trkpt>
      <trkpt lat="-7.791215" lon="110.385344">
        <ele>121.3</ele>
      </trkpt>
      <trkpt lat="-7.79104" lon="110.3845">
        <ele>121.3</ele>
      </trkpt>
      <trkpt lat="-7.790876" lon="110.383734">
        <ele>121.1</ele>
      </trkpt>
      <trkpt lat="-7.790713" lon="110.382969">
        <ele>120.7</ele>
      </trkpt>
      <trkpt lat="-7.79055" lon="110.382204">
        <ele>120.9</ele>
      </trkpt>
      <trkpt lat="-7.790386" lon="110.381439">
        <ele>120.7</ele>
      </trkpt>
      <trkpt lat="-7.790223" lon="110.380674">
        <ele>121.0</ele>
      </trkpt>
      <trkpt lat="-7.79006" lon="110.37991">
        <ele>121.5</ele>
      </trkpt>
      <trkpt lat="-7.78998" lon="110.37944">
        <ele>121.8</ele>
      </trkpt>
      <trkpt lat="-7.78997" lon="110.37918">
        <ele>121.9</ele>
      </trkpt>
      <trkpt lat="-7.789985" lon="110.378699">
        <ele>121.9</ele>
      </trkpt>
      <trkpt lat="-7.79" lon="110.37822">
        <ele>122.1</ele>
      </trkpt>
      <trkpt lat="-7.78969" lon="110.37828">
        <ele>122.5</ele>
      </trkpt>
      <trkpt lat="-7.78954" lon="110.37823">
        <ele>122.7</ele>
      </trkpt>
      <trkpt lat="-7.78918" lon="110.37825">
        <ele>122.8</ele>
      </trkpt>
      <trkpt lat="-7.78848" lon="110.37832">
        <ele>122.8</ele>
      </trkpt>
      <trkpt lat="-7.7884" lon="110.37832">
        <ele>122.8</ele>
      </trkpt>
      <trkpt lat="-7.78832" lon="110.37829">
        <ele>123.0</ele>
      </trkpt>
      <trkpt lat="-7.78824" lon="110.37819">
        <ele>123.0</ele>
      </trkpt>
      <trkpt lat="-7.78823" lon="110.37802">
        <ele>123.1</ele>
      </trkpt>
      <trkpt lat="-7.78851" lon="110.37722">
        <ele>123.5</ele>
      </trkpt>
      <trkpt lat="-7.78856" lon="110.377">
        <ele>123.4</ele>
      </trkpt>
      <trkpt lat="-7.78864" lon="110.37619">
        <ele>123.4</ele>
      </trkpt>
      <trkpt lat="-7.78861" lon="110.37583">
        <ele>123.4</ele>
      </trkpt>
      <trkpt lat="-7.78854" lon="110.37553">
        <ele>123.4</ele>
      </trkpt>
      <trkpt lat="-7.78835" lon="110.37497">
        <ele>123.7</ele>
      </trkpt>
      <trkpt lat="-7.78836" lon="110.37486">
        <ele>123.8</ele>
      </trkpt>
      <trkpt lat="-7.78847" lon="110.37473">
        <ele>123.7</ele>
      </trkpt>
      <trkpt lat="-7.78856" lon="110.37453">
        <ele>123.4</ele>
      </trkpt>
      <trkpt lat="-7.78858" lon="110.37429">
        <ele>123.2</ele>
      </trkpt>
      <trkpt lat="-7.78856" lon="110.37397">
        <ele>123.2</ele>
      </trkpt>
      <trkpt lat="-7.7884" lon="110.37344">
        <ele>123.4</ele>
      </trkpt>
      <trkpt lat="-7.78832" lon="110.37334">
        <ele>123.4</ele>
      </trkpt>
      <trkpt lat="-7.78818" lon="110.37324">
        <ele>123.4</ele>
      </trkpt>
      <trkpt lat="-7.78767" lon="110.37317">
        <ele>123.3</ele>
      </trkpt>
      <trkpt lat="-7.78727" lon="110.37317">
        <ele>123.5</ele>
      </trkpt>
      <trkpt lat="-7.78699" lon="110.37323">
        <ele>123.7</ele>
      </trkpt>
      <trkpt lat="-7.78689" lon="110.37332">
        <ele>123.7</ele>
      </trkpt>
      <trkpt lat="-7.78703" lon="110.37271">
        <ele>123.6</ele>
      </trkpt>
      <trkpt lat="-7.787" lon="110.37236">
        <ele>123.7</ele>
      </trkpt>
      <trkpt lat="-7.78698" lon="110.37229">
        <ele>123.7</ele>
      </trkpt>
      <trkpt lat="-7.78688" lon="110.37228">
        <ele>123.8</ele>
      </trkpt>
      <trkpt lat="-7.78614" lon="110.371986">
        <ele>124.1</ele>
      </trkpt>
      <trkpt lat="-7.7854" lon="110.371693">
        <ele>124.9</ele>
      </trkpt>
      <trkpt lat="-7.78466" lon="110.3714">
        <ele>124.7</ele>
      </trkpt>
      <trkpt lat="-7.78454" lon="110.37139">
        <ele>124.7</ele>
      </trkpt>
      <trkpt lat="-7.78427" lon="110.37129">
        <ele>124.2</ele>
      </trkpt>
      <trkpt lat="-7.78412" lon="110.37129">
        <ele>124.2</ele>
      </trkpt>
      <trkpt lat="-7.783594" lon="110.37137">
        <ele>124.7</ele>
      </trkpt>
      <trkpt lat="-7.78307" lon="110.37145">
        <ele>126.2</ele>
      </trkpt>
      <trkpt lat="-7.783066" lon="110.370773">
        <ele>126.2</ele>
      </trkpt>
      <trkpt lat="-7.783063" lon="110.370096">
        <ele>125.4</ele>
      </trkpt>
      <trkpt lat="-7.78306" lon="110.36942">
        <ele>125.8</ele>
      </trkpt>
      <trkpt lat="-7.78304" lon="110.368689">
        <ele>126.5</ele>
      </trkpt>
      <trkpt lat="-7.78302" lon="110.36796">
        <ele>127.1</ele>
      </trkpt>
      <trkpt lat="-7.78305" lon="110.36788">
        <ele>127.1</ele>
      </trkpt>
      <trkpt lat="-7.78303" lon="110.36734">
        <ele>127.2</ele>
      </trkpt>
      <trkpt lat="-7.78295" lon="110.36734">
        <ele>127.2</ele>
      </trkpt>
      <trkpt lat="-7.78294" lon="110.36721">
        <ele>127.2</ele>
      </trkpt>
      <trkpt lat="-7.78305" lon="110.36717">
        <ele>127.0</ele>
      </trkpt>
      <trkpt lat="-7.78307" lon="110.36705">
        <ele>127.1</ele>
      </trkpt>
      <trkpt lat="-7.78303" lon="110.36698">
        <ele>127.1</ele>
      </trkpt>
      <trkpt lat="-7.78296" lon="110.36693">
        <ele>127.1</ele>
      </trkpt>
      <trkpt lat="-7.78294" lon="110.36637">
        <ele>127.4</ele>
      </trkpt>
      <trkpt lat="-7.78295" lon="110.36631">
        <ele>127.4</ele>
      </trkpt>
      <trkpt lat="-7.7829" lon="110.36624">
        <ele>127.4</ele>
      </trkpt>
      <trkpt lat="-7.78289" lon="110.365403">
        <ele>127.5</ele>
      </trkpt>
      <trkpt lat="-7.78288" lon="110.364566">
        <ele>127.0</ele>
      </trkpt>
      <trkpt lat="-7.78287" lon="110.36373">
        <ele>126.8</ele>
      </trkpt>
      <trkpt lat="-7.7829" lon="110.36367">
        <ele>126.6</ele>
      </trkpt>
      <trkpt lat="-7.7829" lon="110.36353">
        <ele>126.6</ele>
      </trkpt>
      <trkpt lat="-7.7829" lon="110.36355">
        <ele>126.6</ele>
      </trkpt>
      <trkpt lat="-7.7829" lon="110.36341">
        <ele>126.4</ele>
      </trkpt>
      <trkpt lat="-7.783616" lon="110.36331">
        <ele>125.0</ele>
      </trkpt>
      <trkpt lat="-7.784333" lon="110.36321">
        <ele>124.1</ele>
      </trkpt>
      <trkpt lat="-7.78505" lon="110.36311">
        <ele>123.3</ele>
      </trkpt>
      <trkpt lat="-7.785635" lon="110.362975">
        <ele>122.9</ele>
      </trkpt>
      <trkpt lat="-7.78622" lon="110.36284">
        <ele>122.6</ele>
      </trkpt>
      <trkpt lat="-7.786709" lon="110.36274">
        <ele>122.2</ele>
      </trkpt>
      <trkpt lat="-7.7872" lon="110.36264">
        <ele>121.8</ele>
      </trkpt>
      <trkpt lat="-7.78718" lon="110.36253">
        <ele>121.7</ele>
      </trkpt>
      <trkpt lat="-7.787093" lon="110.361879">
        <ele>121.7</ele>
      </trkpt>
      <trkpt lat="-7.787006" lon="110.361229">
        <ele>122.0</ele>
      </trkpt>
      <trkpt lat="-7.78692" lon="110.36058">
        <ele>121.7</ele>
      </trkpt>
      <trkpt lat="-7.7868" lon="110.35995">
        <ele>121.7</ele>
      </trkpt>
      <trkpt lat="-7.78718" lon="110.35973">
        <ele>121.4</ele>
      </trkpt>
      <trkpt lat="-7.78752" lon="110.35968">
        <ele>121.4</ele>
      </trkpt>
      <trkpt lat="-7.78764" lon="110.35962">
        <ele>121.4</ele>
      </trkpt>
      <trkpt lat="-7.78769" lon="110.35949">
        <ele>121.2</ele>
      </trkpt>
      <trkpt lat="-7.78767" lon="110.35932">
        <ele>121.2</ele>
      </trkpt>
      <trkpt lat="-7.78776" lon="110.35906">
        <ele>120.7</ele>
      </trkpt>
      <trkpt lat="-7.78793" lon="110.35875">
        <ele>120.4</ele>
      </trkpt>
      <trkpt lat="-7.78807" lon="110.35824">
        <ele>119.2</ele>
      </trkpt>
      <trkpt lat="-7.78821" lon="110.35773">
        <ele>116.9</ele>
      </trkpt>
      <trkpt lat="-7.78823" lon="110.35767">
        <ele>116.7</ele>
      </trkpt>
      <trkpt lat="-7.78831" lon="110.35758">
        <ele>116.1</ele>
      </trkpt>
      <trkpt lat="-7.7884" lon="110.35755">
        <ele>115.4</ele>
      </trkpt>
      <trkpt lat="-7.78928" lon="110.35753">
        <ele>113.4</ele>
      </trkpt>
      <trkpt lat="-7.78935" lon="110.35752">
        <ele>109.5</ele>
      </trkpt>
      <trkpt lat="-7.790126" lon="110.35741">
        <ele>108.6</ele>
      </trkpt>
      <trkpt lat="-7.790903" lon="110.3573">
        <ele>111.8</ele>
      </trkpt>
      <trkpt lat="-7.79168" lon="110.35719">
        <ele>114.5</ele>
      </trkpt>
      <trkpt lat="-7.792456" lon="110.35708">
        <ele>113.9</ele>
      </trkpt>
      <trkpt lat="-7.793233" lon="110.35697">
        <ele>111.2</ele>
      </trkpt>
      <trkpt lat="-7.79401" lon="110.35686">
        <ele>111.5</ele>
      </trkpt>
      <trkpt lat="-7.794787" lon="110.356795">
        <ele>112.3</ele>
      </trkpt>
      <trkpt lat="-7.795565" lon="110.35673">
        <ele>110.4</ele>
      </trkpt>
      <trkpt lat="-7.796342" lon="110.356665">
        <ele>110.1</ele>
      </trkpt>
      <trkpt lat="-7.79712" lon="110.3566">
        <ele>109.1</ele>
      </trkpt>
      <trkpt lat="-7.79711" lon="110.35571">
        <ele>107.0</ele>
      </trkpt>
      <trkpt lat="-7.7968" lon="110.35573">
        <ele>109.5</ele>
      </trkpt>
      <trkpt lat="-7.79665" lon="110.35491">
        <ele>103.5</ele>
      </trkpt>
      <trkpt lat="-7.79683" lon="110.35469">
        <ele>106.8</ele>
      </trkpt>
      <trkpt lat="-7.79716" lon="110.35456">
        <ele>106.2</ele>
      </trkpt>
      <trkpt lat="-7.79716" lon="110.35416">
        <ele>108.9</ele>
      </trkpt>
      <trkpt lat="-7.79707" lon="110.353419">
        <ele>110.3</ele>
      </trkpt>
      <trkpt lat="-7.79698" lon="110.35268">
        <ele>112.8</ele>
      </trkpt>
      <trkpt lat="-7.79777" lon="110.352513">
        <ele>112.3</ele>
      </trkpt>
      <trkpt lat="-7.798559" lon="110.352346">
        <ele>111.6</ele>
      </trkpt>
      <trkpt lat="-7.79935" lon="110.35218">
        <ele>110.6</ele>
      </trkpt>
      <trkpt lat="-7.799445" lon="110.353054">
        <ele>110.8</ele>
      </trkpt>
      <trkpt lat="-7.79954" lon="110.35393">
        <ele>110.7</ele>
      </trkpt>
      <trkpt lat="-7.80019" lon="110.35389">
        <ele>109.7</ele>
      </trkpt>
      <trkpt lat="-7.80035" lon="110.35387">
        <ele>109.1</ele>
      </trkpt>
    </trkseg>
  </trk>
</gpx>
