<?xml version="1.0" encoding="UTF-8"?>
<kml xmlns="http://www.opengis.net/kml/2.2">
  <Document>
    <name>FINAL GA PAKAI REVISI </name>
    <description/>
    <Style id="icon-123-normal">
      <IconStyle>
        <scale>1.1</scale>
        <Icon>
          <href>https://www.gstatic.com/mapspro/images/stock/123-red-dot.png</href>
        </Icon>
        <hotSpot x="16" xunits="pixels" y="32" yunits="insetPixels"/>
      </IconStyle>
      <LabelStyle>
        <scale>0</scale>
      </LabelStyle>
    </Style>
    <Style id="icon-123-highlight">
      <IconStyle>
        <scale>1.1</scale>
        <Icon>
          <href>https://www.gstatic.com/mapspro/images/stock/123-red-dot.png</href>
        </Icon>
        <hotSpot x="16" xunits="pixels" y="32" yunits="insetPixels"/>
      </IconStyle>
      <LabelStyle>
        <scale>1.1</scale>
      </LabelStyle>
    </Style>
    <StyleMap id="icon-123">
      <Pair>
        <key>normal</key>
        <styleUrl>#icon-123-normal</styleUrl>
      </Pair>
      <Pair>
        <key>highlight</key>
        <styleUrl>#icon-123-highlight</styleUrl>
      </Pair>
    </StyleMap>
    <Style id="icon-503-DB4436-normal">
      <IconStyle>
        <color>ff3644db</color>
        <scale>1.1</scale>
        <Icon>
          <href>https://www.gstatic.com/mapspro/images/stock/503-wht-blank_maps.png</href>
        </Icon>
        <hotSpot x="16" xunits="pixels" y="32" yunits="insetPixels"/>
      </IconStyle>
      <LabelStyle>
        <scale>0</scale>
      </LabelStyle>
    </Style>
    <Style id="icon-503-DB4436-highlight">
      <IconStyle>
        <color>ff3644db</color>
        <scale>1.1</scale>
        <Icon>
          <href>https://www.gstatic.com/mapspro/images/stock/503-wht-blank_maps.png</href>
        </Icon>
        <hotSpot x="16" xunits="pixels" y="32" yunits="insetPixels"/>
      </IconStyle>
      <LabelStyle>
        <scale>1.1</scale>
      </LabelStyle>
    </Style>
    <StyleMap id="icon-503-DB4436">
      <Pair>
        <key>normal</key>
        <styleUrl>#icon-503-DB4436-normal</styleUrl>
      </Pair>
      <Pair>
        <key>highlight</key>
        <styleUrl>#icon-503-DB4436-highlight</styleUrl>
      </Pair>
    </StyleMap>
    <Style id="icon-61-normal">
      <IconStyle>
        <scale>1.1</scale>
        <Icon>
          <href>https://www.gstatic.com/mapspro/images/stock/61-green-dot.png</href>
        </Icon>
        <hotSpot x="16" xunits="pixels" y="32" yunits="insetPixels"/>
      </IconStyle>
      <LabelStyle>
        <scale>0</scale>
      </LabelStyle>
    </Style>
    <Style id="icon-61-highlight">
      <IconStyle>
        <scale>1.1</scale>
        <Icon>
          <href>https://www.gstatic.com/mapspro/images/stock/61-green-dot.png</href>
        </Icon>
        <hotSpot x="16" xunits="pixels" y="32" yunits="insetPixels"/>
      </IconStyle>
      <LabelStyle>
        <scale>1.1</scale>
      </LabelStyle>
    </Style>
    <StyleMap id="icon-61">
      <Pair>
        <key>normal</key>
        <styleUrl>#icon-61-normal</styleUrl>
      </Pair>
      <Pair>
        <key>highlight</key>
        <styleUrl>#icon-61-highlight</styleUrl>
      </Pair>
    </StyleMap>
    <Style id="line-0288D1-5000-normal">
      <LineStyle>
        <color>ffd18802</color>
        <width>5</width>
      </LineStyle>
    </Style>
    <Style id="line-0288D1-5000-highlight">
      <LineStyle>
        <color>ffd18802</color>
        <width>7.5</width>
      </LineStyle>
    </Style>
    <StyleMap id="line-0288D1-5000">
      <Pair>
        <key>normal</key>
        <styleUrl>#line-0288D1-5000-normal</styleUrl>
      </Pair>
      <Pair>
        <key>highlight</key>
        <styleUrl>#line-0288D1-5000-highlight</styleUrl>
      </Pair>
    </StyleMap>
    <Style id="line-FFD600-5000-normal">
      <LineStyle>
        <color>ff00d6ff</color>
        <width>5</width>
      </LineStyle>
    </Style>
    <Style id="line-FFD600-5000-highlight">
      <LineStyle>
        <color>ff00d6ff</color>
        <width>7.5</width>
      </LineStyle>
    </Style>
    <StyleMap id="line-FFD600-5000">
      <Pair>
        <key>normal</key>
        <styleUrl>#line-FFD600-5000-normal</styleUrl>
      </Pair>
      <Pair>
        <key>highlight</key>
        <styleUrl>#line-FFD600-5000-highlight</styleUrl>
      </Pair>
    </StyleMap>
    <Folder>
      <name>DKAR ULTRA FINAL</name>
      <Placemark>
        <name>Medic 1 - KM 40</name>
        <description>MEDIC DKAR Ultra - kilometer 40</description>
        <styleUrl>#icon-503-DB4436</styleUrl>
        <Point>
          <coordinates>
            110.4192792,-7.675237,372.5
          </coordinates>
        </Point>
      </Placemark>
      <Placemark>
        <name>Check Point 1 - KM 60</name>
        <description>CHECK POINT DKAR Ultra - kilometer 60</description>
        <styleUrl>#icon-503-DB4436</styleUrl>
        <Point>
          <coordinates>
            110.5288615,-7.7318097,172.3
          </coordinates>
        </Point>
      </Placemark>
      <Placemark>
        <name>Medic 2 - KM 80</name>
        <description>MEDIC DKAR Ultra - kilometer 80</description>
        <styleUrl>#icon-503-DB4436</styleUrl>
        <Point>
          <coordinates>
            110.4579194,-7.8123793,92.2
          </coordinates>
        </Point>
      </Placemark>
      <Placemark>
        <name>Medic 3 - KM 120</name>
        <description>MEDIC DKAR Ultra - kilometer 120</description>
        <styleUrl>#icon-503-DB4436</styleUrl>
        <Point>
          <coordinates>
            110.2891992,-8.0008077,3.9
          </coordinates>
        </Point>
      </Placemark>
      <Placemark>
        <name>Check Point 2 - KM 120</name>
        <description>CHECK POINT DKAR Ultra - kilometer 120</description>
        <styleUrl>#icon-503-DB4436</styleUrl>
        <Point>
          <coordinates>
            110.2891992,-8.0008077,3.9
          </coordinates>
        </Point>
      </Placemark>
      <Placemark>
        <name>Medic 4 - KM 160</name>
        <description>MEDIC DKAR Ultra - kilometer 160</description>
        <styleUrl>#icon-503-DB4436</styleUrl>
        <Point>
          <coordinates>
            110.0242161,-7.8922264,8.8
          </coordinates>
        </Point>
      </Placemark>
      <Placemark>
        <name>Check Point 3 - KM 180</name>
        <description>CHECK POINT DKAR Ultra - kilometer 180</description>
        <styleUrl>#icon-503-DB4436</styleUrl>
        <Point>
          <coordinates>
            110.0648572,-7.8718058,14.9
          </coordinates>
        </Point>
      </Placemark>
      <Placemark>
        <name>Start of DKAR ULTRA FINAL</name>
        <description><![CDATA[Monday, August 31, 2026, 9:10 PM WIB<br>Elevation: 665 feet]]></description>
        <styleUrl>#icon-61</styleUrl>
        <Point>
          <coordinates>
            110.354825,-7.718115,202.751942
          </coordinates>
        </Point>
      </Placemark>
      <Placemark>
        <name>End of DKAR ULTRA FINAL</name>
        <description><![CDATA[Tuesday, September 1, 2026, 10:00 AM WIB<br>Elevation: 668 feet]]></description>
        <styleUrl>#icon-123</styleUrl>
        <Point>
          <coordinates>
            110.35521,-7.718289,203.692511
          </coordinates>
        </Point>
      </Placemark>
      <Placemark>
        <name>DKAR ULTRA FINAL</name>
        <description><![CDATA[Statistics computed from imported data<br><br>Monday, August 31, 2026, 9:10 PM WIB<br>Distance: 149.0 miles<br>Duration: 12 hours, 49 minutes, and 20 seconds<br>Average Speed: 11.6 mph<br>Minimum Elevation: 2 feet<br>Maximum Elevation: 1721 feet<br>Total climb: 2817 feet<br>Total descent: 2812 feet]]></description>
        <styleUrl>#line-0288D1-5000</styleUrl>
        <LineString>
          <tessellate>1</tessellate>
          <coordinates>
            110.354825,-7.718115,202.751942
            110.354606,-7.718015,202.751942
            110.354391,-7.71854,202.751942
            110.354118,-7.719125,201.918178
            110.353662,-7.718905,201.157315
            110.353599,-7.71888,201.055506
            110.353323,-7.718774,200.61144
            110.352846,-7.718711,199.7914
            110.352382,-7.718663,198.599011
            110.352005,-7.71863,197.631679
            110.350792,-7.718509,194.955878
            110.350184,-7.718336,194.153346
            110.34937,-7.718032,193.115195
            110.349166,-7.717925,193.337401
            110.348898,-7.717747,193.647997
            110.348489,-7.717595,194.068522
            110.347786,-7.717441,194.761641
            110.347118,-7.717283,195.334716
            110.346841,-7.717225,195.566478
            110.346711,-7.717392,195.740711
            110.346711,-7.717422,195.765494
            110.346652,-7.718776,195.844139
            110.346549,-7.719732,195.174816
            110.346491,-7.720881,193.449721
            110.346512,-7.720926,193.369249
            110.346547,-7.720954,193.296899
            110.346783,-7.721149,192.802671
            110.346896,-7.721217,192.590033
            110.347007,-7.721252,192.40268
            110.34725,-7.721281,191.881057
            110.347379,-7.721305,191.476432
            110.347934,-7.721425,189.725245
            110.348153,-7.721472,189.034468
            110.348119,-7.721501,188.896174
            110.348191,-7.721844,187.806272
            110.348207,-7.722163,186.812648
            110.348235,-7.722364,186.303539
            110.348329,-7.722626,185.722734
            110.348394,-7.722991,184.948566
            110.348534,-7.723613,183.61745
            110.348678,-7.723623,183.318669
            110.348725,-7.723658,183.196982
            110.348876,-7.723941,182.494706
            110.349018,-7.724192,181.818218
            110.349476,-7.725167,179.289884
            110.349556,-7.725278,178.969212
            110.349857,-7.725618,178.144034
            110.350223,-7.72617,177.150007
            110.350574,-7.726561,176.362424
            110.350614,-7.726635,176.236084
            110.350614,-7.726742,176.075049
            110.350574,-7.726921,175.830194
            110.350172,-7.727615,175.233309
            110.350313,-7.727635,175.128027
            110.350474,-7.727816,174.948055
            110.35049,-7.727968,174.83406
            110.350478,-7.728184,174.672697
            110.350748,-7.72839,174.325947
            110.350775,-7.728441,174.241504
            110.350661,-7.728819,173.663041
            110.350742,-7.729283,172.972599
            110.350778,-7.729772,172.253698
            110.350804,-7.729838,172.149814
            110.350968,-7.73005,171.760132
            110.350981,-7.730166,171.591745
            110.350958,-7.730208,171.522803
            110.350702,-7.73042,171.045836
            110.350271,-7.730871,170.149708
            110.350076,-7.731088,169.730502
            110.349585,-7.731511,169.041928
            110.349329,-7.731871,168.722058
            110.349255,-7.732102,168.546027
            110.34922,-7.732434,168.303577
            110.349222,-7.732637,168.156126
            110.349191,-7.732764,168.061224
            110.349127,-7.733021,168.005036
            110.349062,-7.733342,168.057488
            110.349049,-7.733454,168.07555
            110.349001,-7.733575,168.096379
            110.348951,-7.733663,168.112558
            110.348802,-7.733812,168.146163
            110.348656,-7.734077,168.194533
            110.348634,-7.733913,168.221038
            110.348536,-7.733711,168.256946
            110.348483,-7.733646,168.293612
            110.348162,-7.733402,169.221464
            110.348078,-7.733267,169.588538
            110.348079,-7.733136,169.891745
            110.348204,-7.73285,170.613102
            110.348375,-7.732524,171.463462
            110.348422,-7.732276,172.04749
            110.348393,-7.731796,172.704586
            110.348392,-7.731245,173.182302
            110.34676,-7.730968,175.020822
            110.346399,-7.730852,175.567836
            110.346129,-7.730701,176.014713
            110.345494,-7.730526,177.025526
            110.34473,-7.730431,178.324142
            110.344393,-7.730409,178.893735
            110.344019,-7.730334,179.537285
            110.343863,-7.730296,179.69775
            110.343397,-7.73018,179.867079
            110.343453,-7.729736,180.026216
            110.343524,-7.729559,180.093957
            110.343544,-7.72952,180.109515
            110.343696,-7.729152,180.250932
            110.341921,-7.728325,179.508741
            110.342169,-7.728269,179.757365
            110.342423,-7.72811,180.080425
            110.342876,-7.726843,181.594874
            110.34358,-7.724648,185.083157
            110.34293,-7.724438,185.556905
            110.342419,-7.724268,185.930422
            110.341855,-7.724108,185.655862
            110.341437,-7.724014,185.452306
            110.340911,-7.724149,185.194265
            110.340495,-7.724316,185.088481
            110.340347,-7.724333,185.102409
            110.338681,-7.723909,185.145892
            110.338424,-7.723879,185.045082
            110.338376,-7.723916,185.021392
            110.338149,-7.724765,184.67611
            110.338214,-7.724915,184.611934
            110.338266,-7.725035,184.560593
            110.338282,-7.725146,184.440852
            110.338233,-7.725615,183.425041
            110.338232,-7.725843,182.933835
            110.338313,-7.726658,181.16951
            110.338059,-7.726593,180.646234
            110.337769,-7.72656,180.49112
            110.337646,-7.726537,180.424606
            110.337551,-7.726548,180.373781
            110.33654,-7.726905,179.803459
            110.336279,-7.727017,179.705535
            110.336045,-7.727058,179.740917
            110.335814,-7.727012,179.776001
            110.33541,-7.726849,179.840951
            110.335339,-7.726801,179.853749
            110.335063,-7.726668,179.899447
            110.334929,-7.726611,179.92116
            110.334445,-7.726477,179.93048
            110.333852,-7.726343,179.834656
            110.333231,-7.726203,179.734319
            110.332854,-7.726083,179.711687
            110.333346,-7.724441,181.169829
            110.333537,-7.723751,182.64211
            110.333554,-7.723688,182.781763
            110.333612,-7.723456,183.293605
            110.33362,-7.72343,183.351815
            110.333924,-7.722293,186.248576
            110.334319,-7.721202,189.889375
            110.334495,-7.720818,190.962598
            110.334783,-7.720294,191.900165
            110.334963,-7.719963,192.49098
            110.334984,-7.719924,192.560439
            110.335157,-7.719595,193.143374
            110.335306,-7.719322,193.586491
            110.335394,-7.719152,193.744366
            110.335615,-7.718716,194.14753
            110.335815,-7.71847,194.408564
            110.336427,-7.717846,195.035725
            110.336566,-7.717704,195.055217
            110.336596,-7.717676,195.05924
            110.336566,-7.717704,195.063264
            110.336485,-7.716503,195.181858
            110.336461,-7.716442,195.188309
            110.336342,-7.716095,195.422574
            110.336094,-7.715315,196.170817
            110.336258,-7.714792,196.671905
            110.33628,-7.714704,196.754854
            110.336378,-7.714247,197.770444
            110.336487,-7.714012,198.421093
            110.336679,-7.713558,199.659465
            110.336722,-7.713454,199.942207
            110.336188,-7.713248,201.370756
            110.336213,-7.713186,201.445766
            110.336364,-7.712811,201.898455
            110.336364,-7.712758,201.957879
            110.336333,-7.712726,202.007614
            110.33624,-7.712699,202.115286
            110.336064,-7.712647,202.319339
            110.335787,-7.712617,202.628936
            110.335723,-7.712592,202.705369
            110.335704,-7.71247,202.843776
            110.33577,-7.712268,203.081835
            110.335739,-7.711966,203.372582
            110.335694,-7.711908,203.336696
            110.335512,-7.7118,203.233583
            110.335365,-7.711756,203.158943
            110.335275,-7.71176,203.115153
            110.335146,-7.711828,203.044131
            110.334747,-7.71225,202.760478
            110.334452,-7.712764,202.496152
            110.334331,-7.713147,202.44393
            110.334278,-7.713183,202.435645
            110.334202,-7.713188,202.425824
            110.334077,-7.713154,202.409109
            110.332584,-7.712646,202.04495
            110.332483,-7.713543,201.640976
            110.332457,-7.713578,201.621524
            110.332377,-7.713592,201.585492
            110.332098,-7.713517,201.472267
            110.331859,-7.713459,201.543418
            110.331447,-7.713385,201.664491
            110.331105,-7.713321,201.76513
            110.331035,-7.713551,201.835229
            110.330983,-7.713576,201.851941
            110.33054,-7.713454,201.984891
            110.33065,-7.713045,202.488453
            110.330825,-7.712416,203.296139
            110.330981,-7.712028,203.81316
            110.331081,-7.71178,204.143759
            110.331198,-7.71143,204.654667
            110.331366,-7.710929,205.40131
            110.331395,-7.710854,205.5149
            110.331529,-7.710364,206.232887
            110.331549,-7.710297,206.331701
            110.331802,-7.709439,206.973806
            110.331983,-7.708846,207.196766
            110.33103,-7.708057,207.811443
            110.330677,-7.707819,208.077022
            110.330802,-7.7073,208.411949
            110.331272,-7.705697,210.50856
            110.33184,-7.703961,213.23949
            110.33206,-7.703213,214.727453
            110.332305,-7.702476,216.397158
            110.33241,-7.702157,217.119173
            110.332786,-7.701135,219.077665
            110.332888,-7.700719,219.812116
            110.331716,-7.700389,221.351841
            110.331595,-7.700353,221.473287
            110.331234,-7.70019,221.854641
            110.33077,-7.699898,222.383024
            110.330526,-7.699744,222.644529
            110.330357,-7.699607,222.84084
            110.330109,-7.699356,223.159552
            110.330168,-7.699229,223.286401
            110.329437,-7.698964,223.986238
            110.3292,-7.698854,224.060417
            110.329445,-7.69842,224.118329
            110.329477,-7.698298,224.133009
            110.329527,-7.698091,224.157796
            110.329518,-7.698045,224.163253
            110.329101,-7.69778,224.220422
            110.32907,-7.697761,224.224629
            110.328437,-7.697386,224.625717
            110.327781,-7.696963,225.164868
            110.327722,-7.696927,225.212599
            110.327605,-7.696826,225.31949
            110.327828,-7.695982,226.41296
            110.327939,-7.695393,227.301751
            110.328039,-7.695101,227.75915
            110.329449,-7.695752,228.226508
            110.329518,-7.695745,228.229871
            110.329552,-7.695715,228.232078
            110.329685,-7.695352,228.250969
            110.330214,-7.695457,228.953295
            110.330391,-7.695477,229.19864
            110.330464,-7.695458,229.302585
            110.330849,-7.694972,230.16125
            110.331146,-7.69487,230.594146
            110.331207,-7.694828,230.696442
            110.331501,-7.694527,231.518652
            110.331693,-7.694498,231.908065
            110.331891,-7.694366,232.386534
            110.331938,-7.694313,232.52929
            110.332025,-7.694097,232.999841
            110.332057,-7.694019,233.170199
            110.332133,-7.693815,233.610174
            110.33212,-7.693718,233.808153
            110.331828,-7.693469,234.572941
            110.331365,-7.693157,235.650519
            110.331381,-7.693101,235.763551
            110.331525,-7.692499,236.965074
            110.331498,-7.692289,237.376206
            110.3315,-7.692076,237.789884
            110.331528,-7.691868,238.27023
            110.331632,-7.691566,239.034051
            110.331876,-7.690981,240.549245
            110.332546,-7.689236,245.338369
            110.332781,-7.688556,247.230492
            110.333073,-7.687617,249.626446
            110.332915,-7.687533,250.059729
            110.332717,-7.687464,250.566921
            110.332938,-7.686813,251.797402
            110.332968,-7.686726,251.907588
            110.333044,-7.68665,252.035822
            110.33313,-7.686329,252.433859
            110.333107,-7.68623,252.555611
            110.333064,-7.686182,252.632537
            110.332904,-7.686095,252.849294
            110.332805,-7.686089,252.967096
            110.332677,-7.686123,253.124488
            110.332388,-7.686056,253.477
            110.332468,-7.685909,253.771801
            110.33262,-7.685445,254.716584
            110.33277,-7.685068,255.501416
            110.333769,-7.683098,260.538553
            110.334158,-7.682317,262.29289
            110.334265,-7.682175,262.58932
            110.334344,-7.682132,262.738724
            110.334476,-7.682113,262.959825
            110.334575,-7.682129,263.126097
            110.334832,-7.682254,263.600646
            110.33497,-7.682394,263.928002
            110.335434,-7.682561,264.628267
            110.335541,-7.682593,264.73567
            110.3356,-7.682596,264.792442
            110.336039,-7.682618,265.214845
            110.336477,-7.682729,265.649292
            110.336713,-7.682824,265.894074
            110.336866,-7.682929,266.072914
            110.336916,-7.682936,266.121439
            110.336981,-7.682912,266.188096
            110.33742,-7.68248,267.259933
            110.337625,-7.682292,267.751905
            110.337776,-7.68212,268.157118
            110.337992,-7.681817,268.816495
            110.338136,-7.681529,269.38777
            110.33816,-7.681465,269.433356
            110.338197,-7.681154,269.579446
            110.337333,-7.680942,269.990957
            110.336902,-7.680911,270.190744
            110.336356,-7.680837,270.022167
            110.336249,-7.680816,269.965872
            110.335779,-7.680706,269.71663
            110.334839,-7.68057,269.231328
            110.334626,-7.680504,269.123106
            110.333957,-7.680186,268.763298
            110.333623,-7.679976,268.571483
            110.333361,-7.679736,268.484454
            110.333094,-7.679455,268.833316
            110.332813,-7.679109,269.234757
            110.332668,-7.679071,269.369103
            110.332213,-7.677685,271.666654
            110.332216,-7.677298,272.558882
            110.332289,-7.676477,274.56857
            110.332432,-7.675884,276.571367
            110.332657,-7.675368,278.417868
            110.332866,-7.674967,279.900453
            110.333411,-7.673776,282.634441
            110.333517,-7.673616,283.022907
            110.333411,-7.673547,283.277991
            110.333049,-7.673318,283.912208
            110.332531,-7.673014,284.395297
            110.332158,-7.672758,284.759381
            110.33215,-7.67271,284.798774
            110.332033,-7.672547,284.960744
            110.331891,-7.672432,285.1079
            110.331712,-7.672198,285.341691
            110.331505,-7.672041,285.544443
            110.331538,-7.671837,285.706598
            110.331519,-7.671746,285.779533
            110.331232,-7.671645,286.016427
            110.3312,-7.671473,286.153697
            110.330939,-7.671323,286.388377
            110.330156,-7.671055,287.259729
            110.330491,-7.670693,287.861408
            110.330656,-7.670514,288.158392
            110.33071,-7.670354,288.365054
            110.330637,-7.670046,288.752603
            110.330201,-7.669721,289.190036
            110.329897,-7.669481,289.480135
            110.329743,-7.669372,289.621385
            110.32955,-7.669193,289.818682
            110.329245,-7.668955,290.108431
            110.328515,-7.668379,290.31473
            110.328427,-7.66834,290.329723
            110.326763,-7.667431,291.877162
            110.327448,-7.666125,293.701623
            110.327441,-7.66603,293.800962
            110.32739,-7.665946,293.903202
            110.326877,-7.665644,294.519915
            110.325744,-7.66504,294.409678
            110.325617,-7.665256,294.285955
            110.325591,-7.665299,294.261146
            110.325357,-7.665171,294.130053
            110.324872,-7.664929,294.182017
            110.324078,-7.664449,294.943771
            110.324009,-7.664403,295.011882
            110.32376,-7.664238,295.25721
            110.323566,-7.66403,295.467162
            110.323399,-7.663983,295.452771
            110.323292,-7.663919,295.442411
            110.323111,-7.663765,295.422635
            110.322965,-7.663581,295.403056
            110.322952,-7.663536,295.399141
            110.323024,-7.663367,295.383797
            110.323025,-7.663287,295.377105
            110.32271,-7.662988,295.340947
            110.322485,-7.662805,295.284293
            110.322288,-7.662693,294.975972
            110.322006,-7.662584,294.565052
            110.321975,-7.662572,294.519871
            110.32162,-7.662435,294.002686
            110.321264,-7.662239,293.449825
            110.320801,-7.661926,293.156621
            110.321411,-7.661188,295.527226
            110.322031,-7.660438,297.422659
            110.322431,-7.659965,297.66845
            110.322082,-7.659694,297.843448
            110.321849,-7.659541,297.95377
            110.32128,-7.659266,297.431593
            110.321139,-7.659198,297.199836
            110.320304,-7.658633,295.705533
            110.319222,-7.657595,294.32766
            110.319104,-7.657497,294.202795
            110.318735,-7.65719,293.907888
            110.318599,-7.657055,293.952147
            110.317651,-7.656198,294.247184
            110.3186,-7.655198,297.181279
            110.319279,-7.654481,299.094632
            110.318617,-7.653914,299.655609
            110.31798,-7.653231,300.603981
            110.319253,-7.651895,304.337729
            110.320456,-7.650649,309.921014
            110.321956,-7.649035,316.984687
            110.321523,-7.648764,318.265576
            110.321161,-7.648593,319.268596
            110.321,-7.648437,319.832277
            110.320727,-7.648028,321.277595
            110.321288,-7.647591,323.361848
            110.321432,-7.647472,323.909509
            110.322772,-7.646473,329.544242
            110.322974,-7.646323,330.429245
            110.323125,-7.646212,331.08842
            110.3238,-7.645797,332.60214
            110.323824,-7.645789,332.64351
            110.324124,-7.645694,333.158062
            110.324148,-7.645797,333.332323
            110.324432,-7.647131,335.44466
            110.324477,-7.647162,335.523413
            110.32454,-7.647166,335.614132
            110.324752,-7.646972,336.028781
            110.324856,-7.646933,336.188572
            110.325277,-7.646495,337.065684
            110.325825,-7.645902,338.927373
            110.326061,-7.645647,339.728475
            110.326401,-7.64527,340.899128
            110.325952,-7.644898,342.040516
            110.325486,-7.644554,343.108448
            110.325404,-7.644472,343.322541
            110.325404,-7.644402,343.452349
            110.325562,-7.64398,344.28705
            110.325729,-7.64366,345.176794
            110.325892,-7.643273,346.396535
            110.325972,-7.64301,347.195486
            110.326088,-7.643016,347.530334
            110.326481,-7.643285,348.907143
            110.326573,-7.643282,349.172494
            110.326839,-7.642988,350.32645
            110.326874,-7.64297,350.441288
            110.326985,-7.642984,350.767167
            110.327022,-7.64296,350.89595
            110.327197,-7.64276,351.673857
            110.327403,-7.642605,352.427104
            110.327459,-7.642594,352.593369
            110.327529,-7.642567,352.812128
            110.327604,-7.642511,353.085603
            110.327723,-7.642287,353.829485
            110.327887,-7.642067,354.633252
            110.327999,-7.642022,354.98522
            110.328148,-7.642072,355.480394
            110.328212,-7.642069,355.686111
            110.328401,-7.641856,356.605002
            110.32846,-7.641833,356.808562
            110.328787,-7.641996,357.98378
            110.328867,-7.642,358.240965
            110.328989,-7.641966,358.647865
            110.329234,-7.641561,360.177614
            110.329329,-7.641393,360.801498
            110.329329,-7.641338,360.994375
            110.32928,-7.641217,361.504125
            110.329294,-7.641098,361.972526
            110.329424,-7.640811,363.202484
            110.329535,-7.640696,363.824699
            110.329611,-7.640659,364.152805
            110.329692,-7.640655,364.467064
            110.329882,-7.64078,365.350739
            110.329965,-7.64077,365.674727
            110.330101,-7.640617,366.471932
            110.33022,-7.640437,367.313286
            110.330515,-7.640049,368.863464
            110.330565,-7.640022,369.023525
            110.330647,-7.640018,369.254311
            110.330844,-7.640087,369.841652
            110.330905,-7.640087,370.013127
            110.330997,-7.640042,370.301524
            110.331308,-7.63957,371.900406
            110.331394,-7.639479,372.254042
            110.331748,-7.639481,373.204613
            110.33191,-7.639517,373.570909
            110.332345,-7.639447,374.543221
            110.332693,-7.639454,375.311175
            110.33294,-7.639481,375.859437
            110.333033,-7.639532,376.093938
            110.333526,-7.639988,377.746906
            110.333869,-7.639697,379.050165
            110.334384,-7.639239,381.047415
            110.334447,-7.639221,381.23667
            110.334513,-7.639233,381.430359
            110.334632,-7.639365,381.945892
            110.335583,-7.638574,385.257171
            110.335208,-7.638163,386.735569
            110.335196,-7.638063,387.004245
            110.335455,-7.637732,388.527945
            110.33856,-7.634133,405.985272
            110.338429,-7.634014,406.625525
            110.338389,-7.63393,406.96319
            110.338315,-7.633694,407.653967
            110.338299,-7.633568,408.007985
            110.338318,-7.633483,408.250683
            110.338358,-7.633372,408.57926
            110.339051,-7.632434,411.820187
            110.339325,-7.632253,412.807
            110.339558,-7.632184,413.548372
            110.339711,-7.632187,414.014911
            110.339886,-7.632235,414.568483
            110.339946,-7.632227,414.753052
            110.340277,-7.631848,416.294918
            110.340771,-7.631469,417.913206
            110.341315,-7.631917,419.164203
            110.341679,-7.632261,420.053791
            110.341758,-7.632307,420.215851
            110.342528,-7.631017,423.277805
            110.343229,-7.631239,424.685066
            110.343769,-7.631498,425.406241
            110.344385,-7.631838,426.253847
            110.344483,-7.631921,426.408811
            110.344758,-7.63227,427.284159
            110.345585,-7.631609,430.271266
            110.346479,-7.630717,433.192481
            110.347072,-7.631094,434.547271
            110.347367,-7.631242,435.183101
            110.347608,-7.631317,435.377247
            110.348482,-7.631579,435.797855
            110.348923,-7.631772,436.019917
            110.349603,-7.632271,436.02651
            110.350356,-7.63301,435.866011
            110.350492,-7.633126,435.744692
            110.351294,-7.633827,433.583493
            110.351354,-7.633881,433.419691
            110.351294,-7.633827,433.25589
            110.349017,-7.635951,424.418778
            110.349055,-7.635934,424.356751
            110.349151,-7.635947,424.2126
            110.349956,-7.636488,422.953273
            110.350589,-7.636882,423.696709
            110.350868,-7.637018,424.005947
            110.35132,-7.637297,424.535559
            110.352017,-7.637722,424.593754
            110.353277,-7.638104,424.378091
            110.353499,-7.638178,424.292531
            110.353834,-7.638296,424.162657
            110.355206,-7.638776,423.90484
            110.356708,-7.639312,424.199541
            110.356834,-7.639392,424.079165
            110.356967,-7.639538,423.919508
            110.35739,-7.64047,423.090028
            110.357566,-7.640811,423.043202
            110.357679,-7.640923,423.226085
            110.357738,-7.640949,423.299977
            110.35784,-7.64094,423.417166
            110.358512,-7.64074,424.220118
            110.3599,-7.640113,426.342715
            110.360569,-7.639845,427.479533
            110.361043,-7.639695,428.105684
            110.361334,-7.639644,428.404121
            110.36174,-7.639645,428.814138
            110.362845,-7.63984,429.979379
            110.363185,-7.639578,430.461796
            110.363394,-7.639379,430.786436
            110.363684,-7.639105,431.235232
            110.363766,-7.639063,431.338625
            110.363956,-7.639021,431.556683
            110.364051,-7.639035,431.664267
            110.364823,-7.639343,432.823326
            110.365636,-7.639724,434.082656
            110.366126,-7.639921,435.35664
            110.36635,-7.639869,435.968961
            110.366752,-7.639663,437.17345
            110.366826,-7.639511,437.626661
            110.367514,-7.639916,439.908973
            110.36779,-7.639972,440.823221
            110.367967,-7.640036,441.434651
            110.368511,-7.640403,443.570194
            110.368921,-7.640678,445.125892
            110.369371,-7.64108,446.650816
            110.369464,-7.641207,447.049355
            110.369563,-7.641299,447.390957
            110.370096,-7.641741,449.140268
            110.370181,-7.641821,449.435324
            110.370435,-7.642049,449.911355
            110.370802,-7.642256,450.447419
            110.371705,-7.6426,451.675534
            110.371961,-7.641971,453.798404
            110.371991,-7.641896,454.081137
            110.372037,-7.641786,454.498423
            110.372162,-7.641489,455.626162
            110.37248,-7.640748,458.560092
            110.372563,-7.640556,459.545937
            110.372784,-7.640059,462.109307
            110.373217,-7.63981,464.451016
            110.373322,-7.639721,465.097301
            110.373449,-7.639559,466.065554
            110.373721,-7.638967,467.953224
            110.374055,-7.638627,469.142662
            110.374282,-7.638486,469.808189
            110.374642,-7.638363,470.75418
            110.37496,-7.63829,471.060811
            110.375166,-7.638238,470.987363
            110.375496,-7.638074,470.859813
            110.37572,-7.637963,470.773284
            110.376171,-7.637659,470.584835
            110.376289,-7.637607,470.540216
            110.3766,-7.637575,470.497284
            110.377034,-7.637671,470.501952
            110.378814,-7.638272,470.687268
            110.379969,-7.638589,471.013371
            110.380338,-7.638667,471.241155
            110.380866,-7.638838,471.576507
            110.381053,-7.638928,471.70201
            110.381209,-7.639041,471.818662
            110.381646,-7.639537,472.062354
            110.381783,-7.639657,472.062245
            110.382082,-7.639805,472.062045
            110.382243,-7.639815,472.061949
            110.38243,-7.639825,472.061837
            110.382722,-7.639795,472.061662
            110.382934,-7.639807,472.061535
            110.383218,-7.639905,471.957797
            110.383473,-7.64004,471.703897
            110.383967,-7.640468,471.127647
            110.383694,-7.640795,470.751554
            110.384516,-7.641163,470.495962
            110.385279,-7.641016,470.534025
            110.385429,-7.641052,470.541582
            110.385755,-7.641191,470.600446
            110.386116,-7.641405,470.967135
            110.386195,-7.641478,471.06129
            110.386388,-7.641752,471.355203
            110.386561,-7.641942,471.580303
            110.386675,-7.642019,471.700564
            110.386929,-7.642113,471.936915
            110.387118,-7.642166,472.10814
            110.387381,-7.641627,473.739289
            110.387407,-7.641572,473.911611
            110.387403,-7.641498,474.121862
            110.387323,-7.641451,474.383371
            110.387371,-7.641296,474.843378
            110.387609,-7.641353,475.531887
            110.387707,-7.641349,475.807693
            110.387744,-7.641348,475.911774
            110.387791,-7.641311,476.080554
            110.387876,-7.641053,476.850576
            110.387833,-7.641003,477.036974
            110.387606,-7.640894,477.952589
            110.388074,-7.640854,479.813428
            110.388147,-7.640821,480.131273
            110.388186,-7.64077,480.387049
            110.388766,-7.639622,485.468695
            110.38898,-7.638991,488.007266
            110.389253,-7.639049,489.062531
            110.389517,-7.639206,490.226177
            110.389621,-7.639266,490.680997
            110.389999,-7.639391,491.937193
            110.390279,-7.638517,494.460435
            110.390472,-7.63793,496.159237
            110.391011,-7.638263,496.257184
            110.391709,-7.63875,496.283146
            110.391858,-7.638879,496.289163
            110.39197,-7.639039,496.33547
            110.392154,-7.63937,496.739739
            110.392291,-7.63954,496.972483
            110.392341,-7.639592,497.049324
            110.392594,-7.639732,497.356541
            110.39261,-7.639738,497.374679
            110.392913,-7.639825,497.709141
            110.392983,-7.639806,497.786091
            110.393013,-7.639767,497.838553
            110.393097,-7.639616,498.023008
            110.393236,-7.639197,499.541728
            110.39338,-7.638884,501.301466
            110.393776,-7.638163,505.500778
            110.395013,-7.636469,516.674254
            110.3956,-7.635618,520.218049
            110.39639,-7.635999,523.021305
            110.396451,-7.636021,523.099503
            110.396494,-7.636004,523.155272
            110.396527,-7.635963,523.219018
            110.396639,-7.635655,523.616943
            110.396689,-7.635629,523.684962
            110.396828,-7.635689,523.8676
            110.397314,-7.635983,524.553497
            110.397549,-7.63571,524.989663
            110.397789,-7.635481,524.878196
            110.398053,-7.635776,524.178574
            110.398134,-7.635995,523.764731
            110.398049,-7.636404,523.023834
            110.398024,-7.636496,522.854788
            110.397908,-7.63691,522.092456
            110.397897,-7.636949,522.020608
            110.398102,-7.63706,521.56354
            110.398333,-7.637254,520.966501
            110.39853,-7.637418,520.459192
            110.39916,-7.63796,518.814185
            110.39936,-7.638076,518.309432
            110.399869,-7.638292,516.278696
            110.399353,-7.639904,509.520181
            110.398293,-7.643783,491.408169
            110.398737,-7.643962,489.830405
            110.398922,-7.644002,489.207133
            110.399065,-7.643987,488.733801
            110.399419,-7.643713,488.97397
            110.39986,-7.643565,489.756877
            110.400081,-7.64341,490.212126
            110.400152,-7.643407,490.331622
            110.400263,-7.643491,490.566458
            110.400617,-7.64372,491.277286
            110.400733,-7.643678,491.497212
            110.401033,-7.643417,492.371556
            110.401087,-7.643396,492.498612
            110.401547,-7.643416,493.507132
            110.403169,-7.643761,493.786913
            110.402331,-7.645599,487.096578
            110.402805,-7.645796,484.77062
            110.40159,-7.649283,469.168271
            110.402186,-7.649548,467.68523
            110.402616,-7.649683,466.976671
            110.40324,-7.649812,465.975344
            110.40261,-7.651662,462.656998
            110.403648,-7.652205,464.304413
            110.404514,-7.652507,465.268694
            110.404948,-7.652692,464.148667
            110.405361,-7.652778,463.148178
            110.405138,-7.653734,459.856574
            110.405018,-7.654546,454.445298
            110.404887,-7.655428,448.723466
            110.404989,-7.655475,448.114559
            110.405117,-7.655615,447.082661
            110.405259,-7.655898,445.356363
            110.404966,-7.657035,439.080624
            110.404903,-7.657243,438.118575
            110.404828,-7.657536,436.779484
            110.404772,-7.657773,435.701183
            110.404783,-7.657918,435.057028
            110.404818,-7.657985,434.722802
            110.404898,-7.65811,434.06706
            110.404882,-7.658362,432.948506
            110.404334,-7.659864,427.82048
            110.404416,-7.659871,427.580166
            110.405005,-7.659955,426.163235
            110.405045,-7.659959,426.114855
            110.405157,-7.659971,425.97929
            110.40533,-7.65999,425.769829
            110.40555,-7.660015,425.503349
            110.405866,-7.660094,425.111166
            110.406624,-7.66059,424.128091
            110.406763,-7.660654,424.052758
            110.407852,-7.661054,423.481921
            110.407942,-7.661086,423.434924
            110.408591,-7.66136,422.88224
            110.408834,-7.66144,422.640573
            110.409019,-7.661506,422.455
            110.409213,-7.661579,422.259148
            110.410347,-7.661961,421.071791
            110.410832,-7.662088,420.541022
            110.411423,-7.662299,419.876372
            110.412848,-7.66293,418.001247
            110.413155,-7.663124,417.556729
            110.41385,-7.663454,416.135721
            110.413907,-7.663477,416.018009
            110.414357,-7.663655,415.091283
            110.414845,-7.663927,414.020412
            110.414692,-7.664612,411.525442
            110.414642,-7.664992,410.149278
            110.414382,-7.666139,405.712738
            110.41427,-7.666726,403.280203
            110.414189,-7.667073,401.829954
            110.414046,-7.667689,399.632752
            110.414017,-7.667813,399.319278
            110.41396,-7.668065,398.683269
            110.413621,-7.669552,395.47687
            110.41381,-7.669572,395.311805
            110.414695,-7.669627,394.541743
            110.41544,-7.669671,393.827769
            110.416153,-7.669751,393.072188
            110.416067,-7.670188,392.599127
            110.416035,-7.670592,392.160842
            110.417493,-7.670609,390.52984
            110.417447,-7.671136,389.349871
            110.417439,-7.671274,388.917849
            110.417359,-7.672625,384.688114
            110.4173,-7.673325,382.45158
            110.417262,-7.673771,381.025903
            110.417245,-7.67415,379.817501
            110.417199,-7.674762,378.150958
            110.417283,-7.674766,377.958438
            110.417769,-7.67479,376.844471
            110.418131,-7.674799,376.015493
            110.41916,-7.674834,373.55794
            110.419243,-7.675025,373.033605
            110.419278,-7.675203,372.576365
            110.419294,-7.67567,371.398224
            110.419361,-7.676017,370.507447
            110.419349,-7.676235,370.083808
            110.419427,-7.676587,369.610251
            110.419303,-7.677029,369.007423
            110.421401,-7.677189,367.96346
            110.422584,-7.677051,368.241078
            110.423149,-7.676939,368.459393
            110.423447,-7.676996,368.574388
            110.423921,-7.677123,368.822343
            110.424044,-7.677197,368.934743
            110.424524,-7.677223,369.310257
            110.424897,-7.677167,369.604952
            110.42525,-7.677072,369.890686
            110.426162,-7.67695,370.669736
            110.426324,-7.676935,370.812452
            110.426615,-7.676913,371.068442
            110.426961,-7.676889,371.372676
            110.427369,-7.676896,371.722947
            110.427637,-7.676962,371.866663
            110.428156,-7.676788,372.151801
            110.428673,-7.676624,372.434309
            110.429498,-7.676461,372.188078
            110.430255,-7.676279,371.308522
            110.430227,-7.676969,370.352908
            110.430181,-7.677309,369.188308
            110.429866,-7.679103,363.715468
            110.429804,-7.679666,362.705141
            110.429852,-7.679666,362.620279
            110.430312,-7.679669,361.807005
            110.430967,-7.679671,361.323495
            110.431201,-7.679664,361.343712
            110.431277,-7.679643,361.350525
            110.431364,-7.679579,361.359881
            110.431488,-7.679428,361.376845
            110.431528,-7.679292,361.389189
            110.431588,-7.679217,361.397529
            110.431625,-7.679179,361.402131
            110.431777,-7.679028,361.420716
            110.431801,-7.679008,361.423424
            110.432016,-7.678828,361.447728
            110.432155,-7.678805,361.321927
            110.433488,-7.678938,359.997857
            110.434071,-7.678987,359.801969
            110.434306,-7.679006,359.947269
            110.434518,-7.679167,360.111862
            110.434721,-7.679183,360.237355
            110.435081,-7.679171,360.459331
            110.435545,-7.67908,360.750816
            110.436419,-7.678826,361.98072
            110.436572,-7.678769,362.206507
            110.43672,-7.67868,362.445641
            110.436745,-7.678606,362.554414
            110.436676,-7.678396,362.862251
            110.436608,-7.678156,363.209713
            110.436556,-7.67786,363.424401
            110.436534,-7.677563,363.595969
            110.436558,-7.677491,363.639654
            110.436657,-7.677385,363.722867
            110.436747,-7.677387,363.774266
            110.437327,-7.6774,364.105505
            110.437489,-7.677414,364.198351
            110.437658,-7.677381,364.296698
            110.437753,-7.677332,364.357316
            110.437917,-7.677193,364.478935
            110.438432,-7.67711,364.772995
            110.438768,-7.676948,364.983581
            110.439014,-7.676777,365.152927
            110.43935,-7.676485,365.2349
            110.439504,-7.676292,365.009607
            110.439635,-7.676082,364.783547
            110.439831,-7.675897,364.537933
            110.439914,-7.675879,364.460835
            110.439892,-7.676042,364.310258
            110.440021,-7.676939,362.854508
            110.440048,-7.677387,361.230875
            110.440226,-7.678748,357.0701
            110.441279,-7.678713,356.594987
            110.441401,-7.678708,356.539924
            110.441815,-7.67869,356.353361
            110.442091,-7.678696,356.231552
            110.442241,-7.678722,356.164363
            110.442427,-7.678782,356.078056
            110.443298,-7.679196,355.651827
            110.444012,-7.679564,354.961362
            110.444234,-7.679711,354.697139
            110.444935,-7.679989,353.949935
            110.445002,-7.680009,353.880688
            110.445508,-7.680159,352.770571
            110.446309,-7.680329,350.805349
            110.446267,-7.68097,349.217077
            110.446224,-7.681611,347.350118
            110.446155,-7.682524,344.689365
            110.446151,-7.682574,344.543601
            110.447642,-7.682662,341.995801
            110.4479,-7.682702,341.577891
            110.448559,-7.682842,340.206266
            110.448664,-7.682864,339.970434
            110.448665,-7.683877,337.724263
            110.448748,-7.684685,335.265718
            110.448732,-7.684861,334.68621
            110.448646,-7.685004,334.140288
            110.448618,-7.685112,333.774613
            110.448598,-7.685335,333.040429
            110.448612,-7.685436,332.706102
            110.448676,-7.68559,332.159924
            110.448708,-7.685961,330.953892
            110.448722,-7.686583,328.980489
            110.448808,-7.687221,326.93885
            110.448933,-7.687747,325.285203
            110.448933,-7.687822,325.078005
            110.448895,-7.687884,324.877601
            110.448802,-7.687901,324.61869
            110.448604,-7.687894,324.076259
            110.448563,-7.687931,323.924442
            110.44865,-7.687993,323.631061
            110.448927,-7.688339,322.410888
            110.44886,-7.688371,322.207264
            110.448832,-7.688438,322.006921
            110.448897,-7.688606,321.50985
            110.448868,-7.688878,320.754229
            110.448918,-7.689003,320.545781
            110.448916,-7.689266,320.166322
            110.449635,-7.689245,319.137854
            110.449668,-7.689244,319.090648
            110.450657,-7.689185,317.576714
            110.451627,-7.689137,315.891068
            110.451663,-7.689157,315.819438
            110.451723,-7.689394,315.3915
            110.451731,-7.689572,315.079449
            110.451895,-7.690626,311.660944
            110.452207,-7.692579,305.293135
            110.452386,-7.693709,302.06376
            110.452427,-7.694108,301.093314
            110.452468,-7.694444,300.274378
            110.452532,-7.69497,298.997518
            110.452909,-7.694997,298.624611
            110.453356,-7.695034,298.182078
            110.454097,-7.695155,297.441172
            110.454357,-7.695255,297.140652
            110.454508,-7.695288,296.901038
            110.455102,-7.695327,295.978553
            110.455241,-7.695332,295.763016
            110.45562,-7.695356,295.174517
            110.455932,-7.695368,294.690676
            110.45661,-7.695415,293.34303
            110.45702,-7.695389,292.459898
            110.457043,-7.695611,291.975822
            110.457063,-7.695808,291.546349
            110.457091,-7.696159,290.782612
            110.457123,-7.696556,289.574998
            110.457151,-7.697025,287.9496
            110.457162,-7.697159,287.48448
            110.457198,-7.697554,286.112369
            110.457295,-7.698632,282.123057
            110.457298,-7.698686,281.911896
            110.457309,-7.698905,281.055761
            110.457318,-7.699026,280.58204
            110.457321,-7.699135,280.156295
            110.457331,-7.69935,279.315945
            110.457343,-7.699584,278.401122
            110.457378,-7.7002,275.993534
            110.457423,-7.700976,272.961975
            110.457533,-7.701303,271.617607
            110.457785,-7.701829,269.344966
            110.458097,-7.702602,266.09182
            110.458468,-7.703415,262.869064
            110.459782,-7.706552,255.782556
            110.460072,-7.707178,254.241576
            110.460313,-7.707769,252.803781
            110.460649,-7.708517,251.034459
            110.461027,-7.709438,249.048764
            110.461095,-7.709457,248.908937
            110.461216,-7.709432,248.664316
            110.462815,-7.708831,247.017814
            110.463358,-7.708621,246.746252
            110.463677,-7.708465,246.825509
            110.464002,-7.708176,246.922799
            110.464197,-7.70805,246.974665
            110.464735,-7.70778,247.109028
            110.4658,-7.707297,247.798966
            110.465847,-7.707274,247.830242
            110.4661,-7.707167,247.994366
            110.468091,-7.706255,248.989061
            110.468711,-7.705865,248.119795
            110.469303,-7.706751,246.800175
            110.469737,-7.707351,244.666428
            110.469969,-7.707548,243.791326
            110.470191,-7.707696,243.024954
            110.470275,-7.7079,242.388115
            110.470336,-7.708144,241.658512
            110.470854,-7.708727,239.148182
            110.471008,-7.708874,238.463406
            110.471318,-7.708989,237.403344
            110.471939,-7.709094,235.626533
            110.472283,-7.709239,235.019075
            110.472489,-7.709422,234.569517
            110.472813,-7.709849,233.693468
            110.47315,-7.710367,232.649524
            110.473502,-7.710883,231.487748
            110.473613,-7.711028,231.148264
            110.473706,-7.711113,230.914408
            110.474129,-7.711354,230.01251
            110.47424,-7.71146,229.727571
            110.474377,-7.711547,229.526793
            110.474444,-7.71132,229.393539
            110.474581,-7.71108,229.238184
            110.474652,-7.710921,229.140222
            110.474718,-7.710689,229.004415
            110.474783,-7.710467,228.874178
            110.474876,-7.710113,228.66808
            110.474861,-7.709926,228.562389
            110.474826,-7.709722,228.746112
            110.474842,-7.70958,228.883646
            110.475086,-7.709034,229.458437
            110.475172,-7.7089,229.611297
            110.475275,-7.708821,229.735535
            110.475397,-7.708902,229.875612
            110.475537,-7.708947,230.016003
            110.475642,-7.70895,230.116201
            110.475973,-7.708852,230.202489
            110.476668,-7.708647,229.827509
            110.477618,-7.70831,229.234026
            110.478091,-7.708194,228.568514
            110.478468,-7.708005,227.991467
            110.478516,-7.707995,227.924476
            110.478693,-7.707967,227.679668
            110.479418,-7.707929,226.876341
            110.479724,-7.707878,226.890106
            110.479915,-7.707847,226.898692
            110.480389,-7.707704,226.920672
            110.480846,-7.707593,226.941545
            110.480896,-7.707841,226.977531
            110.480953,-7.707871,227.016977
            110.481608,-7.707645,227.440863
            110.481717,-7.707668,227.508974
            110.481868,-7.70777,227.620662
            110.48198,-7.707773,227.689137
            110.482035,-7.707755,227.724537
            110.482068,-7.707698,227.765066
            110.482295,-7.707146,228.136945
            110.482915,-7.707295,228.549748
            110.483041,-7.70741,228.660588
            110.483168,-7.707486,228.756586
            110.4836,-7.707634,229.052347
            110.484064,-7.707672,229.006678
            110.48434,-7.708822,227.527205
            110.484403,-7.709014,227.274516
            110.485077,-7.709424,226.498765
            110.4854,-7.709637,226.160647
            110.485677,-7.7098,225.879893
            110.485737,-7.709851,225.811004
            110.486148,-7.710147,225.399053
            110.486538,-7.710433,225.365376
            110.486659,-7.710471,225.356565
            110.487201,-7.71056,225.31843
            110.487525,-7.710586,225.295867
            110.487756,-7.710573,225.279806
            110.488239,-7.710626,225.136337
            110.488994,-7.710852,224.879026
            110.490788,-7.71145,224.213093
            110.491331,-7.711576,223.985912
            110.492412,-7.711858,222.829312
            110.492952,-7.711954,222.261663
            110.493125,-7.711966,222.132195
            110.49328,-7.711907,222.096135
            110.493374,-7.711921,222.075492
            110.493753,-7.712192,221.973995
            110.494318,-7.7124,221.843101
            110.494558,-7.712434,221.79045
            110.494673,-7.712491,221.762526
            110.494759,-7.712568,221.773956
            110.494889,-7.712742,221.851102
            110.494971,-7.7128,221.886677
            110.495497,-7.713065,222.095041
            110.495728,-7.713227,222.19497
            110.495875,-7.712583,222.365658
            110.496243,-7.712705,222.269974
            110.496753,-7.712815,222.141274
            110.496942,-7.712832,222.094479
            110.497475,-7.712881,221.962488
            110.498293,-7.712973,221.443364
            110.499324,-7.713086,220.750922
            110.499705,-7.713168,220.514409
            110.499777,-7.713188,220.469385
            110.500269,-7.713297,220.165828
            110.500659,-7.713409,219.921338
            110.501128,-7.713544,219.640235
            110.501281,-7.713622,219.641162
            110.501507,-7.713658,219.642394
            110.501873,-7.713633,219.64437
            110.502243,-7.713578,219.646385
            110.502439,-7.71355,219.647452
            110.503314,-7.713447,220.16069
            110.503406,-7.71235,221.488204
            110.503517,-7.711379,222.153713
            110.503905,-7.711391,222.336885
            110.50441,-7.71142,222.575576
            110.506317,-7.711436,221.363003
            110.507367,-7.711467,221.383716
            110.507443,-7.711402,221.395944
            110.508,-7.711127,221.471745
            110.50908,-7.710931,221.827192
            110.509553,-7.710843,221.999764
            110.509759,-7.710827,222.073858
            110.510151,-7.710951,222.094516
            110.510207,-7.710956,222.08235
            110.510648,-7.710894,221.98597
            110.511249,-7.71079,221.853956
            110.511693,-7.710713,221.756422
            110.511807,-7.710693,221.653722
            110.511915,-7.711186,221.072418
            110.512017,-7.711679,220.492529
            110.51208,-7.711771,220.364416
            110.512274,-7.711707,220.130943
            110.512604,-7.71154,219.707839
            110.513174,-7.711467,219.355701
            110.513485,-7.71143,219.171962
            110.513616,-7.711441,219.094843
            110.513751,-7.711463,219.01459
            110.514003,-7.711548,218.858441
            110.514296,-7.711596,218.684238
            110.514603,-7.711592,218.615423
            110.514632,-7.711565,218.616097
            110.514673,-7.711333,218.620126
            110.51511,-7.711334,218.627535
            110.515607,-7.711303,218.635977
            110.516499,-7.711225,219.17644
            110.5165,-7.711159,219.250883
            110.516503,-7.71083,219.621945
            110.516469,-7.710164,220.37402
            110.516461,-7.709909,220.661748
            110.516447,-7.70944,221.260227
            110.516422,-7.708598,222.337033
            110.516358,-7.708573,222.424177
            110.516422,-7.708598,222.511321
            110.516728,-7.708714,222.926345
            110.517757,-7.709076,222.241263
            110.517774,-7.709081,222.229022
            110.518152,-7.709215,221.951887
            110.518496,-7.709321,221.684951
            110.518816,-7.709419,221.165557
            110.518998,-7.709529,220.834969
            110.519278,-7.709738,220.291365
            110.519818,-7.710209,219.175794
            110.520018,-7.710397,218.648134
            110.520606,-7.710925,216.621663
            110.520809,-7.711132,215.877781
            110.521084,-7.711454,214.790642
            110.521124,-7.711501,214.632191
            110.521443,-7.7118,213.505857
            110.521703,-7.712009,212.645259
            110.521926,-7.71215,211.965269
            110.522304,-7.712344,210.871001
            110.522433,-7.71241,210.497807
            110.522968,-7.712678,209.230433
            110.523172,-7.712748,208.910823
            110.523345,-7.712847,208.615063
            110.523493,-7.712986,208.313181
            110.523595,-7.713137,208.041712
            110.523729,-7.713258,207.77332
            110.523847,-7.71328,207.59556
            110.524152,-7.713238,207.139678
            110.52427,-7.713236,206.964958
            110.524411,-7.713288,206.706271
            110.524308,-7.713457,206.349893
            110.524296,-7.713557,206.168113
            110.524972,-7.716368,201.081342
            110.52506,-7.716388,200.92754
            110.525807,-7.716343,200.165065
            110.525918,-7.71722,199.488679
            110.525953,-7.717386,199.358903
            110.526058,-7.717889,198.82646
            110.526107,-7.717961,198.720406
            110.526205,-7.717993,198.595539
            110.526325,-7.718458,198.009401
            110.526821,-7.718477,197.408718
            110.526878,-7.719245,196.192325
            110.526783,-7.719569,195.567719
            110.526806,-7.720411,194.008403
            110.526897,-7.721132,192.571511
            110.526977,-7.721793,191.227142
            110.527,-7.722022,190.762422
            110.52702,-7.722221,190.35858
            110.527092,-7.722941,189.171844
            110.527113,-7.722973,189.113249
            110.527148,-7.722982,189.058245
            110.527432,-7.72298,188.62623
            110.527544,-7.722978,188.455835
            110.527863,-7.724266,186.337788
            110.527853,-7.724266,186.321123
            110.527183,-7.724246,185.20407
            110.527353,-7.724922,184.019448
            110.527275,-7.72497,183.857523
            110.527103,-7.724992,183.551673
            110.527031,-7.725023,183.413229
            110.527063,-7.725207,183.080934
            110.527063,-7.725542,182.484729
            110.527235,-7.725952,181.694508
            110.527379,-7.726214,181.163552
            110.527527,-7.726433,180.733168
            110.527693,-7.726625,180.331581
            110.527732,-7.726726,180.159811
            110.527844,-7.727284,179.256133
            110.527859,-7.727338,179.167171
            110.527853,-7.727596,178.757259
            110.527699,-7.728039,178.08417
            110.527693,-7.728136,177.989348
            110.527825,-7.728673,177.450071
            110.528142,-7.729402,176.675554
            110.528281,-7.729855,176.128355
            110.528371,-7.73026,175.573098
            110.528838,-7.730245,174.953175
            110.52893,-7.730782,174.223883
            110.528963,-7.730938,174.000579
            110.528913,-7.731193,173.508109
            110.52891,-7.731548,172.835074
            110.52886,-7.731818,172.31466
            110.528774,-7.732426,171.150744
            110.528785,-7.732479,171.048163
            110.528701,-7.732928,170.281827
            110.52873,-7.733078,170.057398
            110.528794,-7.733331,169.67412
            110.528749,-7.733662,169.183332
            110.528752,-7.734141,168.479442
            110.528771,-7.7351,167.476599
            110.528755,-7.735787,166.91737
            110.528776,-7.736263,166.529631
            110.528867,-7.737153,165.881166
            110.52887,-7.738128,165.132995
            110.528988,-7.738925,163.935259
            110.529011,-7.739,163.818708
            110.529633,-7.740143,162.139167
            110.530095,-7.74097,161.273596
            110.530435,-7.741524,160.633498
            110.530647,-7.741898,160.156075
            110.530624,-7.741911,160.126873
            110.530643,-7.741941,160.087453
            110.530688,-7.742031,159.975665
            110.530705,-7.742058,159.940246
            110.530721,-7.742088,159.90248
            110.530755,-7.742204,159.768039
            110.530764,-7.742224,159.743667
            110.530793,-7.74227,159.683301
            110.530815,-7.742315,159.627649
            110.530821,-7.742321,159.618248
            110.530822,-7.742319,159.615764
            110.530884,-7.742396,159.506129
            110.53092,-7.742481,159.403532
            110.530976,-7.742478,159.341683
            110.531008,-7.742494,159.302154
            110.531033,-7.742508,159.270485
            110.531063,-7.742537,159.224263
            110.531085,-7.74257,159.180245
            110.531108,-7.74261,159.129006
            110.531129,-7.742653,159.075839
            110.53124,-7.742904,158.720276
            110.531337,-7.743115,158.355563
            110.53146,-7.743417,157.843296
            110.531601,-7.744069,156.794428
            110.531541,-7.744064,156.700579
            110.531416,-7.74407,156.505521
            110.531301,-7.744069,156.326271
            110.531326,-7.744552,155.636154
            110.531256,-7.746051,153.609572
            110.531147,-7.74712,152.120915
            110.531041,-7.750078,149.119964
            110.530849,-7.75014,149.062039
            110.530805,-7.75032,149.008425
            110.530567,-7.750368,148.938756
            110.530623,-7.750681,148.846734
            110.530718,-7.751185,148.595805
            110.530681,-7.751204,148.54664
            110.530292,-7.751411,148.025718
            110.530322,-7.751494,147.920748
            110.530419,-7.751741,147.605179
            110.530459,-7.751922,147.384566
            110.530551,-7.752364,146.847225
            110.530569,-7.752441,146.753118
            110.530714,-7.753012,146.012257
            110.530721,-7.753055,145.956557
            110.530904,-7.753125,145.707995
            110.531729,-7.753152,144.662048
            110.532259,-7.753159,144.176971
            110.532406,-7.753205,144.103452
            110.532635,-7.753554,143.903091
            110.532675,-7.753615,143.868077
            110.532918,-7.753985,143.655603
            110.533257,-7.7545,143.331687
            110.533737,-7.75517,142.763867
            110.533745,-7.755183,142.753345
            110.533946,-7.755526,142.479245
            110.534088,-7.75585,142.235136
            110.534113,-7.755935,142.173625
            110.534191,-7.756696,141.620064
            110.53381,-7.759368,139.629963
            110.53366,-7.760192,138.801953
            110.533657,-7.760534,138.449307
            110.534127,-7.761191,137.618246
            110.534475,-7.761761,136.923693
            110.535454,-7.763228,135.248548
            110.535115,-7.767813,131.851829
            110.535066,-7.768224,131.93665
            110.53505,-7.768358,132.004353
            110.534969,-7.768297,132.054933
            110.533629,-7.768189,132.719562
            110.532524,-7.768098,133.214286
            110.532442,-7.768089,133.251096
            110.53149,-7.768,133.486027
            110.53065,-7.76791,133.463727
            110.530558,-7.769131,133.120788
            110.530383,-7.771119,132.024406
            110.53029,-7.772048,131.442681
            110.530204,-7.773367,131.041804
            110.530104,-7.774395,131.183089
            110.529959,-7.776035,131.866079
            110.529914,-7.77603,131.870203
            110.529864,-7.776025,131.87478
            110.529346,-7.775997,131.922028
            110.52821,-7.775902,132.049998
            110.527731,-7.775849,132.127823
            110.527312,-7.775783,132.196329
            110.525875,-7.775467,133.306763
            110.525633,-7.775412,133.586085
            110.525267,-7.775333,134.007495
            110.524894,-7.775254,134.326854
            110.524803,-7.775234,134.323746
            110.524325,-7.775122,134.30737
            110.52399,-7.775058,134.295996
            110.523637,-7.774973,134.283884
            110.522929,-7.77467,134.227984
            110.521847,-7.77433,134.089198
            110.521864,-7.774222,134.075709
            110.521855,-7.774064,134.056181
            110.521778,-7.773848,134.208525
            110.521666,-7.773801,134.330525
            110.521328,-7.773784,134.669985
            110.521237,-7.773866,134.793362
            110.521231,-7.773906,134.8343
            110.521237,-7.773866,134.875238
            110.521114,-7.774007,135.063905
            110.521063,-7.774035,135.122388
            110.520805,-7.774026,135.381329
            110.520315,-7.773985,135.865675
            110.52029,-7.773981,135.854679
            110.520009,-7.773916,135.729392
            110.519857,-7.773912,135.663372
            110.519812,-7.773919,135.643594
            110.519694,-7.773933,135.591994
            110.519669,-7.773936,135.58106
            110.519629,-7.773939,135.563643
            110.519192,-7.773991,135.372539
            110.517913,-7.774128,134.814743
            110.516877,-7.774243,134.363414
            110.515575,-7.769435,136.469028
            110.515706,-7.769205,136.589664
            110.515259,-7.769185,136.783565
            110.512837,-7.769113,138.347129
            110.511591,-7.769079,140.020771
            110.511586,-7.768969,140.24777
            110.511059,-7.768967,141.324234
            110.510487,-7.768933,142.494708
            110.510396,-7.768719,142.973435
            110.510411,-7.768362,143.922354
            110.509581,-7.768288,146.71484
            110.509438,-7.768301,147.196032
            110.509067,-7.768168,148.518085
            110.508882,-7.768134,149.148576
            110.507445,-7.76773,155.1135
            110.507018,-7.767647,156.797396
            110.50655,-7.767622,157.008924
            110.505922,-7.767475,157.30016
            110.505277,-7.76734,157.597691
            110.504966,-7.767294,156.929623
            110.504897,-7.767317,156.760911
            110.504632,-7.767341,156.144221
            110.503373,-7.767337,153.3694
            110.503177,-7.767339,153.28782
            110.501773,-7.767331,152.703464
            110.500904,-7.76736,153.138585
            110.500209,-7.76747,153.614721
            110.499999,-7.7675,153.758258
            110.49882,-7.767517,153.546544
            110.49842,-7.767483,153.416587
            110.497574,-7.767233,154.569384
            110.49662,-7.767046,157.180221
            110.496628,-7.767598,158.65026
            110.496359,-7.767557,159.344484
            110.496138,-7.767493,159.931786
            110.49545,-7.767396,161.704384
            110.495166,-7.767351,162.438004
            110.494849,-7.767289,162.824821
            110.494499,-7.767148,162.896812
            110.494211,-7.767069,162.953751
            110.493937,-7.767031,163.006469
            110.493793,-7.767029,163.033909
            110.493436,-7.767062,163.102228
            110.49306,-7.766988,162.77531
            110.49242,-7.766921,161.667842
            110.491904,-7.766858,160.773172
            110.491823,-7.766834,160.627685
            110.491795,-7.766797,160.547367
            110.491117,-7.766776,158.629561
            110.490045,-7.766707,154.583917
            110.489993,-7.766535,153.901469
            110.489669,-7.766656,153.326661
            110.489284,-7.766958,153.811547
            110.488324,-7.767379,154.848204
            110.488181,-7.76745,155.025213
            110.487596,-7.767765,156.008821
            110.487553,-7.767949,156.290423
            110.48744,-7.76807,156.53622
            110.487146,-7.768296,157.085938
            110.486406,-7.768826,157.307246
            110.485965,-7.769107,156.9697
            110.485212,-7.769455,156.412621
            110.484731,-7.769643,155.919414
            110.483738,-7.770029,154.90196
            110.482279,-7.770552,149.494617
            110.482094,-7.770644,148.712956
            110.482004,-7.770716,148.276142
            110.481779,-7.770976,146.863531
            110.481202,-7.771931,142.128534
            110.481085,-7.772157,141.048005
            110.480963,-7.772556,139.570024
            110.481072,-7.773228,137.558551
            110.481255,-7.773659,136.176673
            110.481405,-7.773647,135.736016
            110.481505,-7.773651,135.442959
            110.481573,-7.773698,135.200182
            110.481724,-7.773892,134.645525
            110.48196,-7.774152,134.000297
            110.482243,-7.774353,133.363708
            110.482505,-7.774474,132.835232
            110.483299,-7.774718,131.778949
            110.483436,-7.774784,131.941363
            110.484224,-7.774861,132.785569
            110.484857,-7.774715,133.47849
            110.484965,-7.774679,133.458686
            110.485526,-7.774614,132.551011
            110.485639,-7.77462,132.369159
            110.48597,-7.774689,131.825593
            110.485997,-7.774734,131.740684
            110.487275,-7.774911,128.877383
            110.487381,-7.774936,128.558175
            110.487402,-7.77496,128.464258
            110.487386,-7.775011,128.306348
            110.487386,-7.775031,128.247214
            110.487368,-7.776685,124.282433
            110.487369,-7.776786,124.125467
            110.487383,-7.777943,122.426673
            110.48737,-7.779512,121.292401
            110.487372,-7.779716,121.128655
            110.487374,-7.779867,120.993348
            110.487383,-7.779967,120.903394
            110.487394,-7.781137,119.855037
            110.487401,-7.781493,119.64432
            110.486143,-7.781477,120.380506
            110.484893,-7.781461,121.341972
            110.482715,-7.781436,122.872301
            110.482604,-7.781435,122.931458
            110.482612,-7.78186,123.160095
            110.482613,-7.781935,123.200439
            110.482603,-7.782599,123.140978
            110.482603,-7.782615,123.138366
            110.482613,-7.783021,123.072072
            110.482619,-7.783283,123.029293
            110.482279,-7.783274,122.974284
            110.481946,-7.783251,122.861393
            110.481127,-7.783229,122.404796
            110.48045,-7.783233,122.027497
            110.478574,-7.783289,119.587943
            110.478285,-7.783305,119.267801
            110.478343,-7.7834,119.161895
            110.478486,-7.783633,118.901782
            110.478447,-7.7837,118.828007
            110.477872,-7.785503,117.23938
            110.477657,-7.786177,116.772623
            110.477297,-7.787301,115.948965
            110.477149,-7.787753,115.609115
            110.476935,-7.78845,115.055943
            110.476454,-7.790041,113.579487
            110.476397,-7.790216,113.313229
            110.476015,-7.791458,111.43323
            110.475681,-7.792436,110.364604
            110.475275,-7.79377,109.232061
            110.475025,-7.794562,108.774155
            110.474569,-7.79597,108.537503
            110.474259,-7.797011,108.632121
            110.47417,-7.797291,108.658856
            110.473996,-7.798116,108.735615
            110.473957,-7.798402,108.761899
            110.473669,-7.799459,108.328459
            110.473495,-7.800085,108.00955
            110.473366,-7.800513,107.671454
            110.473292,-7.800874,107.285268
            110.473136,-7.801378,106.732604
            110.472861,-7.802332,105.580971
            110.472778,-7.802782,104.932537
            110.472161,-7.80272,104.061598
            110.471708,-7.802612,103.427953
            110.471145,-7.802399,102.916228
            110.470359,-7.802134,102.211233
            110.468889,-7.801613,101.706266
            110.466735,-7.806008,100.733548
            110.466422,-7.806638,100.455069
            110.465688,-7.806487,100.099095
            110.464753,-7.806299,99.553846
            110.463786,-7.806083,99.003129
            110.46366,-7.806583,98.723197
            110.463589,-7.807074,98.453767
            110.463538,-7.807122,98.41591
            110.463444,-7.80714,98.364387
            110.462818,-7.807102,98.369138
            110.462055,-7.807128,98.511414
            110.461707,-7.807123,98.576274
            110.461213,-7.807132,97.981831
            110.461108,-7.807176,97.704927
            110.461046,-7.807225,97.512293
            110.460899,-7.807443,96.869557
            110.460597,-7.807703,95.897787
            110.460401,-7.807819,95.343258
            110.460113,-7.807921,94.600395
            110.459979,-7.807953,94.265608
            110.459492,-7.808054,93.652425
            110.45918,-7.808141,93.271717
            110.458942,-7.808166,92.9906
            110.45852,-7.808106,92.489849
            110.458494,-7.808405,92.134049
            110.45838,-7.808806,91.779669
            110.458414,-7.808925,91.679822
            110.45861,-7.809162,91.432463
            110.458843,-7.809332,91.201015
            110.458917,-7.809411,91.114004
            110.458927,-7.809487,91.052127
            110.458606,-7.81008,90.723298
            110.458387,-7.810468,91.024898
            110.458288,-7.810698,91.194538
            110.458083,-7.811658,91.853121
            110.458036,-7.8118,91.904869
            110.457996,-7.811822,91.920565
            110.457842,-7.811864,91.975363
            110.457888,-7.812003,92.026017
            110.457931,-7.812519,92.205307
            110.457993,-7.812943,92.353664
            110.458001,-7.813095,92.406371
            110.458028,-7.813182,92.437889
            110.458105,-7.813232,92.468528
            110.458651,-7.813323,92.471199
            110.458429,-7.814094,92.475103
            110.458366,-7.814297,92.476138
            110.458281,-7.814694,92.221348
            110.458143,-7.815329,91.258375
            110.457521,-7.817286,88.72655
            110.457164,-7.817275,88.369757
            110.456532,-7.817211,88.266924
            110.456041,-7.817231,88.772328
            110.45542,-7.81716,89.415246
            110.45531,-7.817151,89.528763
            110.455018,-7.817114,89.831522
            110.454838,-7.817089,89.82516
            110.454387,-7.816941,89.700869
            110.454286,-7.816911,89.673285
            110.453807,-7.816745,89.540528
            110.452994,-7.816712,89.413107
            110.452917,-7.816677,89.421617
            110.452882,-7.816611,89.429176
            110.452799,-7.816185,89.473166
            110.45216,-7.816156,89.537419
            110.451715,-7.816133,89.5524
            110.45161,-7.81611,89.532313
            110.451561,-7.816117,89.523065
            110.451469,-7.816128,89.505755
            110.451173,-7.816159,89.450155
            110.45094,-7.816305,89.398656
            110.450728,-7.816672,89.318928
            110.450635,-7.816752,89.295921
            110.450554,-7.816773,89.280281
            110.449609,-7.816758,88.5635
            110.449609,-7.816904,88.420597
            110.449558,-7.817933,87.424815
            110.449446,-7.819863,86.104356
            110.449431,-7.820143,86.136247
            110.448579,-7.820044,86.232907
            110.448534,-7.820349,86.267965
            110.448484,-7.820538,86.280975
            110.448427,-7.820618,86.263021
            110.448282,-7.820719,86.230824
            110.447945,-7.82081,86.167377
            110.447339,-7.820966,86.053645
            110.447089,-7.821029,86.006788
            110.446508,-7.821063,85.688319
            110.446516,-7.821795,85.042457
            110.446573,-7.82529,81.356343
            110.446589,-7.825789,80.790276
            110.446562,-7.826035,80.50971
            110.446396,-7.826245,80.287934
            110.446292,-7.826392,80.181307
            110.446092,-7.826608,80.007203
            110.445881,-7.826855,79.815001
            110.445755,-7.827577,79.379781
            110.445689,-7.828142,78.974542
            110.445588,-7.828793,78.484328
            110.445344,-7.83112,76.778784
            110.445177,-7.832335,76.201549
            110.444745,-7.83601,75.174756
            110.444659,-7.836667,75.093494
            110.444465,-7.838271,75.524179
            110.444416,-7.838695,75.3871
            110.444306,-7.839532,74.870583
            110.444096,-7.841291,72.440028
            110.44409,-7.841343,72.344055
            110.444014,-7.84149,72.041202
            110.443761,-7.842006,71.081742
            110.443568,-7.842357,70.738904
            110.442947,-7.843429,69.678744
            110.442924,-7.843461,69.645049
            110.441648,-7.843333,71.11577
            110.441634,-7.843399,71.197009
            110.441551,-7.84353,71.383318
            110.441102,-7.843334,71.690743
            110.440777,-7.843192,71.466986
            110.440489,-7.843072,71.270172
            110.440382,-7.843041,71.199945
            110.439942,-7.842923,70.912798
            110.439648,-7.842827,70.717796
            110.439421,-7.842733,70.360267
            110.439043,-7.842519,69.394124
            110.438528,-7.842258,68.110409
            110.438107,-7.842177,67.158702
            110.437648,-7.842088,66.965718
            110.437371,-7.842277,67.497971
            110.437043,-7.842394,68.049642
            110.43688,-7.842399,68.307708
            110.436665,-7.842354,68.655448
            110.436491,-7.842288,68.950291
            110.436413,-7.842248,69.089281
            110.436263,-7.842164,69.361951
            110.43588,-7.841914,70.015699
            110.435351,-7.841597,70.876654
            110.435134,-7.841509,71.20318
            110.434796,-7.841368,71.713896
            110.4345,-7.841242,71.921722
            110.434431,-7.841221,71.857573
            110.433372,-7.840968,70.889456
            110.433172,-7.841573,70.384181
            110.433165,-7.841599,70.379041
            110.433069,-7.841856,70.326696
            110.433042,-7.841941,70.309674
            110.432994,-7.842105,70.277057
            110.432954,-7.842238,70.250547
            110.43295,-7.842252,70.247768
            110.432916,-7.842355,70.227068
            110.432766,-7.842797,70.137994
            110.43269,-7.843037,70.089946
            110.432633,-7.843211,70.044071
            110.432613,-7.843274,69.991041
            110.43252,-7.843559,69.750529
            110.432444,-7.8438,69.547785
            110.432363,-7.844055,69.333125
            110.432282,-7.844332,69.101553
            110.432174,-7.845102,68.41343
            110.432129,-7.845393,68.066654
            110.431989,-7.845935,67.407647
            110.431724,-7.845836,67.07716
            110.431034,-7.849429,66.19213
            110.430438,-7.849314,65.799761
            110.430435,-7.849804,64.963277
            110.430477,-7.850372,63.991059
            110.430215,-7.851111,62.846995
            110.430132,-7.851402,62.606134
            110.429744,-7.851582,62.268073
            110.429687,-7.851604,62.219804
            110.429592,-7.851633,62.141366
            110.429384,-7.851645,61.976966
            110.429002,-7.851622,61.674992
            110.428113,-7.851543,62.067853
            110.427845,-7.851522,62.235718
            110.427387,-7.851511,62.521781
            110.427382,-7.851533,62.535995
            110.427374,-7.851574,62.562317
            110.426905,-7.852802,62.899806
            110.42648,-7.853913,62.95388
            110.426419,-7.854072,62.927411
            110.4259,-7.853838,62.839507
            110.425558,-7.85368,62.781335
            110.425387,-7.854102,62.899583
            110.42502,-7.854995,63.570273
            110.424887,-7.855385,63.856625
            110.42484,-7.856215,63.823639
            110.424689,-7.856257,63.781097
            110.424608,-7.856391,63.738331
            110.424557,-7.856538,63.69577
            110.42536,-7.856942,63.32786
            110.425454,-7.856989,63.23181
            110.425491,-7.857018,63.188771
            110.425501,-7.857107,63.10631
            110.425132,-7.857546,62.580267
            110.425054,-7.857576,62.503941
            110.424964,-7.857568,62.421513
            110.424904,-7.857728,62.26434
            110.423823,-7.858752,61.646042
            110.422883,-7.858492,61.370537
            110.422511,-7.858432,61.134169
            110.422201,-7.858354,60.933582
            110.421934,-7.858283,60.760207
            110.421755,-7.858292,60.647804
            110.421685,-7.858342,60.593682
            110.421554,-7.858494,60.467154
            110.421389,-7.858818,60.375959
            110.421288,-7.858922,60.390751
            110.421248,-7.859096,60.409042
            110.421087,-7.859333,60.438323
            110.421031,-7.8595,60.456361
            110.421027,-7.859636,60.470307
            110.421036,-7.85975,60.482028
            110.42098,-7.860156,60.524029
            110.420899,-7.860326,60.596959
            110.420752,-7.860542,61.251162
            110.420623,-7.860494,61.593972
            110.420453,-7.860377,62.108937
            110.419866,-7.86012,63.705503
            110.419588,-7.860045,64.422281
            110.419364,-7.859972,65.008913
            110.419306,-7.85997,65.049775
            110.418917,-7.860069,64.963638
            110.418969,-7.860167,64.939668
            110.418964,-7.860252,64.921234
            110.418913,-7.860343,64.8987
            110.418839,-7.860418,64.875995
            110.418753,-7.860577,64.836941
            110.418634,-7.8609,64.762499
            110.418643,-7.861102,64.718723
            110.418536,-7.861584,63.932953
            110.418545,-7.861839,63.21631
            110.418486,-7.861921,62.933488
            110.418437,-7.861938,62.789038
            110.417058,-7.861572,59.339984
            110.416881,-7.86162,59.16326
            110.416654,-7.861768,58.901558
            110.416557,-7.861838,58.785988
            110.416321,-7.861987,58.516483
            110.416208,-7.862027,58.400924
            110.41498,-7.861703,57.651113
            110.414869,-7.861692,57.617357
            110.414668,-7.861809,57.546813
            110.414597,-7.86186,57.520275
            110.414568,-7.861876,57.510231
            110.414354,-7.862869,57.055049
            110.414058,-7.864479,55.948399
            110.413595,-7.866596,54.851471
            110.41332,-7.868003,54.722397
            110.413279,-7.868265,54.701341
            110.413241,-7.868407,54.689674
            110.412828,-7.869797,54.404175
            110.412238,-7.871542,53.262705
            110.411894,-7.872542,52.821412
            110.411776,-7.872724,52.73106
            110.411691,-7.872925,52.648572
            110.411656,-7.87329,52.62209
            110.411514,-7.873592,52.598027
            110.41145,-7.873675,52.590483
            110.410943,-7.874246,52.535557
            110.410499,-7.874707,52.593979
            110.410422,-7.874756,52.609559
            110.410323,-7.87478,52.626909
            110.410122,-7.874727,52.662318
            110.409315,-7.874443,52.808109
            110.40913,-7.874392,52.871508
            110.4084,-7.874223,53.34745
            110.408077,-7.874627,53.677743
            110.408026,-7.874638,53.71088
            110.407932,-7.874606,53.773983
            110.40714,-7.874569,53.958666
            110.407142,-7.874542,53.957275
            110.40685,-7.874552,53.942406
            110.406066,-7.874501,53.902423
            110.40586,-7.875308,53.506103
            110.405725,-7.875838,53.149841
            110.405713,-7.875912,53.100993
            110.405672,-7.876172,52.929479
            110.405645,-7.876339,52.819247
            110.405563,-7.876856,52.631442
            110.405545,-7.876976,52.602987
            110.405458,-7.87753,52.471484
            110.404966,-7.877542,52.357141
            110.404623,-7.877514,52.29362
            110.404506,-7.877521,52.290499
            110.404181,-7.877498,52.281821
            110.403763,-7.877473,52.270668
            110.403468,-7.877457,52.2628
            110.403091,-7.87747,52.252754
            110.401566,-7.877716,52.110575
            110.401409,-7.877681,52.09419
            110.400638,-7.877396,52.000549
            110.4005,-7.877335,51.982253
            110.399966,-7.877077,51.910323
            110.399762,-7.876956,51.881537
            110.399446,-7.876513,51.542488
            110.399356,-7.876434,51.383208
            110.399103,-7.876277,50.987767
            110.398899,-7.876216,50.705515
            110.398799,-7.876213,50.572999
            110.398433,-7.876277,50.080716
            110.398411,-7.876532,49.738495
            110.398525,-7.876722,49.442948
            110.398575,-7.877239,50.007938
            110.39848,-7.877417,50.230767
            110.398314,-7.87761,50.511371
            110.398131,-7.878141,51.132331
            110.398112,-7.87819,51.190422
            110.397965,-7.878629,52.337336
            110.397721,-7.879174,54.525579
            110.397631,-7.879081,54.998429
            110.397466,-7.878994,55.678018
            110.396907,-7.878814,57.815078
            110.396786,-7.878819,57.967218
            110.396626,-7.878928,57.771124
            110.396491,-7.878971,57.627924
            110.395515,-7.879161,56.623489
            110.395288,-7.879213,56.38821
            110.395217,-7.879257,56.303638
            110.395088,-7.879375,56.112954
            110.395012,-7.879478,55.958024
            110.394915,-7.879748,55.609997
            110.394946,-7.880235,55.017418
            110.394919,-7.881154,54.046957
            110.394807,-7.881797,54.296332
            110.394554,-7.882536,54.594563
            110.394514,-7.88283,54.690954
            110.39452,-7.883028,54.615901
            110.394556,-7.883176,54.558221
            110.39478,-7.883606,54.37489
            110.394599,-7.883659,54.304054
            110.39449,-7.883667,54.263033
            110.39418,-7.883572,54.141249
            110.394108,-7.883465,54.092528
            110.393959,-7.883101,53.953714
            110.393907,-7.883049,53.929721
            110.393509,-7.882913,53.793013
            110.393389,-7.882907,53.753998
            110.393317,-7.882926,53.729804
            110.39303,-7.88306,53.626779
            110.392797,-7.883638,53.429556
            110.392776,-7.883793,53.440915
            110.392813,-7.884042,53.459195
            110.39276,-7.88417,53.469243
            110.39232,-7.884797,53.524704
            110.392074,-7.885147,53.555679
            110.391966,-7.885339,53.503244
            110.391703,-7.885466,53.410766
            110.391312,-7.885572,53.282639
            110.391129,-7.885697,53.21238
            110.390625,-7.886343,52.596652
            110.389967,-7.887249,48.426752
            110.38973,-7.887574,46.928845
            110.389643,-7.887751,46.229897
            110.389615,-7.887836,46.066331
            110.389465,-7.888282,45.206347
            110.389169,-7.889488,43.005881
            110.389075,-7.89022,44.096267
            110.389026,-7.890563,44.608165
            110.388986,-7.890945,45.175671
            110.388962,-7.891386,45.843536
            110.38892,-7.891671,46.302295
            110.388853,-7.891941,46.745152
            110.388799,-7.892289,47.305957
            110.388663,-7.892675,47.957144
            110.388393,-7.893244,48.277933
            110.388261,-7.893402,48.122566
            110.387766,-7.893889,47.599031
            110.388041,-7.894143,47.316877
            110.388405,-7.894347,46.986388
            110.388341,-7.894734,46.65172
            110.388321,-7.894976,46.444507
            110.38835,-7.8953,46.16692
            110.388369,-7.895472,46.019259
            110.388378,-7.895951,45.610409
            110.388387,-7.895972,45.600408
            110.388415,-7.896108,45.609344
            110.388387,-7.896292,45.621325
            110.388331,-7.896612,45.642236
            110.388234,-7.897138,45.676663
            110.38797,-7.898255,45.10041
            110.388316,-7.898313,44.706804
            110.388187,-7.898826,44.108144
            110.38799,-7.899495,43.088087
            110.387901,-7.899734,42.614475
            110.387957,-7.89986,42.358521
            110.388123,-7.899987,41.972254
            110.388446,-7.900145,41.308851
            110.388635,-7.900214,40.937909
            110.389343,-7.900435,40.812792
            110.389291,-7.900959,41.425378
            110.389472,-7.90112,41.705726
            110.389946,-7.901269,42.278815
            110.389963,-7.901302,42.321918
            110.389963,-7.901738,43.611876
            110.389987,-7.902082,44.79458
            110.389955,-7.90218,45.147855
            110.38986,-7.902307,45.689992
            110.389703,-7.902437,46.3852
            110.389107,-7.90287,48.554826
            110.388911,-7.902958,48.452945
            110.388651,-7.903067,48.319281
            110.38853,-7.903171,48.243435
            110.388218,-7.903555,48.007839
            110.388153,-7.90362,47.96411
            110.388086,-7.903612,47.93216
            110.38759,-7.90406,46.929763
            110.38707,-7.904421,44.949345
            110.386957,-7.904495,44.526868
            110.386996,-7.904551,44.312661
            110.386751,-7.90475,43.324513
            110.386647,-7.904917,42.706699
            110.386511,-7.905127,42.007647
            110.386394,-7.905369,41.642224
            110.386349,-7.905455,41.510303
            110.386063,-7.905998,40.676201
            110.385966,-7.906183,40.392296
            110.385898,-7.906313,40.192897
            110.385753,-7.906546,39.820132
            110.385608,-7.906724,39.562913
            110.385481,-7.906924,39.392516
            110.385326,-7.907201,39.164114
            110.385042,-7.907702,38.749738
            110.385065,-7.907732,38.722571
            110.385505,-7.90823,38.365209
            110.385088,-7.908984,38.65707
            110.384802,-7.909556,38.873764
            110.38452,-7.910158,39.000417
            110.384439,-7.910383,39.032014
            110.384251,-7.91082,39.094848
            110.384196,-7.910935,39.111681
            110.384104,-7.911104,39.137078
            110.384734,-7.911577,38.882007
            110.385047,-7.911722,38.678591
            110.384766,-7.912495,38.190291
            110.384602,-7.913049,37.901508
            110.384522,-7.91303,37.863233
            110.384457,-7.91333,37.719107
            110.384633,-7.913397,37.631382
            110.384505,-7.91384,37.41494
            110.384441,-7.914252,37.329775
            110.384434,-7.914639,37.622967
            110.384404,-7.914762,37.718817
            110.384342,-7.915197,38.051589
            110.384134,-7.915171,38.208881
            110.384093,-7.915975,38.515031
            110.385094,-7.916239,38.080485
            110.384913,-7.916643,37.893288
            110.384768,-7.916883,37.650806
            110.384463,-7.917133,37.248814
            110.384463,-7.917183,37.197556
            110.384513,-7.917231,37.126853
            110.38452,-7.917283,37.073072
            110.384277,-7.917877,36.416033
            110.384636,-7.918019,36.023514
            110.384486,-7.918437,36.226547
            110.384465,-7.918671,36.338159
            110.384432,-7.918899,36.447589
            110.384243,-7.919565,36.776268
            110.383956,-7.919503,36.858772
            110.383917,-7.919932,36.79013
            110.383889,-7.920103,36.762523
            110.383629,-7.921011,36.612116
            110.38351,-7.921473,36.207832
            110.383476,-7.92165,35.990598
            110.383509,-7.921718,35.899632
            110.383512,-7.921789,35.813953
            110.383452,-7.922063,35.475914
            110.383437,-7.922345,35.135439
            110.383372,-7.922846,34.526422
            110.383643,-7.922903,34.322445
            110.383703,-7.923659,33.930735
            110.383609,-7.923737,33.867996
            110.383322,-7.923904,33.697699
            110.38324,-7.92395,33.649486
            110.383144,-7.924013,33.590569
            110.38257,-7.924624,32.421962
            110.382539,-7.924651,32.353497
            110.382413,-7.92477,32.064748
            110.382236,-7.924937,31.659318
            110.38215,-7.925083,31.376277
            110.382036,-7.925833,30.257631
            110.38096,-7.9257,29.194255
            110.380764,-7.925696,29.002005
            110.380598,-7.925759,28.827674
            110.380513,-7.925889,28.698864
            110.380405,-7.926162,28.740796
            110.380307,-7.926263,28.760828
            110.379877,-7.926448,28.827233
            110.379619,-7.926597,28.869535
            110.379234,-7.926579,28.924128
            110.379143,-7.926595,28.937219
            110.37901,-7.926674,28.968501
            110.378893,-7.926809,29.032193
            110.378799,-7.926874,29.072842
            110.37871,-7.926928,29.10985
            110.378474,-7.927006,29.198065
            110.377908,-7.927103,29.401734
            110.377595,-7.927121,29.512902
            110.377326,-7.92709,29.622385
            110.376631,-7.926894,30.165158
            110.375836,-7.926705,30.779255
            110.375611,-7.926672,30.950098
            110.375203,-7.92667,30.905633
            110.374546,-7.926634,30.813225
            110.374493,-7.92663,30.80576
            110.373826,-7.926576,30.711776
            110.373462,-7.926589,30.794414
            110.373462,-7.926547,30.806065
            110.372612,-7.926496,31.040037
            110.372131,-7.926526,31.172456
            110.371655,-7.926571,30.793055
            110.371343,-7.926605,30.434346
            110.371225,-7.926609,30.299415
            110.370679,-7.926583,29.67472
            110.369843,-7.92648,28.986401
            110.369037,-7.926409,28.669471
            110.368298,-7.926285,28.410317
            110.367942,-7.926207,28.383608
            110.367472,-7.92614,28.348823
            110.367203,-7.926145,28.329114
            110.367154,-7.926156,28.325433
            110.367116,-7.926202,28.321037
            110.367507,-7.928651,27.721542
            110.367657,-7.929267,27.93013
            110.367867,-7.929838,28.130173
            110.367912,-7.930545,28.418597
            110.367826,-7.931215,28.748298
            110.36773,-7.931491,28.890801
            110.367377,-7.93201,29.073088
            110.367284,-7.932301,28.95702
            110.367252,-7.932321,28.942769
            110.367012,-7.932702,28.772004
            110.366756,-7.933121,28.585772
            110.366505,-7.933407,28.44006
            110.366291,-7.933774,28.092897
            110.366264,-7.933899,27.988186
            110.366266,-7.934101,27.822709
            110.366304,-7.934369,27.601021
            110.366273,-7.934427,27.547264
            110.366083,-7.935119,26.983131
            110.36633,-7.935166,27.260319
            110.366366,-7.936393,28.626198
            110.366596,-7.936464,28.891698
            110.36685,-7.936504,28.901513
            110.366969,-7.936542,28.854531
            110.367118,-7.936627,28.78992
            110.367038,-7.937183,28.576847
            110.36734,-7.937299,28.455133
            110.367366,-7.937365,28.428255
            110.367352,-7.937462,28.391079
            110.367368,-7.937508,28.372621
            110.367992,-7.937697,27.812588
            110.368022,-7.937768,27.726379
            110.367981,-7.938159,27.286071
            110.367974,-7.938573,26.822291
            110.368003,-7.939131,26.233274
            110.368791,-7.93913,25.773813
            110.368714,-7.93973,25.417743
            110.368714,-7.939782,25.38713
            110.368758,-7.939858,25.335554
            110.368941,-7.939973,25.211702
            110.368996,-7.94003,25.184781
            110.369035,-7.940136,25.146259
            110.369049,-7.940254,25.105691
            110.369,-7.940559,25.000238
            110.368918,-7.941341,24.731786
            110.368883,-7.941498,24.676887
            110.368685,-7.941919,24.704256
            110.368667,-7.942018,24.747118
            110.368695,-7.942044,24.763315
            110.368863,-7.942101,24.838258
            110.372008,-7.94298,26.494444
            110.372102,-7.94302,26.500026
            110.372159,-7.943079,26.504524
            110.372212,-7.943314,26.517788
            110.37234,-7.94336,26.525216
            110.372812,-7.943512,26.552293
            110.372466,-7.944443,26.302101
            110.372352,-7.944767,26.083054
            110.372142,-7.944708,25.945034
            110.372103,-7.944719,25.919394
            110.371726,-7.944671,25.679058
            110.371725,-7.944653,25.667549
            110.371705,-7.944618,25.641874
            110.371652,-7.944598,25.606013
            110.371514,-7.944588,25.518523
            110.371391,-7.944617,25.438578
            110.371208,-7.945,25.110592
            110.371127,-7.945222,24.927377
            110.371003,-7.945825,24.449737
            110.370995,-7.945988,24.323071
            110.370707,-7.946019,24.100376
            110.368775,-7.945723,23.126448
            110.368548,-7.946747,22.480539
            110.368402,-7.947349,22.0991
            110.368951,-7.94745,21.760169
            110.368984,-7.947483,21.731727
            110.368886,-7.948142,21.323822
            110.368828,-7.949199,20.991679
            110.368754,-7.949535,21.021543
            110.368494,-7.950357,21.096345
            110.368471,-7.950558,21.112531
            110.3683,-7.951491,21.173415
            110.368282,-7.951981,21.204897
            110.367773,-7.951916,21.312491
            110.367377,-7.951853,21.480324
            110.366745,-7.951717,21.75096
            110.366563,-7.951678,21.828881
            110.366427,-7.951635,21.888621
            110.366385,-7.951632,21.906242
            110.36487,-7.951505,22.683292
            110.364333,-7.951405,22.927317
            110.364165,-7.951406,22.905642
            110.364068,-7.951814,22.851038
            110.364054,-7.952121,22.811005
            110.364045,-7.952663,22.74039
            110.364123,-7.953771,22.663106
            110.364099,-7.954131,22.646089
            110.364025,-7.954586,22.624352
            110.363995,-7.954771,22.61701
            110.363481,-7.954571,22.629287
            110.363225,-7.954446,22.635632
            110.363117,-7.954309,22.639534
            110.362953,-7.954268,22.643294
            110.362932,-7.954382,22.645895
            110.362796,-7.954597,22.65159
            110.362589,-7.95456,22.656267
            110.362488,-7.954563,22.635086
            110.361945,-7.954682,22.467643
            110.361211,-7.954841,22.241424
            110.361245,-7.955154,22.14572
            110.361311,-7.955561,21.913933
            110.361048,-7.955547,21.740505
            110.360958,-7.956015,21.423753
            110.360936,-7.956059,21.391109
            110.360892,-7.956099,21.351781
            110.360861,-7.9561,21.331357
            110.360431,-7.956066,21.047314
            110.35946,-7.956003,20.969328
            110.359301,-7.955931,20.98182
            110.359221,-7.955949,20.987682
            110.358918,-7.955903,21.009586
            110.357151,-7.955938,20.976209
            110.35586,-7.955995,21.409789
            110.355228,-7.955993,21.792714
            110.353439,-7.956001,22.029621
            110.353338,-7.956817,21.927902
            110.353312,-7.957128,21.84887
            110.353297,-7.957974,21.634582
            110.352379,-7.957946,21.618804
            110.352112,-7.957948,21.639653
            110.352112,-7.957967,21.641152
            110.352059,-7.957962,21.645309
            110.352009,-7.957952,21.649292
            110.351963,-7.957933,21.653184
            110.351931,-7.957901,21.656735
            110.351895,-7.957818,21.663857
            110.351877,-7.957785,21.666815
            110.351855,-7.957768,21.668994
            110.351828,-7.957764,21.671125
            110.351721,-7.957781,21.679588
            110.351601,-7.957789,21.688979
            110.351496,-7.95779,21.697179
            110.351457,-7.957792,21.700228
            110.351345,-7.957806,21.709043
            110.351245,-7.957814,21.688304
            110.351214,-7.957818,21.68106
            110.351107,-7.957846,21.655417
            110.351068,-7.95785,21.646333
            110.351032,-7.957844,21.637874
            110.351003,-7.957825,21.629818
            110.350977,-7.957795,21.620568
            110.350908,-7.957698,21.592808
            110.350863,-7.957627,21.573196
            110.350846,-7.957596,21.564943
            110.350827,-7.957579,21.55901
            110.350802,-7.957581,21.553199
            110.350781,-7.957594,21.547461
            110.350766,-7.957609,21.542522
            110.350745,-7.957641,21.533593
            110.350727,-7.957675,21.524611
            110.350626,-7.957988,21.447735
            110.350583,-7.957976,21.437384
            110.35046,-7.958401,21.33395
            110.350401,-7.958789,21.235163
            110.350302,-7.959337,21.085437
            110.350281,-7.959438,21.057703
            110.350101,-7.960085,20.877208
            110.350095,-7.960142,20.861795
            110.349995,-7.960664,20.700464
            110.349908,-7.960898,20.619062
            110.349719,-7.961394,20.446
            110.349476,-7.96184,20.280562
            110.34933,-7.962259,20.159524
            110.349186,-7.962751,20.040484
            110.349166,-7.962939,19.996554
            110.349133,-7.963157,19.945328
            110.349044,-7.963455,19.873112
            110.349025,-7.963498,19.862205
            110.34876,-7.964042,19.703367
            110.34868,-7.96421,19.649997
            110.348498,-7.964586,19.530188
            110.348331,-7.964757,19.461833
            110.347995,-7.965255,19.289738
            110.347854,-7.965606,18.417171
            110.347492,-7.966143,16.841867
            110.34728,-7.9664,16.032207
            110.347232,-7.966423,15.903365
            110.347467,-7.96665,15.110181
            110.347471,-7.966694,15.002397
            110.347434,-7.966747,14.842004
            110.347309,-7.966855,14.415476
            110.346777,-7.967223,12.74694
            110.346589,-7.967276,12.244343
            110.346579,-7.967319,12.129779
            110.346496,-7.967404,11.822782
            110.346339,-7.967614,11.14438
            110.345935,-7.967891,10.355191
            110.345726,-7.968159,10.687599
            110.345667,-7.96829,10.828407
            110.345639,-7.968415,10.954095
            110.34565,-7.968973,11.501958
            110.345635,-7.969142,11.668496
            110.345457,-7.970411,13.532176
            110.345478,-7.970745,14.073493
            110.345586,-7.971378,15.096227
            110.345561,-7.971502,15.285597
            110.345441,-7.971798,15.763287
            110.345242,-7.972459,16.796276
            110.345205,-7.972595,17.007215
            110.345111,-7.972933,17.532259
            110.345046,-7.973465,17.53735
            110.345442,-7.973598,17.490074
            110.345355,-7.973951,17.448592
            110.345333,-7.974255,17.413798
            110.345308,-7.974649,17.285734
            110.344396,-7.974603,16.749016
            110.343426,-7.974477,15.854655
            110.343466,-7.975473,13.977935
            110.341986,-7.975198,11.995561
            110.341227,-7.975226,11.241832
            110.340978,-7.975278,11.136912
            110.339627,-7.975545,11.181428
            110.339185,-7.975573,11.231073
            110.338113,-7.975546,11.521057
            110.337222,-7.975566,11.761239
            110.336537,-7.975679,11.947095
            110.336065,-7.975787,12.076747
            110.334828,-7.975734,12.147839
            110.333617,-7.976062,12.155514
            110.333658,-7.976149,12.163749
            110.333632,-7.976186,12.167615
            110.333051,-7.976144,12.217097
            110.331928,-7.976555,12.414056
            110.330989,-7.97703,12.730945
            110.330403,-7.977403,12.40498
            110.329988,-7.977816,11.745637
            110.329851,-7.978077,11.412759
            110.329227,-7.979101,10.470308
            110.329001,-7.979675,10.164367
            110.328882,-7.980221,9.936367
            110.328569,-7.980342,10.478947
            110.328524,-7.980408,10.608802
            110.328425,-7.980512,10.841859
            110.328184,-7.980548,11.23543
            110.327629,-7.980686,12.159466
            110.327393,-7.980811,12.591644
            110.327499,-7.980918,12.83095
            110.327462,-7.981471,12.747243
            110.327192,-7.981301,12.699386
            110.325968,-7.981614,12.382585
            110.324372,-7.982315,11.632307
            110.323661,-7.982717,11.778156
            110.323505,-7.982635,11.809619
            110.323473,-7.982592,11.819228
            110.323265,-7.982968,11.896349
            110.323025,-7.983216,11.623069
            110.322811,-7.983428,11.305336
            110.322204,-7.983738,10.588444
            110.32184,-7.983962,10.138599
            110.321333,-7.984212,9.685126
            110.321091,-7.984331,9.488664
            110.320547,-7.984836,8.946497
            110.319919,-7.985163,8.59449
            110.319591,-7.985248,8.50841
            110.319407,-7.985444,8.439799
            110.3193,-7.985592,8.393133
            110.318896,-7.985922,8.260172
            110.318018,-7.98631,8.033759
            110.317382,-7.9868,7.846809
            110.317032,-7.987099,8.073238
            110.316227,-7.987646,9.099155
            110.316045,-7.987761,9.326023
            110.315793,-7.987874,9.616718
            110.315606,-7.987942,9.868696
            110.315372,-7.987971,10.206417
            110.315381,-7.987839,10.397738
            110.315418,-7.987188,11.340647
            110.315535,-7.98659,12.221505
            110.315577,-7.986386,12.229531
            110.315694,-7.98582,11.915667
            110.315177,-7.985844,11.637218
            110.315144,-7.985844,11.619464
            110.314154,-7.985869,11.320957
            110.313846,-7.985873,11.313228
            110.313766,-7.985874,11.31122
            110.313721,-7.986239,11.301903
            110.31357,-7.986666,11.290439
            110.313496,-7.987157,11.3191
            110.313272,-7.988061,11.403786
            110.313251,-7.988264,11.422351
            110.313164,-7.988492,11.444526
            110.313097,-7.988589,11.439907
            110.312956,-7.989131,11.326167
            110.312829,-7.989197,11.297304
            110.312436,-7.98929,11.215988
            110.311895,-7.989302,11.107087
            110.311559,-7.989285,10.990675
            110.3115,-7.989422,10.92807
            110.311378,-7.989463,10.874443
            110.31137,-7.990044,10.630205
            110.310595,-7.990005,10.29997
            110.310018,-7.989984,9.979813
            110.309979,-7.990288,9.808228
            110.309936,-7.990729,9.560152
            110.30988,-7.991233,9.288482
            110.309837,-7.991438,9.202717
            110.309432,-7.991728,8.999983
            110.308578,-7.992446,8.619942
            110.308446,-7.992507,8.672099
            110.307974,-7.992647,8.848522
            110.307473,-7.992617,9.028239
            110.307356,-7.992874,9.13017
            110.307184,-7.993061,9.221628
            110.307066,-7.993495,9.180333
            110.306998,-7.993708,9.150424
            110.306896,-7.993922,9.118741
            110.306523,-7.994664,9.007767
            110.306166,-7.994923,8.579764
            110.305823,-7.995342,7.921367
            110.3057,-7.995623,7.547528
            110.305485,-7.995915,7.106412
            110.304864,-7.996479,6.709025
            110.303412,-7.997873,6.639823
            110.303172,-7.99819,6.699627
            110.303108,-7.998335,6.723513
            110.302829,-7.998597,6.780985
            110.302023,-7.999135,6.998886
            110.30131,-7.999709,7.210826
            110.300852,-8.000317,6.633807
            110.300356,-8.000897,6.052751
            110.300101,-8.001197,5.896026
            110.299763,-8.001443,6.122895
            110.299385,-8.001691,6.368132
            110.298366,-8.002227,6.927766
            110.296683,-8.003028,7.481664
            110.294201,-8.004174,7.317949
            110.293969,-8.004282,7.250519
            110.293361,-8.004624,6.783208
            110.292855,-8.004781,6.296746
            110.292754,-8.004693,6.173328
            110.292746,-8.004624,6.108984
            110.293046,-8.003796,5.360534
            110.291866,-8.003448,4.572252
            110.291659,-8.003355,4.426719
            110.291485,-8.003307,4.332549
            110.291202,-8.0033,4.248102
            110.291088,-8.003326,4.213205
            110.290485,-8.003345,4.033235
            110.290423,-8.003339,4.014652
            110.289948,-8.003163,3.863362
            110.289801,-8.002399,3.707767
            110.289699,-8.002337,3.68764
            110.289229,-8.002273,3.607856
            110.289208,-8.002243,3.601657
            110.289195,-8.002106,3.578288
            110.289107,-8.002006,3.555762
            110.289103,-8.001886,3.535372
            110.289257,-8.000159,4.054318
            110.28954,-7.999899,4.348401
            110.28957,-7.999867,4.416011
            110.289582,-7.99975,4.598104
            110.289585,-7.999712,4.657122
            110.289494,-7.999573,4.913621
            110.289336,-7.99934,5.34819
            110.289285,-7.999302,5.446052
            110.288804,-7.99926,6.186441
            110.288734,-7.99922,6.310362
            110.28862,-7.999071,6.599812
            110.28852,-7.99891,6.892484
            110.288517,-7.998826,7.011458
            110.288844,-7.998032,8.182454
            110.288452,-7.997877,8.753261
            110.288166,-7.997727,9.19092
            110.287748,-7.997398,9.505045
            110.287289,-7.997181,9.662202
            110.287117,-7.997115,9.719198
            110.286481,-7.996876,9.929387
            110.285678,-7.996618,9.462995
            110.285113,-7.996391,9.09169
            110.284875,-7.996351,8.944683
            110.284649,-7.996324,8.812853
            110.284199,-7.996379,8.593052
            110.283862,-7.996389,8.429611
            110.283485,-7.996434,8.24553
            110.283451,-7.996438,8.228932
            110.283326,-7.996455,8.167767
            110.283008,-7.996433,8.013234
            110.282631,-7.996294,8.071266
            110.282617,-7.996353,8.094969
            110.282631,-7.996294,8.118671
            110.282602,-7.996259,8.136378
            110.28206,-7.995985,8.372058
            110.281668,-7.995826,8.536117
            110.281168,-7.995697,8.742582
            110.280545,-7.995507,9.016761
            110.280481,-7.995491,9.044524
            110.279965,-7.995246,9.28521
            110.279386,-7.994931,9.510452
            110.279045,-7.994713,9.615513
            110.278732,-7.994544,9.707791
            110.278721,-7.994538,9.711042
            110.27845,-7.994437,9.785992
            110.278117,-7.994273,9.882258
            110.277938,-7.994205,9.952034
            110.277657,-7.994098,10.074205
            110.277355,-7.99407,10.197294
            110.276664,-7.993868,10.489668
            110.276588,-7.993843,10.522166
            110.276242,-7.993733,10.628091
            110.275831,-7.993469,10.59863
            110.275255,-7.993233,10.561144
            110.274543,-7.992949,10.450555
            110.274129,-7.992665,10.209157
            110.273932,-7.992621,10.112359
            110.273518,-7.99258,9.912931
            110.273051,-7.992499,9.685682
            110.272498,-7.992338,9.432419
            110.272252,-7.992267,9.321176
            110.271374,-7.991965,8.917657
            110.2712,-7.991891,8.844307
            110.270929,-7.991814,8.758471
            110.270459,-7.991742,8.613675
            110.270559,-7.99151,8.536123
            110.270589,-7.991293,8.468786
            110.270696,-7.99089,8.340676
            110.270205,-7.990714,8.300148
            110.269877,-7.990595,8.290372
            110.269837,-7.99066,8.288221
            110.269683,-7.990921,8.279679
            110.269573,-7.990918,8.276599
            110.26928,-7.990817,8.267917
            110.26924,-7.9908,8.266699
            110.268497,-7.990504,8.482702
            110.268181,-7.990276,8.625005
            110.267823,-7.990062,8.777203
            110.267434,-7.989838,8.940696
            110.267074,-7.989669,9.08347
            110.266877,-7.989589,9.159773
            110.266564,-7.989528,9.274094
            110.266547,-7.989634,9.312934
            110.26651,-7.989857,9.394715
            110.266448,-7.990221,9.5283
            110.266387,-7.990385,9.588192
            110.266375,-7.990416,9.598002
            110.265976,-7.991544,9.951165
            110.265462,-7.992753,10.426085
            110.265351,-7.992803,10.475079
            110.265165,-7.992805,10.549813
            110.264485,-7.992599,10.834342
            110.264053,-7.992465,10.811716
            110.263041,-7.992137,10.758498
            110.263024,-7.992132,10.757611
            110.261037,-7.991454,10.032409
            110.260675,-7.991336,9.947036
            110.259831,-7.991119,9.751702
            110.258865,-7.990916,9.686536
            110.257305,-7.990451,9.81503
            110.256246,-7.990122,9.53125
            110.255132,-7.989672,8.936489
            110.253148,-7.988889,7.594347
            110.252852,-7.988755,7.394726
            110.252448,-7.988534,7.116273
            110.251825,-7.98815,6.775635
            110.25159,-7.988048,6.656531
            110.251093,-7.987881,6.412904
            110.250518,-7.987695,6.217008
            110.249392,-7.987423,5.972799
            110.24887,-7.98735,5.961248
            110.248255,-7.987269,6.131975
            110.24782,-7.987996,6.366796
            110.247558,-7.988357,6.203881
            110.247446,-7.988613,6.022115
            110.247096,-7.989477,5.415609
            110.246185,-7.989267,5.019682
            110.245948,-7.98926,4.942171
            110.245584,-7.989305,4.822253
            110.244962,-7.989302,4.650052
            110.244539,-7.989163,4.729026
            110.244124,-7.988979,4.809597
            110.243961,-7.989385,4.887776
            110.243918,-7.989476,4.905754
            110.243755,-7.98989,5.063118
            110.243435,-7.990482,5.567946
            110.243426,-7.990757,5.774803
            110.243162,-7.99143,6.315108
            110.242958,-7.992219,6.580821
            110.24241,-7.993781,6.92727
            110.242157,-7.994511,6.958444
            110.241869,-7.994669,6.971614
            110.241729,-7.994677,7.024687
            110.241465,-7.994524,7.16378
            110.241108,-7.994535,7.326194
            110.240452,-7.994274,7.647667
            110.240172,-7.994213,7.778034
            110.239523,-7.994088,7.783
            110.239427,-7.994067,7.780518
            110.239037,-7.994139,7.770502
            110.238905,-7.994145,7.767166
            110.237547,-7.993841,7.239568
            110.236531,-7.993742,6.602618
            110.23601,-7.993527,6.309307
            110.235165,-7.993357,5.861223
            110.234646,-7.993338,5.701648
            110.234502,-7.993321,5.730474
            110.231109,-7.991841,6.883205
            110.229563,-7.991094,7.684033
            110.229523,-7.99102,7.697374
            110.229701,-7.990564,7.775079
            110.229688,-7.990512,7.783594
            110.228863,-7.990201,7.922541
            110.228738,-7.990104,7.90148
            110.228485,-7.990039,7.853643
            110.227639,-7.989715,7.687634
            110.226817,-7.989395,7.526088
            110.225873,-7.989025,7.34056
            110.224369,-7.98838,6.920861
            110.22354,-7.988024,6.692668
            110.223427,-7.987974,6.668944
            110.223344,-7.987937,6.651497
            110.222599,-7.98762,6.496069
            110.221926,-7.987333,6.368677
            110.221773,-7.987259,6.34538
            110.221169,-7.986985,6.254483
            110.220719,-7.98678,6.186712
            110.220368,-7.986632,6.089616
            110.220219,-7.986603,6.017685
            110.219526,-7.98631,5.660746
            110.218684,-7.985913,5.248922
            110.21851,-7.985829,5.194615
            110.218141,-7.985621,5.075497
            110.217978,-7.985482,5.015149
            110.21781,-7.98531,4.947357
            110.217531,-7.984961,4.821253
            110.21625,-7.983274,4.605465
            110.215479,-7.98215,4.495176
            110.212194,-7.977776,4.020023
            110.211996,-7.977484,3.975999
            110.211794,-7.977118,3.895981
            110.211009,-7.975441,3.491921
            110.210939,-7.975291,3.446835
            110.210632,-7.974792,3.287407
            110.210544,-7.974649,3.241716
            110.210498,-7.974488,3.196064
            110.210339,-7.973936,3.175675
            110.210076,-7.97335,3.186472
            110.209419,-7.974986,3.101885
            110.208073,-7.978329,2.46488
            110.207993,-7.978371,2.450359
            110.206919,-7.978029,2.33615
            110.205655,-7.977683,2.305051
            110.205523,-7.977665,2.321759
            110.205359,-7.977694,2.346192
            110.20527,-7.97776,2.362499
            110.20499,-7.978029,2.419711
            110.204939,-7.978092,2.431669
            110.204344,-7.97884,2.568469
            110.204283,-7.978887,2.551063
            110.204217,-7.978902,2.535813
            110.204128,-7.978879,2.515099
            110.203973,-7.978799,2.475735
            110.202788,-7.978193,2.175383
            110.202608,-7.978138,2.07365
            110.201943,-7.978041,1.613053
            110.201743,-7.977977,1.469029
            110.201247,-7.977638,1.056068
            110.200352,-7.977094,0.772725
            110.199547,-7.976535,0.613872
            110.199105,-7.976248,0.844131
            110.198651,-7.976057,1.059026
            110.196937,-7.975003,2.551633
            110.196334,-7.974758,3.088006
            110.195596,-7.974301,3.062113
            110.19553,-7.97426,3.059796
            110.19507,-7.974912,3.042618
            110.194802,-7.974742,3.276856
            110.193751,-7.973972,4.239044
            110.192437,-7.973004,5.724108
            110.191273,-7.972147,6.394691
            110.189704,-7.971042,6.434518
            110.189027,-7.970566,6.280776
            110.187398,-7.96946,5.829013
            110.186706,-7.96895,5.810349
            110.185667,-7.968234,5.942573
            110.183043,-7.966403,6.679337
            110.181965,-7.965636,6.875086
            110.180833,-7.964835,6.5915
            110.179723,-7.964051,6.469213
            110.178831,-7.963432,6.553717
            110.177507,-7.962672,6.670403
            110.175997,-7.96192,6.698375
            110.174887,-7.961317,6.655481
            110.167507,-7.957455,6.21596
            110.165254,-7.956286,6.289805
            110.164825,-7.956062,6.341945
            110.163477,-7.955293,6.549976
            110.162513,-7.954812,6.667799
            110.161167,-7.954067,6.701089
            110.159574,-7.953284,6.743203
            110.15914,-7.953064,6.739151
            110.158576,-7.952736,6.733715
            110.158108,-7.952392,6.728871
            110.157715,-7.952184,6.631013
            110.157579,-7.952116,6.590137
            110.156538,-7.951499,6.264635
            110.155352,-7.950835,6.203187
            110.154644,-7.950444,6.218149
            110.154269,-7.95025,6.267023
            110.153578,-7.949903,6.356523
            110.151179,-7.948694,6.144235
            110.14714,-7.946829,6.456638
            110.147123,-7.946821,6.458145
            110.146453,-7.946482,6.494973
            110.146152,-7.94633,6.496095
            110.142646,-7.944837,6.630431
            110.142558,-7.9448,6.645288
            110.143535,-7.942085,7.377636
            110.143916,-7.941028,8.156663
            110.144109,-7.940576,8.492897
            110.144334,-7.94013,8.675173
            110.145025,-7.938486,9.416913
            110.145562,-7.937083,10.114212
            110.145884,-7.936336,10.034996
            110.145999,-7.936,10.000395
            110.146471,-7.934829,9.836669
            110.145064,-7.934368,9.742912
            110.143998,-7.933929,9.856901
            110.143748,-7.933819,9.864658
            110.14259,-7.933308,9.770058
            110.141937,-7.933091,9.718776
            110.141042,-7.932727,9.64702
            110.140317,-7.93237,9.617945
            110.139753,-7.932092,9.662957
            110.139426,-7.931953,9.688382
            110.139315,-7.931907,9.696979
            110.138892,-7.93173,9.729788
            110.138207,-7.931433,9.956354
            110.137791,-7.931254,10.099395
            110.137619,-7.931179,10.158664
            110.136272,-7.93062,10.536983
            110.136187,-7.930587,10.558233
            110.135716,-7.930368,10.679338
            110.135348,-7.930208,10.746399
            110.135011,-7.930025,10.78319
            110.13451,-7.929647,10.84348
            110.134178,-7.929462,10.879946
            110.133006,-7.929072,10.963195
            110.133024,-7.928866,10.975914
            110.132953,-7.92889,10.980484
            110.13287,-7.92888,10.985578
            110.132288,-7.928636,11.015215
            110.131199,-7.928381,11.031735
            110.130477,-7.928138,11.044568
            110.129489,-7.927714,11.067049
            110.128868,-7.927511,11.09288
            110.127398,-7.926879,11.239559
            110.125916,-7.926261,11.099713
            110.125088,-7.925905,11.069998
            110.123175,-7.925281,11.129492
            110.12229,-7.924885,11.210215
            110.122018,-7.924758,11.187484
            110.121793,-7.924657,11.168811
            110.121327,-7.92448,11.131084
            110.120798,-7.924317,11.089205
            110.120438,-7.924193,11.071649
            110.119423,-7.923749,11.060068
            110.118421,-7.923344,11.134649
            110.117754,-7.923066,11.24038
            110.117168,-7.922822,11.314542
            110.116845,-7.922709,11.294844
            110.116207,-7.922461,11.255435
            110.11544,-7.922012,11.145157
            110.115017,-7.921809,10.975673
            110.114668,-7.921669,10.839903
            110.114289,-7.92148,10.686901
            110.113633,-7.921173,10.408184
            110.112695,-7.920791,9.996269
            110.111856,-7.92041,9.684929
            110.111439,-7.920186,9.552956
            110.110707,-7.91973,9.317051
            110.110324,-7.919524,9.299262
            110.109197,-7.918912,9.246804
            110.108636,-7.918693,9.305534
            110.108021,-7.918512,9.380654
            110.107105,-7.918243,9.459947
            110.106481,-7.918027,9.467621
            110.106053,-7.917846,9.473025
            110.104263,-7.916902,9.413921
            110.103327,-7.916442,9.444826
            110.102748,-7.916187,9.471885
            110.101873,-7.915814,9.607787
            110.09992,-7.91525,10.040748
            110.098975,-7.914932,10.285633
            110.098144,-7.914752,10.523228
            110.097521,-7.914637,10.700235
            110.096811,-7.914538,10.863662
            110.096525,-7.914459,10.921293
            110.096067,-7.914301,11.015428
            110.096033,-7.914289,11.022434
            110.095337,-7.913964,11.124881
            110.094711,-7.913618,11.09908
            110.094085,-7.913272,11.073279
            110.093371,-7.91294,11.179699
            110.093175,-7.912855,11.21925
            110.092876,-7.912727,11.279461
            110.092408,-7.912488,11.376793
            110.091997,-7.912285,11.369626
            110.091556,-7.912077,11.319395
            110.091212,-7.911915,11.280223
            110.090595,-7.911652,11.220128
            110.090463,-7.911595,11.23398
            110.090127,-7.911472,11.268439
            110.089459,-7.91123,11.336863
            110.088988,-7.911072,11.3847
            110.088518,-7.910915,11.366869
            110.088084,-7.910759,11.341873
            110.087651,-7.910602,11.316909
            110.087376,-7.910482,11.30064
            110.086628,-7.910086,11.083839
            110.086008,-7.909801,10.877927
            110.085448,-7.909499,10.467275
            110.085312,-7.90943,10.251477
            110.084922,-7.909133,9.55672
            110.084402,-7.9088,8.682225
            110.084328,-7.908742,8.548955
            110.084261,-7.908691,8.429619
            110.083984,-7.908514,8.229348
            110.083731,-7.908319,8.331391
            110.08313,-7.907904,8.564599
            110.082854,-7.908485,8.761728
            110.082517,-7.909198,8.825975
            110.082305,-7.909669,8.868059
            110.082169,-7.909906,8.890306
            110.081849,-7.910503,8.10367
            110.081712,-7.910908,7.406701
            110.081713,-7.911252,6.845375
            110.081758,-7.911829,5.968865
            110.081689,-7.912054,5.960243
            110.081503,-7.912351,5.947427
            110.081126,-7.912847,5.924662
            110.081013,-7.913166,5.912265
            110.080884,-7.913287,5.905813
            110.080725,-7.913436,5.815549
            110.08059,-7.913794,5.626981
            110.080342,-7.914112,5.428708
            110.0802,-7.914245,5.333193
            110.080025,-7.914378,5.225388
            110.07968,-7.914531,5.040645
            110.079371,-7.914563,5.10666
            110.079136,-7.91455,5.187171
            110.078951,-7.914741,5.27858
            110.078869,-7.914769,5.30825
            110.078769,-7.914752,5.342956
            110.078618,-7.914651,5.405283
            110.078259,-7.914347,5.566846
            110.078232,-7.914316,5.580985
            110.07798,-7.914018,5.648493
            110.077855,-7.913911,5.656088
            110.077421,-7.913783,5.676904
            110.076959,-7.913598,5.699812
            110.076294,-7.913525,5.673358
            110.075858,-7.913437,5.563198
            110.074917,-7.9132,5.322819
            110.074079,-7.912917,5.010517
            110.073577,-7.912799,4.812164
            110.072663,-7.912634,4.757215
            110.072126,-7.912513,5.083605
            110.071196,-7.912202,5.674096
            110.070855,-7.912112,6.003556
            110.070163,-7.911779,6.721804
            110.069697,-7.911583,7.194453
            110.068533,-7.911148,7.210996
            110.067841,-7.910907,7.119875
            110.066886,-7.910656,7.142385
            110.065626,-7.910336,6.96592
            110.065471,-7.910322,6.901624
            110.065396,-7.910414,6.852307
            110.065061,-7.91129,6.461628
            110.063426,-7.910638,5.681528
            110.063019,-7.910489,5.532222
            110.062321,-7.910274,5.330791
            110.061155,-7.909808,4.744075
            110.060709,-7.909668,4.354125
            110.060064,-7.909563,3.809322
            110.059581,-7.9094,3.312186
            110.05901,-7.909239,2.644307
            110.058379,-7.908917,1.845779
            110.057649,-7.908723,1.334878
            110.056443,-7.908204,0.76659
            110.056157,-7.907976,1.054673
            110.056074,-7.90794,1.129221
            110.055616,-7.907818,1.519427
            110.054928,-7.907592,2.115792
            110.053978,-7.90718,3.105517
            110.052785,-7.906781,4.066853
            110.05083,-7.906035,3.8637
            110.050408,-7.905796,3.571479
            110.049677,-7.905617,3.114227
            110.049014,-7.905399,2.438239
            110.048634,-7.905254,2.044184
            110.047902,-7.90489,1.411423
            110.046905,-7.904541,1.779211
            110.046175,-7.904341,2.093723
            110.045293,-7.903973,2.832462
            110.044469,-7.903676,3.496989
            110.044241,-7.903542,3.678058
            110.044043,-7.903322,3.88128
            110.043927,-7.903251,3.974412
            110.043716,-7.903171,4.128718
            110.04352,-7.90311,4.269035
            110.042898,-7.903128,4.614376
            110.042752,-7.903115,4.559302
            110.042511,-7.903057,4.466122
            110.041686,-7.902762,4.136586
            110.040929,-7.902459,3.854669
            110.040111,-7.902204,3.593762
            110.03987,-7.902156,3.518972
            110.039594,-7.902063,3.430275
            110.039121,-7.901946,3.566972
            110.038792,-7.901784,3.708086
            110.037724,-7.901343,4.144861
            110.037331,-7.901205,4.279065
            110.036905,-7.901116,4.419194
            110.035082,-7.900447,5.272752
            110.034201,-7.900093,5.695876
            110.033929,-7.899956,5.755591
            110.033879,-7.899907,5.769355
            110.033922,-7.89978,5.795819
            110.034407,-7.89881,5.988102
            110.033866,-7.898545,5.600853
            110.033835,-7.898505,5.568188
            110.033844,-7.898402,5.501218
            110.034071,-7.897695,5.020637
            110.035082,-7.894999,4.538275
            110.035568,-7.89362,5.819545
            110.03594,-7.893187,6.628156
            110.036181,-7.89287,7.192529
            110.036205,-7.89274,7.380482
            110.0361,-7.8926,7.628521
            110.035906,-7.892333,7.785757
            110.035865,-7.892244,7.808892
            110.035824,-7.892031,7.860171
            110.035835,-7.891832,7.907303
            110.035868,-7.891389,8.012351
            110.035978,-7.8908,8.15576
            110.036023,-7.890243,8.335779
            110.036194,-7.888116,9.129826
            110.036213,-7.887906,9.22234
            110.036257,-7.887396,9.446937
            110.036325,-7.886683,9.546742
            110.036417,-7.886239,9.570362
            110.036575,-7.88577,9.596128
            110.036972,-7.884973,8.952809
            110.036883,-7.884851,8.785416
            110.03662,-7.884951,8.475085
            110.036232,-7.884969,8.047197
            110.035934,-7.884874,7.70234
            110.035678,-7.88474,7.084327
            110.034823,-7.884343,4.679188
            110.034764,-7.884315,4.512554
            110.034645,-7.884256,4.173604
            110.034444,-7.88461,3.12924
            110.034028,-7.885102,2.463696
            110.03332,-7.88574,1.618444
            110.033009,-7.886146,1.371449
            110.03288,-7.886454,1.3561
            110.032636,-7.887182,1.320792
            110.032425,-7.888472,1.262031
            110.032287,-7.8897,1.196598
            110.032075,-7.890548,1.126059
            110.031925,-7.891059,1.08309
            110.031367,-7.891914,0.961593
            110.031154,-7.892301,0.907098
            110.031083,-7.892533,0.877126
            110.031029,-7.892828,0.839934
            110.031035,-7.893099,0.806083
            110.03099,-7.894071,0.684567
            110.030966,-7.894178,0.670879
            110.030911,-7.894276,0.656876
            110.030844,-7.89434,0.645362
            110.03075,-7.894566,0.675077
            110.030646,-7.895012,0.882273
            110.030581,-7.895458,1.086247
            110.030514,-7.895575,1.147134
            110.030327,-7.895793,1.276621
            110.030274,-7.895826,1.304689
            110.030282,-7.895404,1.677342
            110.030021,-7.89496,2.696041
            110.029907,-7.894615,3.415796
            110.029724,-7.894072,4.550832
            110.029691,-7.894004,4.700427
            110.029593,-7.893901,4.981053
            110.029543,-7.893871,5.109379
            110.029394,-7.89384,5.454539
            110.029016,-7.893834,6.31159
            110.0285,-7.893737,7.502263
            110.028457,-7.893065,9.043373
            110.028115,-7.892932,9.199386
            110.028071,-7.89288,9.214784
            110.028006,-7.892589,9.282423
            110.027947,-7.892517,9.303468
            110.026796,-7.892398,9.504442
            110.025338,-7.892304,9.196605
            110.024292,-7.892237,8.794062
            110.022966,-7.892051,8.040721
            110.022238,-7.891901,7.346377
            110.022034,-7.891755,7.111365
            110.021985,-7.891447,6.817427
            110.022029,-7.891064,6.629379
            110.021979,-7.890971,6.609065
            110.021642,-7.890895,6.54306
            110.021604,-7.890818,6.526535
            110.02169,-7.889761,6.332846
            110.021769,-7.889543,6.374066
            110.021455,-7.889431,6.432896
            110.020881,-7.88936,6.534864
            110.02066,-7.88938,6.573984
            110.020488,-7.889471,6.608357
            110.020406,-7.889498,6.62359
            110.020321,-7.88949,6.638641
            110.020054,-7.889414,6.717193
            110.019842,-7.889308,6.790137
            110.019616,-7.889159,6.873526
            110.019418,-7.888992,6.953404
            110.019271,-7.888851,7.016257
            110.018958,-7.888482,7.16571
            110.018841,-7.888325,7.198721
            110.018462,-7.887637,7.118902
            110.018386,-7.887535,7.105991
            110.018261,-7.887582,7.092504
            110.017795,-7.88793,7.033632
            110.017649,-7.888067,6.988858
            110.01724,-7.888584,6.739967
            110.017062,-7.888504,6.6666
            110.016038,-7.887891,6.367421
            110.015985,-7.887839,6.373471
            110.01592,-7.887685,6.387138
            110.0159,-7.887398,6.410693
            110.015861,-7.887209,6.426488
            110.01555,-7.886664,6.477748
            110.015448,-7.886534,6.497155
            110.015306,-7.886401,6.542594
            110.014402,-7.885737,6.804267
            110.014189,-7.885604,6.862811
            110.013323,-7.885128,6.668129
            110.012927,-7.884916,6.529529
            110.012608,-7.884798,6.42468
            110.012466,-7.884767,6.379908
            110.012041,-7.884726,6.215446
            110.011924,-7.885543,5.876583
            110.011886,-7.885665,5.824152
            110.011841,-7.885726,5.793127
            110.011782,-7.885737,5.768706
            110.011353,-7.885461,5.610949
            110.01124,-7.8854,5.609355
            110.011141,-7.885379,5.608101
            110.01112,-7.885301,5.607092
            110.01108,-7.885271,5.606471
            110.010309,-7.885022,5.596428
            110.009851,-7.884875,5.590466
            110.009577,-7.884763,5.580546
            110.009591,-7.88438,5.566533
            110.009439,-7.883738,5.542423
            110.009389,-7.88373,5.540589
            110.008904,-7.883851,5.517837
            110.008703,-7.883869,5.491737
            110.00778,-7.883819,5.372189
            110.006785,-7.883748,5.323445
            110.006555,-7.883706,5.345671
            110.004663,-7.883195,5.410997
            110.004106,-7.882981,5.369644
            110.002376,-7.882093,4.627403
            110.0018,-7.882875,4.419422
            110.001463,-7.883714,4.362219
            110.001364,-7.884019,4.401848
            110.001014,-7.885114,5.786237
            110.000683,-7.886115,6.384267
            110.000439,-7.886009,6.308944
            109.999634,-7.885686,6.063401
            109.999415,-7.886216,5.752614
            109.99843,-7.885834,5.010904
            109.99836,-7.885807,4.958232
            109.994296,-7.884122,2.444976
            109.992592,-7.883392,1.999612
            109.987714,-7.881417,2.64689
            109.987302,-7.881223,3.522442
            109.986794,-7.881032,4.565325
            109.98673,-7.880987,4.71596
            109.986423,-7.880421,5.871116
            109.98653,-7.880241,6.188671
            109.985814,-7.879998,7.328401
            109.985554,-7.879889,7.753548
            109.98423,-7.879276,8.010668
            109.983396,-7.87894,7.619142
            109.983416,-7.878892,7.560097
            109.983463,-7.878777,7.419025
            109.983631,-7.878351,6.898988
            109.983784,-7.878005,6.469478
            109.984316,-7.876831,5.702806
            109.98463,-7.87618,5.605598
            109.98503,-7.87535,5.393019
            109.985106,-7.875174,5.335652
            109.985165,-7.875062,5.297793
            109.985812,-7.873209,5.99764
            109.985805,-7.873036,6.164861
            109.98571,-7.872712,6.49072
            109.985717,-7.87254,6.656977
            109.985735,-7.872436,6.764753
            109.985811,-7.872287,7.068493
            109.98589,-7.872213,7.264455
            109.986341,-7.871876,8.282632
            109.986484,-7.871829,8.55418
            109.986769,-7.871849,9.069129
            109.988825,-7.872295,10.368375
            109.989123,-7.872373,10.469337
            109.990186,-7.872738,11.281332
            109.990274,-7.872747,11.345182
            109.990363,-7.872668,11.431434
            109.990571,-7.872031,11.930716
            109.990922,-7.871268,12.579023
            109.9911,-7.870815,12.954874
            109.99113,-7.870732,13.023038
            109.99143,-7.870059,13.047514
            109.991667,-7.869544,12.977904
            109.991721,-7.86943,12.962416
            109.992653,-7.867036,11.38081
            109.993199,-7.865837,10.323365
            109.993289,-7.865535,10.072549
            109.99339,-7.864694,9.41151
            109.993351,-7.864207,9.030207
            109.993368,-7.864104,8.948747
            109.993518,-7.863906,8.755528
            109.993662,-7.863713,8.774065
            109.993885,-7.863332,8.827586
            109.994443,-7.862169,8.932609
            109.994545,-7.862206,8.910559
            109.99487,-7.861505,8.752487
            109.996584,-7.8579,7.207281
            109.997931,-7.855214,7.913401
            109.998296,-7.854396,8.225931
            109.998915,-7.852337,8.570083
            109.998938,-7.852275,8.57471
            109.999555,-7.850321,8.809885
            109.999934,-7.849221,9.07321
            110.000511,-7.847474,9.956228
            110.000589,-7.847109,10.136123
            110.000962,-7.844772,11.858258
            110.000994,-7.844687,11.95873
            110.001548,-7.843727,13.258111
            110.001555,-7.843715,13.276619
            110.001584,-7.843661,13.358299
            110.001846,-7.843255,14.001778
            110.002086,-7.842954,14.513991
            110.002316,-7.842597,15.07954
            110.003042,-7.843795,15.654513
            110.003759,-7.844923,15.443052
            110.004373,-7.845728,14.956443
            110.004568,-7.845943,14.660637
            110.004875,-7.846281,14.195303
            110.005569,-7.846942,13.219244
            110.006269,-7.847495,13.032006
            110.007071,-7.848113,12.881066
            110.007541,-7.848413,12.718182
            110.007918,-7.848725,12.575071
            110.008952,-7.849382,12.125593
            110.010482,-7.850299,11.321614
            110.011232,-7.850695,11.006948
            110.012203,-7.851252,10.804206
            110.012583,-7.851469,10.792031
            110.013078,-7.851765,10.775983
            110.014038,-7.852339,10.716538
            110.016289,-7.853579,10.582593
            110.017062,-7.854018,10.725695
            110.017466,-7.854247,10.814515
            110.017888,-7.854489,10.907561
            110.018196,-7.854681,10.932039
            110.018875,-7.85531,10.960197
            110.019876,-7.856334,10.850407
            110.02109,-7.857526,10.662634
            110.022767,-7.859174,10.504618
            110.023791,-7.860075,10.363293
            110.024266,-7.860479,10.289594
            110.025336,-7.861284,10.066409
            110.026268,-7.862059,9.740388
            110.026544,-7.862506,9.501691
            110.026801,-7.863005,9.246499
            110.027476,-7.864549,7.95056
            110.027967,-7.866329,7.012953
            110.028154,-7.86713,6.731659
            110.028445,-7.868129,6.43201
            110.028745,-7.869298,6.428241
            110.028907,-7.86933,6.446202
            110.031372,-7.870898,7.221087
            110.032124,-7.871345,7.981554
            110.032452,-7.871412,8.271954
            110.033106,-7.871664,8.736529
            110.033179,-7.871628,8.780155
            110.033393,-7.871254,9.012334
            110.03491,-7.87165,9.668819
            110.035543,-7.871778,9.846192
            110.036144,-7.871866,10.001584
            110.038156,-7.872086,10.350901
            110.038944,-7.872217,10.410475
            110.040645,-7.872845,10.203897
            110.040991,-7.872993,10.119622
            110.041429,-7.873252,10.003912
            110.041758,-7.873454,9.914437
            110.04187,-7.87357,9.87698
            110.042225,-7.873761,9.783596
            110.042374,-7.873852,9.743133
            110.042498,-7.873681,9.694001
            110.042553,-7.873657,9.680109
            110.042967,-7.873732,9.747922
            110.042983,-7.873601,9.815369
            110.043865,-7.873772,10.270419
            110.044715,-7.873928,10.784865
            110.044756,-7.873955,10.822201
            110.044802,-7.874079,10.923338
            110.044866,-7.874148,10.995074
            110.045289,-7.874263,11.327718
            110.045313,-7.874305,11.364666
            110.045315,-7.874418,11.451188
            110.045356,-7.874463,11.497595
            110.04577,-7.87448,11.811821
            110.045768,-7.873958,11.63642
            110.045658,-7.873685,11.400188
            110.045709,-7.873212,11.017889
            110.045781,-7.872737,10.631867
            110.045834,-7.872713,10.585474
            110.046171,-7.872766,10.452869
            110.046243,-7.872744,10.441496
            110.046322,-7.872281,10.369942
            110.046358,-7.872234,10.360952
            110.046425,-7.87222,10.350616
            110.046831,-7.87226,10.28903
            110.046875,-7.872228,10.280791
            110.046925,-7.872041,10.251313
            110.046959,-7.872001,10.243345
            110.047009,-7.871989,10.235579
            110.047652,-7.87222,11.125636
            110.047872,-7.872248,11.513206
            110.047961,-7.872222,11.67534
            110.048085,-7.871796,12.457393
            110.048185,-7.871273,13.388908
            110.048437,-7.87127,13.563493
            110.049072,-7.871329,14.005319
            110.050076,-7.871539,14.639355
            110.050785,-7.871607,14.622541
            110.051361,-7.871667,14.60887
            110.051659,-7.871675,14.601833
            110.052028,-7.871717,14.313486
            110.052914,-7.871844,13.301172
            110.052979,-7.871776,13.194269
            110.052981,-7.87167,13.073244
            110.053089,-7.871561,12.898897
            110.053156,-7.871539,12.81908
            110.05375,-7.871538,12.271594
            110.053784,-7.871505,12.234549
            110.053868,-7.871246,12.020819
            110.054124,-7.871205,11.818997
            110.054216,-7.871009,11.649175
            110.054511,-7.87103,11.418996
            110.054937,-7.871072,11.22455
            110.055496,-7.871213,12.105057
            110.05582,-7.871233,12.600582
            110.056492,-7.8715,13.705785
            110.056618,-7.870866,14.829942
            110.056671,-7.870483,15.521622
            110.056668,-7.870305,15.840147
            110.056586,-7.869993,16.416993
            110.057281,-7.870123,17.259554
            110.057651,-7.870203,17.427439
            110.058592,-7.870408,17.854559
            110.05983,-7.870662,17.541979
            110.059992,-7.870744,17.478235
            110.060151,-7.870701,17.420484
            110.06039,-7.870756,17.334511
            110.060501,-7.870847,17.283328
            110.060584,-7.87084,17.251296
            110.060932,-7.870901,17.115398
            110.063551,-7.871462,16.144307
            110.063573,-7.871548,16.113887
            110.06445,-7.871705,15.405895
            110.064866,-7.871808,14.902608
            110.065209,-7.871889,14.488741
            110.066293,-7.872148,13.656551
            110.069686,-7.872834,14.230396
            110.070109,-7.872919,14.447739
            110.070601,-7.873048,14.70402
            110.071922,-7.873306,14.912886
            110.072085,-7.87334,14.906874
            110.072857,-7.873506,14.878891
            110.073277,-7.873652,14.88609
            110.073372,-7.873689,14.88774
            110.07347,-7.873709,14.889359
            110.073991,-7.873781,14.897866
            110.075061,-7.874002,14.99052
            110.075753,-7.87415,15.117189
            110.076591,-7.874327,15.141584
            110.078153,-7.874662,14.445036
            110.078468,-7.874732,14.638768
            110.078751,-7.87495,14.863188
            110.078983,-7.875049,15.021323
            110.079137,-7.875079,15.119574
            110.079275,-7.875056,15.207176
            110.079453,-7.875076,15.319318
            110.079818,-7.875169,15.555246
            110.079851,-7.8751,15.595709
            110.079916,-7.875077,15.625576
            110.081278,-7.875268,16.220803
            110.081359,-7.875293,16.257514
            110.081936,-7.875636,16.045823
            110.082048,-7.875676,15.957093
            110.082269,-7.875697,15.791632
            110.082422,-7.875667,15.675393
            110.082706,-7.875592,15.456343
            110.082767,-7.875528,15.390121
            110.084483,-7.875889,14.640828
            110.085785,-7.87616,15.634715
            110.086358,-7.876352,16.560818
            110.086433,-7.876321,16.685239
            110.08651,-7.87619,16.919531
            110.086787,-7.875823,17.216091
            110.086804,-7.875705,17.198856
            110.086839,-7.875709,17.193809
            110.086936,-7.875718,17.179855
            110.087551,-7.875792,17.091122
            110.088279,-7.875964,16.940183
            110.089315,-7.876226,15.870865
            110.089557,-7.876277,15.623429
            110.08976,-7.876288,15.420109
            110.090038,-7.876289,15.191055
            110.090317,-7.87626,15.323918
            110.090485,-7.876248,15.403691
            110.09082,-7.876182,15.565459
            110.091335,-7.875942,15.835014
            110.091604,-7.87584,15.971431
            110.092481,-7.875533,16.827814
            110.092904,-7.875449,17.257715
            110.093251,-7.875477,17.604641
            110.09365,-7.875589,17.989084
            110.094087,-7.875497,18.360227
            110.094227,-7.875498,18.476534
            110.094579,-7.875613,18.784449
            110.094878,-7.875804,19.080011
            110.095204,-7.876011,19.257426
            110.095277,-7.876116,19.046829
            110.09553,-7.876977,17.565553
            110.095563,-7.877117,17.328072
            110.095615,-7.877387,16.874027
            110.09559,-7.878899,14.642733
            110.095714,-7.878794,14.411289
            110.095978,-7.878681,14.003266
            110.096247,-7.87844,13.678019
            110.096579,-7.878387,13.485721
            110.097151,-7.878429,13.157737
            110.097397,-7.878407,13.016495
            110.098514,-7.878039,12.729162
            110.098668,-7.878031,12.721184
            110.098741,-7.878028,12.717404
            110.09937,-7.877836,12.683352
            110.099439,-7.877838,12.679781
            110.09952,-7.877883,12.674976
            110.099649,-7.877862,12.666545
            110.099683,-7.877852,12.664142
            110.100246,-7.87767,12.624013
            110.102334,-7.877006,12.563379
            110.103539,-7.876619,12.978094
            110.103894,-7.876454,13.2628
            110.104306,-7.876321,13.57741
            110.104905,-7.875462,14.59506
            110.10503,-7.875149,14.979336
            110.105116,-7.87473,15.467466
            110.105111,-7.874529,15.697004
            110.105195,-7.87415,15.965169
            110.105217,-7.874155,15.968012
            110.105282,-7.873937,15.996917
            110.105309,-7.873864,16.006803
            110.105328,-7.873819,16.013005
            110.105341,-7.873781,16.018107
            110.105348,-7.87374,16.023395
            110.105345,-7.873699,16.028622
            110.105344,-7.873656,16.034092
            110.105345,-7.873568,16.045282
            110.105354,-7.873473,16.057416
            110.105358,-7.873344,16.073827
            110.105368,-7.873306,16.078821
            110.105389,-7.873275,16.083568
            110.105351,-7.873272,16.08837
            110.10536,-7.873174,16.100883
            110.105653,-7.873162,16.137822
            110.105732,-7.872889,16.178143
            110.105788,-7.872866,16.202159
            110.106043,-7.872866,16.303176
            110.106071,-7.87284,16.318379
            110.106129,-7.872644,16.40006
            110.106278,-7.872677,16.460543
            110.106567,-7.872787,16.58319
            110.106834,-7.872874,16.694536
            110.106864,-7.872882,16.706844
            110.107114,-7.872928,16.807574
            110.107472,-7.873073,16.937131
            110.107644,-7.87306,16.982207
            110.10857,-7.873324,17.234004
            110.109404,-7.873523,17.481492
            110.109511,-7.873505,17.517009
            110.109672,-7.873401,17.579909
            110.109786,-7.873296,17.63085
            110.109869,-7.873164,17.682226
            110.109814,-7.872583,17.875009
            110.109881,-7.872242,17.960789
            110.109937,-7.872154,17.961741
            110.110079,-7.872009,17.963591
            110.11026,-7.871953,17.965311
            110.110366,-7.871943,17.966276
            110.110613,-7.871928,17.968521
            110.112231,-7.871957,17.45211
            110.112282,-7.871957,17.416271
            110.11265,-7.871933,17.157113
            110.112824,-7.871847,17.020465
            110.112901,-7.871782,16.949374
            110.112947,-7.871695,16.879703
            110.113049,-7.871347,16.628969
            110.113118,-7.871257,16.55532
            110.1132,-7.871208,16.493498
            110.113305,-7.871168,16.420875
            110.11388,-7.871051,16.041931
            110.114091,-7.871018,15.904031
            110.11484,-7.871019,15.699402
            110.11496,-7.870997,15.824441
            110.115131,-7.870924,16.015226
            110.115294,-7.870816,16.216151
            110.115381,-7.870697,16.368126
            110.115543,-7.870144,16.963714
            110.115605,-7.870019,17.10777
            110.115755,-7.869852,17.33898
            110.11587,-7.869788,17.443812
            110.115998,-7.869775,17.528847
            110.116493,-7.8698,17.856405
            110.116545,-7.869803,17.890829
            110.116863,-7.869823,18.101411
            110.117402,-7.869836,18.457728
            110.117498,-7.869867,18.524458
            110.117721,-7.870024,18.57898
            110.117989,-7.870255,18.559397
            110.118065,-7.870291,18.554753
            110.11811,-7.870301,18.552211
            110.118378,-7.870279,18.537387
            110.118719,-7.870181,18.517814
            110.119196,-7.870133,18.491385
            110.119735,-7.870171,18.224276
            110.120283,-7.870194,17.928412
            110.120698,-7.870135,17.702262
            110.120908,-7.870131,17.588964
            110.121378,-7.870186,17.63403
            110.121768,-7.870205,17.783882
            110.121924,-7.870193,17.843931
            110.122074,-7.870128,17.906764
            110.122205,-7.869949,17.992418
            110.122259,-7.869781,18.060725
            110.122244,-7.869506,18.167421
            110.122151,-7.868969,18.438994
            110.122104,-7.868712,18.575664
            110.12211,-7.868568,18.651079
            110.122145,-7.868495,18.693367
            110.122203,-7.86844,18.734986
            110.122374,-7.868323,18.842712
            110.122509,-7.86823,18.927946
            110.122632,-7.868178,18.997267
            110.122852,-7.868175,19.111314
            110.122999,-7.868245,19.084303
            110.123452,-7.868557,18.714822
            110.123578,-7.868634,18.615679
            110.123741,-7.868669,18.503988
            110.123925,-7.868673,18.380739
            110.124735,-7.868512,17.703672
            110.124738,-7.868602,17.570139
            110.124768,-7.868756,17.337559
            110.124817,-7.869614,16.063198
            110.124802,-7.869804,15.780587
            110.124756,-7.869927,15.586077
            110.124795,-7.87004,15.408987
            110.124861,-7.870156,15.226835
            110.125551,-7.869908,14.462894
            110.126428,-7.869634,13.505817
            110.126933,-7.869477,13.447051
            110.127437,-7.86932,13.542502
            110.12764,-7.869256,13.580989
            110.127747,-7.869226,13.60108
            110.127884,-7.86918,13.627214
            110.129545,-7.868622,15.2027
            110.131027,-7.86812,16.123587
            110.131827,-7.867927,16.399891
            110.132438,-7.867714,16.526533
            110.133073,-7.867456,16.660724
            110.134858,-7.866897,17.321185
            110.135918,-7.866535,16.892065
            110.136948,-7.866194,16.137367
            110.13745,-7.866034,15.856988
            110.137668,-7.86597,15.736099
            110.137886,-7.865906,15.615209
            110.139059,-7.865586,15.033069
            110.139722,-7.865372,14.763619
            110.140565,-7.865106,14.523127
            110.143938,-7.863985,15.280445
            110.146386,-7.863274,17.557973
            110.147138,-7.863023,18.089904
            110.147733,-7.86282,18.165224
            110.147908,-7.862804,18.15636
            110.14806,-7.862815,18.148673
            110.148421,-7.86289,18.130069
            110.148673,-7.862942,18.117086
            110.149049,-7.86302,18.097419
            110.149396,-7.863094,18.050922
            110.149464,-7.863109,18.041796
            110.149765,-7.863173,18.001469
            110.150143,-7.863254,17.950807
            110.15137,-7.863541,18.019498
            110.152278,-7.863747,18.281067
            110.152692,-7.863381,18.474859
            110.153244,-7.862868,18.807896
            110.153447,-7.862681,18.929869
            110.153724,-7.862477,19.081742
            110.153956,-7.862359,19.171847
            110.154366,-7.862201,19.193026
            110.154423,-7.861688,19.218107
            110.154489,-7.861305,19.23699
            110.154717,-7.860571,18.932738
            110.154865,-7.860147,18.542668
            110.154847,-7.860079,18.481546
            110.154713,-7.860016,18.353793
            110.152486,-7.859517,16.428751
            110.152278,-7.859465,16.249862
            110.151764,-7.859338,16.229662
            110.151447,-7.859259,16.267508
            110.149557,-7.858771,17.293898
            110.148847,-7.858599,18.022559
            110.148416,-7.858518,18.757651
            110.148286,-7.858476,19.049292
            110.147956,-7.858393,19.775457
            110.147585,-7.858299,20.592209
            110.147529,-7.858281,20.717777
            110.147438,-7.858255,20.919776
            110.147419,-7.858249,20.962309
            110.146825,-7.858105,22.219647
            110.146747,-7.858065,22.361983
            110.146726,-7.857989,22.490886
            110.146747,-7.857784,22.82797
            110.146873,-7.857428,23.445113
            110.146973,-7.857113,23.985306
            110.147314,-7.856162,25.704353
            110.146602,-7.855968,27.031842
            110.146745,-7.855035,29.079737
            110.146741,-7.854893,29.522731
            110.146709,-7.85481,29.799799
            110.146598,-7.854558,30.657206
            110.145347,-7.853338,35.930503
            110.145077,-7.852952,37.294991
            110.145036,-7.852861,37.584538
            110.144905,-7.852531,38.61485
            110.144736,-7.851885,41.609047
            110.144609,-7.851543,43.443081
            110.14446,-7.851216,45.248746
            110.144273,-7.850885,47.157798
            110.143136,-7.849694,58.853642
            110.143103,-7.849635,59.354618
            110.142752,-7.848028,70.563329
            110.142692,-7.847517,73.935967
            110.142647,-7.847438,74.453387
            110.142568,-7.847371,75.041041
            110.142226,-7.847214,77.171001
            110.142107,-7.847121,78.027495
            110.141902,-7.846904,79.722789
            110.141657,-7.846549,82.17577
            110.141633,-7.84643,82.867977
            110.14166,-7.846276,83.759563
            110.141736,-7.846182,84.303658
            110.142016,-7.845952,85.898875
            110.142062,-7.845859,86.357362
            110.142147,-7.845442,88.240715
            110.142141,-7.844801,91.078594
            110.142158,-7.843968,93.098514
            110.142119,-7.843669,93.689872
            110.142016,-7.843244,94.547189
            110.141703,-7.842811,95.576116
            110.141532,-7.842526,96.191549
            110.141085,-7.841628,98.050124
            110.140818,-7.841145,99.359487
            110.140452,-7.840439,101.806381
            110.140343,-7.840111,102.871009
            110.140292,-7.839819,103.784634
            110.140297,-7.839602,104.439185
            110.140217,-7.83928,105.406245
            110.140088,-7.839092,106.069176
            110.140013,-7.839026,106.358994
            110.139506,-7.838746,108.035951
            110.139523,-7.838605,108.450066
            110.139598,-7.838481,108.871629
            110.139714,-7.838437,109.23048
            110.139809,-7.838372,109.482806
            110.139993,-7.838228,109.754401
            110.140265,-7.838015,110.155984
            110.14026,-7.837927,110.259034
            110.140293,-7.837871,110.334847
            110.140341,-7.83783,110.408255
            110.140496,-7.837807,110.589786
            110.140598,-7.837836,110.712696
            110.141017,-7.83751,111.329782
            110.141389,-7.837269,110.851756
            110.141953,-7.836983,109.259571
            110.142113,-7.836832,108.704256
            110.142606,-7.836253,106.689784
            110.142944,-7.835748,104.384225
            110.143116,-7.835541,103.364059
            110.143561,-7.835121,101.047226
            110.143953,-7.834791,98.76874
            110.144092,-7.834637,97.720317
            110.144425,-7.834141,94.69721
            110.144581,-7.833867,93.100727
            110.144649,-7.833696,92.167992
            110.144824,-7.83322,90.077702
            110.144888,-7.833134,89.721643
            110.144957,-7.833084,89.439413
            110.145181,-7.832968,88.604962
            110.145747,-7.832589,86.349572
            110.14597,-7.832352,85.269859
            110.146029,-7.83223,85.048397
            110.146061,-7.832076,85.177794
            110.146049,-7.831899,85.323791
            110.146007,-7.831714,85.479847
            110.145796,-7.831339,85.833176
            110.145589,-7.83107,86.111553
            110.145694,-7.830957,86.237954
            110.145978,-7.830742,86.43563
            110.146214,-7.830718,86.236046
            110.146313,-7.830676,86.145445
            110.146405,-7.830516,85.989076
            110.14656,-7.830139,85.643394
            110.146439,-7.829833,85.364315
            110.146539,-7.829714,85.232826
            110.146601,-7.829548,85.08252
            110.146713,-7.829397,84.625834
            110.146947,-7.829411,82.619979
            110.147275,-7.829468,79.770613
            110.147439,-7.829452,78.360569
            110.147481,-7.829429,77.949948
            110.147517,-7.829361,77.286759
            110.147515,-7.828557,70.342624
            110.14753,-7.828501,69.842215
            110.148067,-7.827692,64.6395
            110.148245,-7.827744,63.68344
            110.148472,-7.827773,62.504298
            110.149159,-7.827791,60.38977
            110.149815,-7.827846,61.379543
            110.151015,-7.828254,62.35992
            110.151115,-7.82827,62.223945
            110.151178,-7.828243,62.131803
            110.151921,-7.827467,60.682559
            110.151967,-7.827388,60.558983
            110.151997,-7.82659,56.274244
            110.151887,-7.825296,48.372814
            110.151784,-7.824316,43.750357
            110.151739,-7.824283,43.490143
            110.151632,-7.824197,42.849753
            110.151593,-7.824163,42.608301
            110.15149,-7.824147,42.123733
            110.151112,-7.824243,40.74614
            110.150768,-7.824237,41.221142
            110.150559,-7.824197,41.515023
            110.150398,-7.824139,41.751541
            110.150015,-7.823929,42.355895
            110.149562,-7.823749,43.02974
            110.149366,-7.823684,43.309147
            110.14833,-7.823472,44.716096
            110.147764,-7.823318,45.496741
            110.147614,-7.823299,45.716059
            110.147616,-7.823033,46.123001
            110.147593,-7.82268,46.664149
            110.147551,-7.822583,46.825617
            110.146881,-7.821624,48.61099
            110.14678,-7.821554,48.798538
            110.147923,-7.820525,51.21459
            110.148046,-7.820392,51.765105
            110.149356,-7.819154,56.567605
            110.149641,-7.818932,56.562357
            110.149724,-7.818913,56.561123
            110.152096,-7.817827,54.274128
            110.152543,-7.817757,53.559474
            110.152987,-7.817732,52.81095
            110.15326,-7.817743,52.351071
            110.153514,-7.817752,51.923279
            110.153666,-7.817803,51.653166
            110.154415,-7.818463,49.462792
            110.154469,-7.818537,49.197956
            110.154539,-7.818756,48.531701
            110.154634,-7.819859,45.374418
            110.155227,-7.819854,44.320827
            110.155473,-7.819861,43.883591
            110.156361,-7.819877,42.305666
            110.156632,-7.819943,41.946638
            110.156937,-7.820071,41.547319
            110.157215,-7.820197,41.178772
            110.157448,-7.820275,40.882278
            110.157949,-7.820432,40.248808
            110.158773,-7.820543,39.264303
            110.158953,-7.820598,39.042327
            110.159054,-7.820748,38.827849
            110.159193,-7.821031,38.453486
            110.159298,-7.821143,38.271666
            110.159451,-7.821238,38.058882
            110.160288,-7.821455,37.767519
            110.161103,-7.821467,37.612921
            110.161344,-7.821443,37.566981
            110.161493,-7.821463,37.710285
            110.161599,-7.821422,37.840733
            110.162167,-7.821329,38.500701
            110.162372,-7.820987,38.960958
            110.162767,-7.820588,39.607645
            110.163208,-7.819839,40.249452
            110.163346,-7.819714,40.383651
            110.163412,-7.819673,40.439562
            110.163504,-7.819652,40.50732
            110.164019,-7.819735,40.881795
            110.164147,-7.819747,40.995663
            110.164289,-7.819729,41.180732
            110.164421,-7.819667,41.369584
            110.16463,-7.819483,41.731039
            110.165195,-7.818583,43.114057
            110.165321,-7.818168,44.085684
            110.165364,-7.81789,44.839426
            110.165251,-7.817324,46.385702
            110.165207,-7.817201,46.735433
            110.165061,-7.816852,47.747908
            110.165003,-7.816571,48.310337
            110.165009,-7.816403,48.529734
            110.165048,-7.816315,48.655167
            110.16519,-7.816134,48.954355
            110.165319,-7.816034,49.166143
            110.165394,-7.816008,49.268883
            110.165888,-7.815898,49.923557
            110.16602,-7.815846,50.10723
            110.166297,-7.815632,50.653382
            110.166386,-7.815519,51.013503
            110.166437,-7.81538,51.385101
            110.166572,-7.814711,53.099244
            110.166664,-7.81376,55.361034
            110.166682,-7.812603,57.491308
            110.166616,-7.81215,58.315009
            110.166486,-7.81163,58.851797
            110.166191,-7.810219,60.412386
            110.166075,-7.809741,61.191168
            110.165836,-7.808439,63.667107
            110.165284,-7.807435,67.479143
            110.165209,-7.807259,68.116133
            110.165175,-7.807054,68.808829
            110.165169,-7.806833,69.279588
            110.165247,-7.806284,70.314025
            110.165299,-7.806019,70.817727
            110.165334,-7.805864,71.114079
            110.16539,-7.805609,71.600996
            110.165391,-7.805521,71.765199
            110.16536,-7.805411,71.97829
            110.164671,-7.804532,72.143266
            110.164428,-7.804329,72.09185
            110.164139,-7.804198,72.040442
            110.163852,-7.804103,71.830343
            110.163879,-7.804073,71.73505
            110.163912,-7.804014,71.57513
            110.164118,-7.803414,70.072588
            110.164273,-7.803037,69.107479
            110.164787,-7.803145,67.873302
            110.164811,-7.802799,67.679913
            110.164844,-7.802721,67.662655
            110.164897,-7.80267,67.647719
            110.164981,-7.802628,67.628697
            110.165321,-7.802558,67.558494
            110.165729,-7.802549,67.475992
            110.165867,-7.802522,67.447555
            110.166027,-7.802295,67.39106
            110.166144,-7.802081,67.544319
            110.166175,-7.801965,67.681564
            110.166167,-7.801554,68.151728
            110.166087,-7.801246,68.515477
            110.166736,-7.80115,69.259045
            110.166936,-7.80115,69.498733
            110.167068,-7.801188,69.690574
            110.167282,-7.801352,70.068155
            110.167443,-7.801345,70.293065
            110.167621,-7.801226,70.592751
            110.168102,-7.800454,71.870733
            110.168185,-7.800362,72.058514
            110.168293,-7.800332,72.241838
            110.168356,-7.800343,72.346393
            110.169139,-7.800566,73.677969
            110.169214,-7.800566,73.800551
            110.169272,-7.800529,73.913298
            110.169472,-7.799989,74.862208
            110.169543,-7.799934,74.962058
            110.169681,-7.799899,75.055669
            110.169826,-7.799886,75.151346
            110.169954,-7.799776,75.262696
            110.170158,-7.799551,75.463306
            110.170263,-7.79935,75.613425
            110.170514,-7.798687,76.083102
            110.17062,-7.798392,76.215386
            110.170693,-7.798091,76.328343
            110.170754,-7.797712,76.468382
            110.170861,-7.797409,76.585515
            110.170941,-7.797033,76.725727
            110.170947,-7.796866,76.789687
            110.170873,-7.796417,77.024202
            110.170892,-7.795934,77.273368
            110.170879,-7.795779,77.353542
            110.170871,-7.795636,77.427369
            110.1709,-7.795524,77.486972
            110.170947,-7.795447,77.533358
            110.171007,-7.795416,77.567917
            110.171122,-7.795402,77.627091
            110.171476,-7.7955,78.185719
            110.171585,-7.795495,78.432521
            110.171731,-7.795424,78.800381
            110.171995,-7.795159,79.650408
            110.172189,-7.795074,80.130193
            110.172325,-7.795051,80.44225
            110.172899,-7.795058,81.740634
            110.172972,-7.795037,81.830718
            110.173027,-7.79499,81.860243
            110.173134,-7.794712,81.982318
            110.173213,-7.794638,82.026512
            110.173338,-7.794571,82.084285
            110.17343,-7.794521,82.12694
            110.173521,-7.794512,82.164116
            110.173874,-7.794551,82.308502
            110.173924,-7.794507,82.335687
            110.174001,-7.793825,82.570344
            110.174076,-7.793747,82.583361
            110.17423,-7.793699,82.602688
            110.174261,-7.793658,82.608878
            110.174294,-7.792455,82.754291
            110.174326,-7.792328,82.745864
            110.174409,-7.792301,82.630418
            110.175563,-7.792413,81.098099
            110.176122,-7.792432,80.364044
            110.17697,-7.792462,79.810444
            110.176956,-7.792839,79.562024
            110.176974,-7.793019,79.442914
            110.177066,-7.793455,79.311448
            110.177099,-7.793609,79.686898
            110.177108,-7.793726,79.966734
            110.177706,-7.793599,81.41179
            110.1781,-7.793603,82.342786
            110.178881,-7.793699,84.194337
            110.179734,-7.793858,86.222781
            110.180428,-7.794023,87.765094
            110.180758,-7.794167,87.999341
            110.18111,-7.794435,88.287727
            110.181328,-7.794501,88.435809
            110.181647,-7.794495,88.643075
            110.182834,-7.794341,91.522469
            110.182985,-7.794654,92.661072
            110.183443,-7.795848,96.865647
            110.183594,-7.796297,98.428267
            110.183993,-7.796319,99.735515
            110.184594,-7.79643,101.074377
            110.185409,-7.796545,101.98251
            110.185928,-7.796647,102.566195
            110.186497,-7.796673,103.828688
            110.187397,-7.796815,106.238769
            110.187815,-7.796932,107.387456
            110.188006,-7.797015,108.076289
            110.188148,-7.797202,108.916727
            110.188284,-7.797455,109.946186
            110.188344,-7.797515,110.249522
            110.188582,-7.797522,111.096751
            110.188737,-7.797571,111.67567
            110.189288,-7.797865,113.902492
            110.189391,-7.79796,114.192532
            110.189465,-7.798098,114.459504
            110.189514,-7.798499,115.149592
            110.189542,-7.798585,115.303972
            110.190218,-7.798934,116.594228
            110.191039,-7.797759,115.209637
            110.191718,-7.796775,114.004497
            110.192126,-7.796166,113.803875
            110.192423,-7.795687,113.609084
            110.192553,-7.795592,113.384644
            110.192878,-7.79545,112.891128
            110.19361,-7.795202,111.816264
            110.194093,-7.795089,111.126503
            110.19422,-7.79504,110.933077
            110.194309,-7.794975,110.776157
            110.194382,-7.794866,110.588774
            110.194463,-7.794676,110.293325
            110.194553,-7.794357,109.818855
            110.194884,-7.792475,105.094882
            110.194977,-7.791767,102.697119
            110.194983,-7.790714,100.87449
            110.194981,-7.790541,100.589866
            110.19497,-7.789718,100.396004
            110.195012,-7.788748,104.494809
            110.195176,-7.78693,110.798818
            110.195302,-7.786176,113.118252
            110.195451,-7.785726,114.530367
            110.195854,-7.785075,116.807464
            110.196659,-7.783945,119.599462
            110.1967,-7.783868,119.741029
            110.196857,-7.784123,120.226749
            110.197146,-7.784748,120.321488
            110.197345,-7.785334,118.8676
            110.197837,-7.785904,117.103938
            110.19878,-7.78662,113.389997
            110.19909,-7.786746,112.296544
            110.199966,-7.787042,110.671
            110.20009,-7.787055,110.643363
            110.20011,-7.787057,110.638908
            110.200734,-7.787144,110.49924
            110.20135,-7.787136,110.431968
            110.201551,-7.787094,110.802799
            110.202034,-7.786995,111.693185
            110.20218,-7.786943,111.97326
            110.202241,-7.786892,112.117346
            110.202547,-7.786633,112.843871
            110.202756,-7.786516,113.277223
            110.202876,-7.786483,113.502039
            110.202983,-7.786453,113.618391
            110.203201,-7.786452,113.411782
            110.203641,-7.786568,112.980269
            110.203966,-7.786585,112.671826
            110.204254,-7.786631,112.395355
            110.204359,-7.786423,112.172894
            110.204431,-7.786141,111.752864
            110.204399,-7.785822,110.099994
            110.204322,-7.785597,108.87502
            110.204314,-7.785524,108.496419
            110.204348,-7.785444,108.048862
            110.204446,-7.785382,107.454874
            110.204678,-7.785344,106.25362
            110.204914,-7.785274,104.995153
            110.205064,-7.785211,104.162875
            110.205207,-7.785081,103.171449
            110.205381,-7.784907,101.885807
            110.205815,-7.784557,98.939899
            110.206259,-7.784161,95.794981
            110.207226,-7.783314,88.539887
            110.20826,-7.782383,80.238504
            110.208573,-7.782186,77.943956
            110.209015,-7.781912,74.717691
            110.209152,-7.781851,73.788282
            110.209195,-7.781804,73.392101
            110.209207,-7.781617,72.221854
            110.209136,-7.781256,70.875259
            110.20897,-7.780808,70.061496
            110.208926,-7.780311,69.210779
            110.208891,-7.780212,69.031912
            110.208948,-7.78001,68.674262
            110.208959,-7.779806,68.325914
            110.208892,-7.779011,70.858665
            110.208887,-7.7787,72.049464
            110.208911,-7.778078,74.432499
            110.209052,-7.777266,78.822613
            110.20917,-7.776414,83.719574
            110.20958,-7.77406,90.777524
            110.209688,-7.773389,91.597131
            110.209786,-7.772733,92.397037
            110.209831,-7.772452,92.616002
            110.209908,-7.771971,92.778307
            110.210012,-7.771304,93.003232
            110.210052,-7.771053,93.087918
            110.210106,-7.770707,93.158457
            110.210406,-7.768793,93.243438
            110.210404,-7.768695,93.335017
            110.210366,-7.76861,93.421874
            110.210292,-7.768546,93.512803
            110.210087,-7.768492,93.709166
            110.20965,-7.768421,94.119106
            110.209593,-7.768412,94.172537
            110.209497,-7.768367,94.270849
            110.209372,-7.768232,94.442017
            110.209292,-7.768064,94.615571
            110.209283,-7.767981,94.694768
            110.209279,-7.767783,95.030669
            110.209428,-7.766883,96.577584
            110.20962,-7.765787,98.054447
            110.209682,-7.765433,98.317656
            110.2098,-7.764752,98.823842
            110.209854,-7.764309,99.016131
            110.209872,-7.764206,98.978524
            110.209931,-7.76386,98.852285
            110.209962,-7.763667,98.781978
            110.210046,-7.763147,98.592524
            110.210205,-7.762293,98.295038
            110.21033,-7.761493,98.036428
            110.210396,-7.761091,97.906318
            110.210649,-7.75956,98.613429
            110.210746,-7.75897,98.815558
            110.210853,-7.758327,98.520658
            110.210965,-7.757644,98.207533
            110.211172,-7.756393,96.705207
            110.211207,-7.75618,96.397007
            110.211385,-7.75484,95.619117
            110.21147,-7.754238,95.723069
            110.211565,-7.753731,95.757327
            110.212308,-7.753727,95.01008
            110.212522,-7.75371,94.79417
            110.212565,-7.753711,94.750912
            110.214246,-7.753631,92.305334
            110.215663,-7.753585,88.581433
            110.216089,-7.75357,86.869344
            110.216717,-7.753529,84.341541
            110.217543,-7.753537,80.057882
            110.217691,-7.753572,79.194766
            110.218457,-7.75387,74.526691
            110.218557,-7.753888,73.950153
            110.218825,-7.753858,73.437849
            110.22041,-7.753324,78.82857
            110.221068,-7.753112,83.309684
            110.222074,-7.753055,89.967263
            110.222445,-7.75304,91.679485
            110.223545,-7.753,95.389185
            110.224049,-7.752896,97.070315
            110.225537,-7.752496,99.42648
            110.225852,-7.752409,99.827442
            110.226569,-7.752221,100.076279
            110.226686,-7.752208,100.11578
            110.226839,-7.752229,100.167602
            110.22726,-7.752369,100.316593
            110.227553,-7.752486,100.408734
            110.228158,-7.752721,100.409608
            110.228818,-7.752931,100.41054
            110.22884,-7.752868,100.41063
            110.228818,-7.752931,100.410721
            110.229576,-7.75317,100.789554
            110.230071,-7.753313,101.180408
            110.231211,-7.753573,102.147307
            110.232082,-7.753799,103.025137
            110.23219,-7.753271,103.555232
            110.232387,-7.752308,104.858946
            110.232622,-7.751201,106.316318
            110.232852,-7.749977,107.793239
            110.233017,-7.749129,108.077308
            110.233383,-7.748436,108.076242
            110.233621,-7.747997,108.024971
            110.233783,-7.747699,107.861851
            110.233871,-7.747554,107.780312
            110.233944,-7.747483,107.731467
            110.23444,-7.747161,107.448314
            110.235295,-7.746725,107.593067
            110.235385,-7.746589,107.73006
            110.235571,-7.746207,108.087333
            110.235639,-7.74591,108.34387
            110.235647,-7.745679,108.538569
            110.235627,-7.745423,108.738493
            110.235601,-7.745233,108.814312
            110.235615,-7.74516,108.843695
            110.23594,-7.744849,109.020726
            110.236075,-7.744674,109.107828
            110.236123,-7.744574,109.151616
            110.236535,-7.743899,109.439444
            110.23661,-7.743775,109.447911
            110.237212,-7.743989,109.485029
            110.237715,-7.744203,109.516797
            110.238772,-7.744804,109.829089
            110.241008,-7.746053,111.064959
            110.241043,-7.745998,111.101832
            110.241766,-7.744696,111.849519
            110.243205,-7.742097,113.339105
            110.245403,-7.738106,116.681273
            110.245859,-7.738368,116.763514
            110.24591,-7.738398,116.755449
            110.246287,-7.738614,116.696228
            110.246435,-7.738688,116.673685
            110.246925,-7.73895,116.597969
            110.248284,-7.73968,116.498825
            110.248835,-7.73997,116.432212
            110.249863,-7.74061,115.933649
            110.251664,-7.741564,115.388541
            110.253026,-7.738762,117.880037
            110.253822,-7.737334,119.34177
            110.255651,-7.733669,122.744333
            110.256414,-7.732248,123.811548
            110.257599,-7.730046,125.148452
            110.258569,-7.728194,126.584491
            110.258942,-7.727477,127.279571
            110.260003,-7.725389,129.319589
            110.260088,-7.725399,129.393951
            110.261828,-7.725613,130.047062
            110.261867,-7.725618,130.061612
            110.262598,-7.725764,130.281321
            110.262703,-7.725796,130.313327
            110.263142,-7.725932,130.447333
            110.263677,-7.726096,130.612579
            110.263714,-7.726109,130.626817
            110.2646,-7.726409,130.966397
            110.264659,-7.726429,130.989013
            110.266339,-7.72685,132.192727
            110.266673,-7.725567,133.606871
            110.26693,-7.725651,133.942216
            110.26706,-7.72569,134.110529
            110.26768,-7.72589,134.918499
            110.26785,-7.725363,135.099369
            110.267871,-7.725318,135.078531
            110.267922,-7.725286,135.053389
            110.267961,-7.725287,135.037141
            110.268072,-7.725289,134.990902
            110.269041,-7.725491,134.578482
            110.268835,-7.726224,134.027088
            110.269037,-7.72627,133.84702
            110.271122,-7.726894,132.456069
            110.271167,-7.726907,132.437058
            110.272527,-7.72729,132.465692
            110.273432,-7.72754,132.861853
            110.275378,-7.728132,135.150068
            110.276928,-7.728571,137.050077
            110.277224,-7.728664,137.390529
            110.277884,-7.72882,138.094067
            110.278414,-7.728985,138.670096
            110.278981,-7.729144,138.997498
            110.279165,-7.729379,138.856762
            110.279408,-7.729798,138.628099
            110.279485,-7.729848,138.584935
            110.280134,-7.73011,138.256357
            110.281687,-7.730849,138.563358
            110.281848,-7.730889,138.598532
            110.282183,-7.730915,138.696642
            110.282749,-7.730927,138.861934
            110.283734,-7.731205,139.017207
            110.283862,-7.731277,138.907667
            110.283902,-7.731434,138.786052
            110.283734,-7.731957,138.373831
            110.283347,-7.732723,137.73732
            110.28291,-7.733719,137.064792
            110.282666,-7.734275,136.689352
            110.284499,-7.734941,136.94526
            110.284884,-7.735063,137.178919
            110.285395,-7.735183,137.482493
            110.285877,-7.735313,137.771258
            110.287061,-7.735487,139.0161
            110.287164,-7.735532,139.150857
            110.28733,-7.735699,139.434046
            110.287463,-7.735904,139.728473
            110.287594,-7.736012,139.932477
            110.287849,-7.736079,140.199806
            110.28811,-7.736148,140.401122
            110.288594,-7.736194,140.763483
            110.288863,-7.736212,140.964415
            110.289508,-7.736323,141.452303
            110.290278,-7.736549,141.215359
            110.290433,-7.736611,141.159935
            110.291136,-7.736893,140.908461
            110.292787,-7.737378,141.498686
            110.293576,-7.737698,141.9477
            110.294065,-7.737843,142.238818
            110.294311,-7.737988,142.402069
            110.294374,-7.738125,142.488724
            110.294448,-7.738191,142.545508
            110.29495,-7.738404,142.654562
            110.295317,-7.738567,142.69227
            110.295626,-7.738755,142.726266
            110.29578,-7.738805,142.74146
            110.296349,-7.738982,142.890232
            110.297072,-7.739189,143.487275
            110.297711,-7.739472,144.042545
            110.297761,-7.739392,144.117883
            110.298097,-7.738849,145.310714
            110.298463,-7.738315,146.703547
            110.298892,-7.737795,148.128179
            110.299126,-7.737478,148.530577
            110.301157,-7.734793,151.323196
            110.301189,-7.734751,151.361148
            110.301442,-7.73496,151.596531
            110.301707,-7.735124,151.819802
            110.303133,-7.735466,152.369077
            110.303466,-7.735673,152.273501
            110.303946,-7.735904,152.143761
            110.304268,-7.736037,152.058943
            110.30473,-7.736173,152.242997
            110.304849,-7.736127,152.294944
            110.304893,-7.736125,152.312857
            110.305,-7.736144,152.357064
            110.305032,-7.73618,152.376753
            110.305195,-7.736307,152.46108
            110.305666,-7.736442,152.660478
            110.306177,-7.73659,152.793078
            110.306725,-7.736781,152.794242
            110.307079,-7.737019,152.795099
            110.307295,-7.737207,152.795675
            110.307582,-7.73769,152.654036
            110.307955,-7.739087,151.837328
            110.308211,-7.739489,151.515129
            110.308192,-7.739559,151.463768
            110.309042,-7.740295,150.671243
            110.309352,-7.740563,150.683696
            110.310537,-7.741307,152.112655
            110.310695,-7.741407,152.303625
            110.311301,-7.741672,152.266894
            110.312465,-7.742108,152.050059
            110.313446,-7.742368,150.95161
            110.313699,-7.742413,150.673566
            110.313847,-7.742417,150.513415
            110.314479,-7.742349,150.106605
            110.315401,-7.742239,150.023839
            110.315479,-7.742231,150.01685
            110.316704,-7.742101,150.258795
            110.316855,-7.742113,150.320679
            110.316972,-7.742202,150.380935
            110.316997,-7.742231,150.396659
            110.317267,-7.742625,150.593002
            110.317471,-7.743277,150.522386
            110.317546,-7.743453,150.430887
            110.317752,-7.743757,150.255513
            110.318644,-7.744646,149.832894
            110.319696,-7.745631,149.788119
            110.319905,-7.745859,149.890023
            110.320035,-7.746088,149.97695
            110.320943,-7.748148,150.716085
            110.321089,-7.748314,150.787987
            110.321416,-7.748605,150.930199
            110.321601,-7.748723,150.853921
            110.321813,-7.748812,150.684274
            110.322165,-7.74894,150.408001
            110.322634,-7.749052,150.052541
            110.322899,-7.749099,149.854181
            110.32321,-7.749035,149.620142
            110.323479,-7.7489,149.526497
            110.323733,-7.748619,149.409169
            110.323918,-7.748247,149.280184
            110.323941,-7.748155,149.250705
            110.323999,-7.747831,149.148361
            110.323984,-7.747498,149.109932
            110.324001,-7.747385,149.231019
            110.324242,-7.74699,149.720219
            110.324272,-7.746953,149.770522
            110.324524,-7.746801,150.080343
            110.32455,-7.746802,150.107669
            110.324783,-7.746846,150.356764
            110.324841,-7.746875,150.42499
            110.32526,-7.747307,150.978163
            110.32552,-7.747436,151.018276
            110.325923,-7.747552,151.076169
            110.326397,-7.747611,151.142073
            110.328609,-7.747645,149.286495
            110.329166,-7.747619,148.960421
            110.329302,-7.747595,148.905985
            110.329428,-7.74754,148.851728
            110.329707,-7.747322,148.711713
            110.330569,-7.746485,148.471961
            110.330644,-7.746439,148.484465
            110.330756,-7.74642,148.500573
            110.330865,-7.74645,148.516609
            110.331014,-7.746619,148.548713
            110.331085,-7.746649,148.559655
            110.33127,-7.746593,148.587076
            110.331477,-7.746485,148.620239
            110.331625,-7.746437,148.642315
            110.332646,-7.746339,149.549286
            110.332671,-7.746335,149.5755
            110.332664,-7.746252,149.66251
            110.332652,-7.746123,149.797843
            110.332648,-7.746091,149.831528
            110.332726,-7.746075,149.913981
            110.332709,-7.746031,149.9632
            110.33272,-7.745929,150.070363
            110.332836,-7.745529,150.50514
            110.332877,-7.745317,150.826668
            110.332941,-7.744995,151.347699
            110.333451,-7.742533,154.910365
            110.333682,-7.741417,155.891167
            110.334108,-7.741847,156.175747
            110.334264,-7.742038,156.291793
            110.334663,-7.742713,156.672181
            110.33471,-7.74232,156.870124
            110.334761,-7.74225,156.913306
            110.335469,-7.741909,157.303454
            110.335728,-7.741455,157.924779
            110.335823,-7.741205,158.313674
            110.336546,-7.739067,161.651904
            110.337029,-7.737804,163.008315
            110.338972,-7.738469,163.149394
            110.339132,-7.738642,163.045525
            110.33922,-7.738763,162.979507
            110.339294,-7.739032,162.856093
            110.339468,-7.739167,162.759164
            110.339843,-7.739214,162.713681
            110.340032,-7.739047,162.689279
            110.340099,-7.73896,162.678637
            110.340229,-7.738474,162.629742
            110.340849,-7.738553,162.558669
            110.341128,-7.738588,162.437857
            110.342217,-7.738764,161.963852
            110.342493,-7.738828,161.842082
            110.342546,-7.73889,161.806856
            110.342552,-7.738938,161.781488
            110.34247,-7.74026,160.845038
            110.342896,-7.740335,160.541916
            110.343214,-7.740473,160.620358
            110.343417,-7.740534,160.686612
            110.343727,-7.740188,160.832449
            110.343846,-7.740016,160.898181
            110.344041,-7.739586,161.046772
            110.3437,-7.739448,161.458838
            110.343638,-7.7394,161.582441
            110.343619,-7.739253,161.817397
            110.343726,-7.738796,162.561166
            110.343844,-7.738404,163.209697
            110.343924,-7.738191,163.570014
            110.343991,-7.738012,163.87269
            110.344002,-7.737821,164.163199
            110.343775,-7.737253,165.079308
            110.343629,-7.736405,166.369312
            110.343696,-7.735909,167.116441
            110.343823,-7.73519,168.203563
            110.343777,-7.735005,168.487333
            110.343698,-7.734849,168.747284
            110.344012,-7.734916,169.221307
            110.344832,-7.735018,168.088262
            110.345427,-7.735131,167.113054
            110.346412,-7.735712,164.786637
            110.346533,-7.735775,164.472578
            110.347528,-7.736392,162.5381
            110.347984,-7.736673,163.406356
            110.348539,-7.736962,164.420102
            110.348747,-7.736987,164.758883
            110.349841,-7.736833,166.818806
            110.349877,-7.736828,166.889161
            110.350102,-7.73689,167.341145
            110.350265,-7.736564,168.051738
            110.350297,-7.736485,168.218002
            110.351037,-7.734133,172.320341
            110.351348,-7.733028,174.741534
            110.351455,-7.732753,175.338232
            110.351619,-7.732171,176.412638
            110.352072,-7.730711,179.29437
            110.352192,-7.730424,179.972616
            110.352278,-7.730304,180.293949
            110.352376,-7.730211,180.587507
            110.352523,-7.730134,180.947228
            110.352844,-7.730084,181.650212
            110.352919,-7.729883,182.118082
            110.353004,-7.729725,182.441906
            110.353151,-7.729383,182.953312
            110.353167,-7.72933,183.029419
            110.353252,-7.729089,183.380641
            110.353286,-7.728865,183.692275
            110.353268,-7.728804,183.77971
            110.353204,-7.728733,183.91068
            110.352712,-7.72853,184.637221
            110.352681,-7.728447,184.758978
            110.352691,-7.728343,184.849387
            110.352716,-7.728231,184.923562
            110.352867,-7.727926,185.143246
            110.352861,-7.727837,185.200926
            110.353091,-7.727269,185.596689
            110.353305,-7.727446,185.775306
            110.353323,-7.727552,185.844815
            110.353361,-7.72762,185.895079
            110.353665,-7.727775,186.288802
            110.35381,-7.727843,186.51212
            110.353922,-7.727895,186.6843
            110.354937,-7.725389,190.890413
            110.35508,-7.72505,191.513834
            110.355111,-7.725019,191.563421
            110.355108,-7.724938,191.624561
            110.355426,-7.724142,192.270334
            110.355267,-7.724068,192.401637
            110.35525,-7.724024,192.437177
            110.355277,-7.723963,192.487421
            110.355887,-7.723203,192.609398
            110.355735,-7.722859,192.351093
            110.355499,-7.722586,192.103835
            110.355347,-7.722444,191.961449
            110.355094,-7.722307,191.764936
            110.354879,-7.722222,191.76369
            110.354553,-7.722143,192.171515
            110.354506,-7.722118,192.236337
            110.355157,-7.719947,194.791847
            110.356858,-7.720601,196.615264
            110.356953,-7.720389,196.853439
            110.357564,-7.720645,197.584348
            110.357637,-7.720451,198.143579
            110.357777,-7.72007,199.238746
            110.358311,-7.718442,202.876398
            110.358336,-7.718346,202.969352
            110.358337,-7.718173,203.131553
            110.357706,-7.718171,203.717796
            110.357038,-7.718073,203.975594
            110.356439,-7.718073,203.861408
            110.356278,-7.718003,203.827893
            110.354844,-7.717401,203.692511
            110.354805,-7.717499,203.692511
            110.354606,-7.718015,203.692511
            110.354825,-7.718115,203.692511
            110.35521,-7.718289,203.692511
          </coordinates>
        </LineString>
      </Placemark>
    </Folder>
    <Folder>
      <name>DKAR DISCOVERY FINAL</name>
      <Placemark>
        <name>Medic 1 - KM 30</name>
        <description>MEDIC DKAR Discovery - kilometer 30</description>
        <styleUrl>#icon-503-DB4436</styleUrl>
        <Point>
          <coordinates>
            110.2740953,-7.6112736,281.4
          </coordinates>
        </Point>
      </Placemark>
      <Placemark>
        <name>Check Point - KM 40</name>
        <description>CHECK POINT DKAR Discovery - kilometer 40</description>
        <styleUrl>#icon-503-DB4436</styleUrl>
        <Point>
          <coordinates>
            110.2691763,-7.678673,170.7
          </coordinates>
        </Point>
      </Placemark>
      <Placemark>
        <name>Medic 2 - KM 60</name>
        <description>MEDIC DKAR Discovery - kilometer 60</description>
        <styleUrl>#icon-503-DB4436</styleUrl>
        <Point>
          <coordinates>
            110.2916722,-7.7370505,141.2
          </coordinates>
        </Point>
      </Placemark>
      <Placemark>
        <name>Start of DKAR DISCOVERY FINAL</name>
        <description><![CDATA[Tuesday, September 1, 2026, 2:25 PM WIB<br>Elevation: 666 feet]]></description>
        <styleUrl>#icon-61</styleUrl>
        <Point>
          <coordinates>
            110.355296,-7.718328,202.92298
          </coordinates>
        </Point>
      </Placemark>
      <Placemark>
        <name>End of DKAR DISCOVERY FINAL</name>
        <description><![CDATA[Tuesday, September 1, 2026, 6:22 PM WIB<br>Elevation: 668 feet]]></description>
        <styleUrl>#icon-123</styleUrl>
        <Point>
          <coordinates>
            110.355296,-7.718328,203.662045
          </coordinates>
        </Point>
      </Placemark>
      <Placemark>
        <name>DKAR DISCOVERY FINAL</name>
        <description><![CDATA[Statistics computed from imported data<br><br>Tuesday, September 1, 2026, 2:25 PM WIB<br>Distance: 45.5 miles<br>Duration: 3 hours, 56 minutes, and 56 seconds<br>Average Speed: 11.5 mph<br>Minimum Elevation: 307 feet<br>Maximum Elevation: 1106 feet<br>Total climb: 1103 feet<br>Total descent: 1099 feet]]></description>
        <styleUrl>#line-FFD600-5000</styleUrl>
        <LineString>
          <tessellate>1</tessellate>
          <coordinates>
            110.355296,-7.718328,202.92298
            110.354606,-7.718015,202.92298
            110.354391,-7.71854,202.491417
            110.354118,-7.719125,201.827959
            110.353662,-7.718905,201.310616
            110.353599,-7.71888,201.241392
            110.353323,-7.718774,200.759563
            110.352846,-7.718711,199.599964
            110.352382,-7.718663,198.475779
            110.352005,-7.71863,197.563778
            110.350792,-7.718509,195.103173
            110.350184,-7.718336,193.929953
            110.34937,-7.718032,193.526253
            110.349166,-7.717925,193.608541
            110.348898,-7.717747,193.723562
            110.348489,-7.717595,193.879292
            110.347786,-7.717441,194.558629
            110.347118,-7.717283,195.45986
            110.346841,-7.717225,195.831389
            110.346711,-7.717392,196.110697
            110.346711,-7.717422,196.150425
            110.346652,-7.718776,195.73476
            110.346549,-7.719732,195.038653
            110.346491,-7.720881,193.817906
            110.346512,-7.720926,193.765297
            110.346547,-7.720954,193.717998
            110.346783,-7.721149,193.165652
            110.346896,-7.721217,192.753788
            110.347007,-7.721252,192.390898
            110.34725,-7.721281,191.628395
            110.347379,-7.721305,191.219491
            110.347792,-7.721394,189.902775
            110.348153,-7.721472,188.751706
            110.348119,-7.721501,188.611949
            110.348191,-7.721844,187.617592
            110.348207,-7.722163,186.923763
            110.348235,-7.722364,186.482985
            110.348329,-7.722626,185.878935
            110.348394,-7.722991,185.073783
            110.348534,-7.723613,183.66834
            110.348678,-7.723623,183.332475
            110.348725,-7.723658,183.195683
            110.348876,-7.723941,182.444039
            110.349018,-7.724192,181.768402
            110.349476,-7.725167,179.341766
            110.349556,-7.725278,179.086782
            110.349857,-7.725618,178.241291
            110.350223,-7.72617,177.006605
            110.350574,-7.726561,176.226057
            110.350614,-7.726635,176.161502
            110.350614,-7.726742,176.079218
            110.350574,-7.726921,175.938232
            110.350172,-7.727615,175.322877
            110.350313,-7.727635,175.214337
            110.350474,-7.727816,175.028797
            110.35049,-7.727968,174.869746
            110.350478,-7.728184,174.604407
            110.350748,-7.72839,174.190239
            110.350775,-7.728441,174.119599
            110.350661,-7.728819,173.635697
            110.350742,-7.729283,173.058119
            110.35076,-7.729528,172.750289
            110.350778,-7.729772,172.342014
            110.350804,-7.729838,172.223779
            110.350968,-7.73005,171.778007
            110.350981,-7.730166,171.583235
            110.350958,-7.730208,171.503491
            110.350702,-7.73042,170.95179
            110.350271,-7.730871,169.915248
            110.350076,-7.731088,169.630191
            110.349585,-7.731511,169.18116
            110.349329,-7.731871,168.874428
            110.349255,-7.732102,168.705627
            110.34922,-7.732434,168.480671
            110.349222,-7.732637,168.361727
            110.349191,-7.732764,168.285172
            110.349127,-7.733021,168.130079
            110.349062,-7.733342,167.938256
            110.349049,-7.733454,167.872202
            110.349001,-7.733575,167.796028
            110.348951,-7.733663,167.736858
            110.348802,-7.733812,167.613959
            110.348656,-7.734077,167.580176
            110.348634,-7.733913,167.950186
            110.348574,-7.73379,168.255725
            110.348536,-7.733711,168.45145
            110.348483,-7.733646,168.638343
            110.348162,-7.733402,169.534923
            110.348078,-7.733267,169.889625
            110.348079,-7.733136,170.182613
            110.348204,-7.73285,170.879658
            110.348375,-7.732524,171.601613
            110.348422,-7.732276,171.900364
            110.348393,-7.731796,172.469675
            110.348392,-7.731245,173.12203
            110.34676,-7.730968,174.980457
            110.346399,-7.730852,175.399788
            110.346129,-7.730701,175.821856
            110.345494,-7.730526,177.041492
            110.34473,-7.730431,178.466327
            110.344393,-7.730409,179.029256
            110.344019,-7.730334,179.329522
            110.343863,-7.730296,179.455933
            110.343615,-7.730234,179.657198
            110.343397,-7.73018,179.83402
            110.343453,-7.729736,180.18935
            110.343524,-7.729559,180.340605
            110.343544,-7.72952,180.375345
            110.343696,-7.729152,180.249391
            110.341921,-7.728325,179.872569
            110.342169,-7.728269,180.019969
            110.342423,-7.72811,180.194071
            110.342876,-7.726843,181.660537
            110.34358,-7.724648,185.101979
            110.34293,-7.724438,185.935582
            110.342419,-7.724268,185.775181
            110.341855,-7.724108,185.557769
            110.341437,-7.724014,185.398921
            110.340911,-7.724149,185.24918
            110.340495,-7.724316,185.172721
            110.340347,-7.724333,185.14734
            110.340005,-7.724246,185.087192
            110.338681,-7.723909,185.06313
            110.338424,-7.723879,185.090088
            110.338376,-7.723916,185.096424
            110.338149,-7.724765,184.879785
            110.338214,-7.724915,184.560763
            110.338266,-7.725035,184.305544
            110.338282,-7.725146,184.086419
            110.338233,-7.725615,183.164969
            110.338232,-7.725843,182.719392
            110.338313,-7.726658,181.350794
            110.338059,-7.726593,181.061288
            110.337769,-7.72656,180.739145
            110.337646,-7.726537,180.601009
            110.337551,-7.726548,180.495455
            110.33654,-7.726905,179.717399
            110.336279,-7.727017,179.774533
            110.336045,-7.727058,179.822266
            110.335814,-7.727012,179.869596
            110.33541,-7.726849,179.957218
            110.335339,-7.726801,179.974483
            110.335063,-7.726668,180.001516
            110.334929,-7.726611,179.970095
            110.33495,-7.726541,179.954215
            110.334929,-7.726611,179.938336
            110.334445,-7.726477,179.830055
            110.333231,-7.726203,179.77307
            110.332854,-7.726083,179.958632
            110.333346,-7.724441,181.437125
            110.333398,-7.724255,181.738987
            110.333554,-7.723688,182.658147
            110.333612,-7.723456,183.031966
            110.33362,-7.72343,183.074478
            110.333924,-7.722293,186.43305
            110.334302,-7.721249,189.537982
            110.334319,-7.721202,189.652679
            110.334495,-7.720818,190.621546
            110.334783,-7.720294,191.992266
            110.334963,-7.719963,192.856035
            110.334984,-7.719924,192.905178
            110.335157,-7.719595,193.239866
            110.335306,-7.719322,193.519869
            110.335394,-7.719152,193.692237
            110.335615,-7.718716,194.13241
            110.335815,-7.71847,194.417405
            110.336388,-7.717885,194.813478
            110.336427,-7.717846,194.837497
            110.336566,-7.717704,194.924041
            110.336485,-7.716503,195.386756
            110.336461,-7.716442,195.404628
            110.336342,-7.716095,195.504667
            110.336094,-7.715315,195.727899
            110.336258,-7.714792,196.690721
            110.33628,-7.714704,196.906023
            110.336378,-7.714247,198.015551
            110.336487,-7.714012,198.629762
            110.336679,-7.713558,199.798783
            110.336722,-7.713454,200.059548
            110.336188,-7.713248,201.039303
            110.336364,-7.712811,201.851121
            110.336364,-7.712758,201.942565
            110.336333,-7.712726,202.0191
            110.33624,-7.712699,202.184792
            110.336064,-7.712647,202.498801
            110.335787,-7.712617,202.975225
            110.335723,-7.712592,203.092845
            110.335704,-7.71247,203.131535
            110.33577,-7.712268,203.096989
            110.335739,-7.711966,203.047599
            110.335694,-7.711908,203.035695
            110.335512,-7.7118,203.001492
            110.335365,-7.711756,202.976733
            110.335275,-7.71176,202.962207
            110.335146,-7.711828,202.938648
            110.334747,-7.71225,202.835854
            110.334452,-7.712764,202.650067
            110.334399,-7.712932,202.594764
            110.334331,-7.713147,202.523973
            110.334278,-7.713183,202.503967
            110.334202,-7.713188,202.480252
            110.334077,-7.713154,202.439894
            110.332584,-7.712646,201.981836
            110.332483,-7.713543,201.760665
            110.332457,-7.713578,201.756372
            110.332377,-7.713592,201.74842
            110.332098,-7.713517,201.720123
            110.331859,-7.713459,201.696036
            110.331447,-7.713385,201.65505
            110.331105,-7.713321,201.620981
            110.331035,-7.713551,201.642842
            110.330983,-7.713576,201.697989
            110.33054,-7.713454,202.136695
            110.330638,-7.713088,202.501296
            110.33065,-7.713045,202.544253
            110.330825,-7.712416,203.172488
            110.330981,-7.712028,203.717438
            110.331081,-7.71178,204.126759
            110.331198,-7.71143,204.691857
            110.331277,-7.711193,205.074402
            110.331366,-7.710929,205.501007
            110.331395,-7.710854,205.624106
            110.331529,-7.710364,206.232861
            110.331802,-7.709439,206.908663
            110.331983,-7.708846,207.343093
            110.331933,-7.708804,207.368718
            110.33103,-7.708057,207.750076
            110.330677,-7.707819,207.888497
            110.330802,-7.7073,208.411986
            110.331214,-7.705896,210.249494
            110.331272,-7.705697,210.538086
            110.33184,-7.703961,213.243674
            110.33206,-7.703213,214.792613
            110.33241,-7.702157,217.011649
            110.332786,-7.701135,219.20195
            110.332888,-7.700719,219.986977
            110.331716,-7.700389,221.300812
            110.331595,-7.700353,221.437045
            110.331234,-7.70019,221.863478
            110.33077,-7.699898,222.384491
            110.330526,-7.699744,222.658701
            110.330357,-7.699607,222.865666
            110.330109,-7.699356,223.201676
            110.330168,-7.699229,223.335409
            110.329437,-7.698964,223.80413
            110.3292,-7.698854,223.918455
            110.329445,-7.69842,224.137674
            110.329477,-7.698298,224.193242
            110.329527,-7.698091,224.287069
            110.329518,-7.698045,224.307725
            110.329101,-7.69778,224.419693
            110.32907,-7.697761,224.425034
            110.328437,-7.697386,224.533096
            110.327781,-7.696963,224.803811
            110.327722,-7.696927,224.920679
            110.327605,-7.696826,225.182402
            110.327828,-7.695982,226.667371
            110.327939,-7.695393,227.68722
            110.328039,-7.695101,227.773317
            110.329449,-7.695752,228.199084
            110.329482,-7.695749,228.225417
            110.329518,-7.695745,228.254204
            110.329552,-7.695715,228.29038
            110.329685,-7.695352,228.600056
            110.330214,-7.695457,229.028778
            110.330391,-7.695477,229.170344
            110.330464,-7.695458,229.230321
            110.330849,-7.694972,229.917198
            110.331146,-7.69487,230.558503
            110.331207,-7.694828,230.710047
            110.331501,-7.694527,231.572491
            110.331693,-7.694498,231.968739
            110.331891,-7.694366,232.455607
            110.331938,-7.694313,232.60087
            110.332057,-7.694019,233.253026
            110.332133,-7.693815,233.662108
            110.33212,-7.693718,233.843821
            110.331828,-7.693469,234.552751
            110.331365,-7.693157,235.583144
            110.331381,-7.693101,235.691226
            110.331525,-7.692499,236.886118
            110.331498,-7.692289,237.372732
            110.3315,-7.692076,237.862361
            110.331528,-7.691868,238.344711
            110.331632,-7.691566,239.078209
            110.331876,-7.690981,240.533251
            110.332546,-7.689236,245.241954
            110.332781,-7.688556,247.204176
            110.333073,-7.687617,249.897656
            110.332915,-7.687533,250.330554
            110.332717,-7.687464,250.625443
            110.332938,-7.686813,251.599226
            110.332968,-7.686726,251.729572
            110.333044,-7.68665,251.881269
            110.33313,-7.686329,252.352132
            110.333107,-7.68623,252.496161
            110.333064,-7.686182,252.587161
            110.332904,-7.686095,252.846198
            110.332805,-7.686089,253.002899
            110.332677,-7.686123,253.212264
            110.332388,-7.686056,253.681179
            110.332468,-7.685909,253.947439
            110.33262,-7.685445,254.725159
            110.33277,-7.685068,255.371212
            110.333769,-7.683098,260.460274
            110.334158,-7.682317,262.317604
            110.334265,-7.682175,262.695535
            110.334344,-7.682132,262.886015
            110.334476,-7.682113,263.167906
            110.334575,-7.682129,263.379892
            110.334832,-7.682254,263.910315
            110.33497,-7.682394,264.08589
            110.335434,-7.682561,264.524772
            110.335541,-7.682593,264.624138
            110.3356,-7.682596,264.676661
            110.336039,-7.682618,265.067453
            110.336477,-7.682729,265.469388
            110.336713,-7.682824,265.888326
            110.336866,-7.682929,266.194607
            110.336916,-7.682936,266.277711
            110.336981,-7.682912,266.391869
            110.33742,-7.68248,267.410031
            110.337625,-7.682292,267.869701
            110.337776,-7.68212,268.248308
            110.337992,-7.681817,268.7043
            110.338136,-7.681529,269.028495
            110.33816,-7.681465,269.097362
            110.338197,-7.681154,269.413222
            110.337333,-7.680942,270.260694
            110.336902,-7.680911,270.124325
            110.336356,-7.680837,269.95042
            110.336249,-7.680816,269.915998
            110.335779,-7.680706,269.7636
            110.334839,-7.68057,269.221879
            110.334626,-7.680504,269.078724
            110.333957,-7.680186,268.602774
            110.333623,-7.679976,268.648957
            110.333361,-7.679736,268.791438
            110.333094,-7.679455,268.946974
            110.332813,-7.679109,269.125952
            110.332668,-7.679071,269.185849
            110.332213,-7.677685,271.580018
            110.332216,-7.677298,272.283656
            110.332289,-7.676477,274.758331
            110.332432,-7.675884,276.73029
            110.332657,-7.675368,278.503606
            110.332866,-7.674967,279.640151
            110.333411,-7.673776,282.900511
            110.333517,-7.673616,283.108802
            110.333411,-7.673547,283.245575
            110.333049,-7.673318,283.70874
            110.332531,-7.673014,284.357997
            110.332158,-7.672758,284.842376
            110.33215,-7.67271,284.877206
            110.332033,-7.672547,285.020413
            110.331891,-7.672432,285.150524
            110.331712,-7.672198,285.360747
            110.331505,-7.672041,285.545689
            110.331538,-7.671837,285.6936
            110.331519,-7.671746,285.760128
            110.331232,-7.671645,285.976213
            110.3312,-7.671473,286.101426
            110.330939,-7.671323,286.411862
            110.330156,-7.671055,287.290161
            110.330491,-7.670693,287.815654
            110.330656,-7.670514,288.076074
            110.33071,-7.670354,288.262788
            110.330637,-7.670046,288.612927
            110.330201,-7.669721,289.211295
            110.329897,-7.669481,289.637581
            110.329743,-7.669372,289.845141
            110.32955,-7.669193,290.046557
            110.329245,-7.668955,290.094419
            110.328515,-7.668379,290.209466
            110.328427,-7.66834,290.221352
            110.326763,-7.667431,291.617396
            110.327448,-7.666125,293.976263
            110.327441,-7.66603,294.141287
            110.32739,-7.665946,294.31113
            110.326877,-7.665644,294.802844
            110.326055,-7.665206,294.341496
            110.325744,-7.66504,294.16688
            110.325591,-7.665299,294.031631
            110.325481,-7.665239,294.087268
            110.325357,-7.665171,294.150065
            110.324872,-7.664929,294.390677
            110.324078,-7.664449,294.802801
            110.324009,-7.664403,294.844897
            110.32376,-7.664238,295.042987
            110.323566,-7.66403,295.231999
            110.323399,-7.663983,295.346808
            110.323292,-7.663919,295.42946
            110.323111,-7.663765,295.587221
            110.322965,-7.663581,295.743421
            110.322952,-7.663536,295.774656
            110.323024,-7.663367,295.897069
            110.323025,-7.663287,295.950457
            110.32271,-7.662988,295.489804
            110.322485,-7.662805,294.994635
            110.322288,-7.662693,294.608267
            110.322006,-7.662584,294.093329
            110.321975,-7.662572,294.036711
            110.32162,-7.662435,293.388607
            110.321264,-7.662239,293.164578
            110.320801,-7.661926,294.028292
            110.321411,-7.661188,295.511749
            110.321839,-7.66067,296.592797
            110.322031,-7.660438,297.082277
            110.322431,-7.659965,298.08905
            110.322082,-7.659694,298.553089
            110.321849,-7.659541,298.146934
            110.32128,-7.659266,297.227022
            110.321139,-7.659198,296.999159
            110.320304,-7.658633,295.712114
            110.319222,-7.657595,294.330685
            110.319104,-7.657497,294.260314
            110.318735,-7.65719,294.040097
            110.318599,-7.657055,293.952114
            110.317651,-7.656198,294.271456
            110.3186,-7.655198,297.378467
            110.319279,-7.654481,298.71983
            110.318617,-7.653914,299.820939
            110.31798,-7.653231,300.840395
            110.319253,-7.651895,304.460824
            110.320456,-7.650649,309.995362
            110.321956,-7.649035,317.260993
            110.322131,-7.649105,317.840747
            110.322268,-7.649171,318.308713
            110.322396,-7.649231,318.743706
            110.322845,-7.649398,319.931535
            110.322972,-7.649466,320.273928
            110.323453,-7.649932,321.869409
            110.323516,-7.649992,322.076656
            110.324451,-7.649042,325.820602
            110.324471,-7.649078,325.947107
            110.324561,-7.649237,326.508307
            110.324677,-7.649201,326.879151
            110.324214,-7.647107,331.924624
            110.324063,-7.646448,332.938655
            110.323262,-7.643112,336.612726
            110.323071,-7.64219,337.367073
            110.321708,-7.642897,337.087581
            110.321632,-7.642937,337.01272
            110.320885,-7.641518,336.1815
            110.320807,-7.641334,336.152849
            110.320749,-7.64125,336.138237
            110.320313,-7.640947,336.062472
            110.3201,-7.6408,336.074858
            110.319797,-7.640527,336.306341
            110.319396,-7.640165,336.612964
            110.318758,-7.63965,337.051114
            110.318652,-7.639448,336.971868
            110.318529,-7.639126,336.852035
            110.318418,-7.638558,336.650672
            110.318242,-7.638447,336.57871
            110.317962,-7.638313,336.471452
            110.317543,-7.638138,335.442576
            110.317279,-7.637979,334.566304
            110.316976,-7.638276,333.357499
            110.31681,-7.638486,332.593998
            110.316756,-7.638555,332.344081
            110.316327,-7.639017,330.367684
            110.314807,-7.640449,323.300919
            110.312559,-7.639806,317.562556
            110.31208,-7.639715,316.643052
            110.311504,-7.639635,316.262304
            110.31128,-7.639525,316.344933
            110.310986,-7.639325,316.462796
            110.310496,-7.638862,316.686565
            110.309811,-7.638528,316.35743
            110.309648,-7.638451,316.228027
            110.309115,-7.638272,315.824721
            110.308827,-7.638238,315.616868
            110.308563,-7.638072,315.353648
            110.308217,-7.637804,314.840223
            110.307648,-7.637347,313.983936
            110.307381,-7.637694,313.469139
            110.306848,-7.637326,312.783923
            110.306727,-7.637202,312.604668
            110.306699,-7.637146,312.539724
            110.306528,-7.636855,312.189792
            110.306311,-7.636672,311.89635
            110.306106,-7.636533,311.64054
            110.305878,-7.636427,311.56292
            110.305824,-7.636431,311.629494
            110.305757,-7.6365,311.748282
            110.305458,-7.636279,312.20684
            110.305143,-7.636118,312.642569
            110.305241,-7.635761,313.101497
            110.305693,-7.635373,313.833951
            110.305725,-7.635285,313.947778
            110.306088,-7.634659,314.826383
            110.306068,-7.634595,314.907913
            110.305582,-7.634028,315.813243
            110.305159,-7.633628,316.173737
            110.304926,-7.63335,316.374676
            110.30416,-7.63239,316.785214
            110.3042,-7.632351,316.767418
            110.304027,-7.631935,316.623427
            110.303987,-7.6319,316.606503
            110.303705,-7.63187,316.516545
            110.303455,-7.63178,316.432181
            110.30311,-7.63133,316.1382
            110.302943,-7.631138,315.895878
            110.302893,-7.631082,315.824395
            110.302691,-7.630891,315.55989
            110.302645,-7.630818,315.477616
            110.302649,-7.630706,315.370487
            110.302624,-7.630659,315.319698
            110.302331,-7.630362,314.922626
            110.301797,-7.629894,314.175329
            110.301745,-7.629758,314.007028
            110.301507,-7.629323,313.434395
            110.301455,-7.628995,313.050177
            110.301383,-7.62819,311.768208
            110.30135,-7.628133,311.624976
            110.301232,-7.628071,311.336469
            110.301045,-7.628016,310.915099
            110.3005,-7.627906,309.71362
            110.299919,-7.627703,308.418784
            110.299706,-7.627548,307.94829
            110.29915,-7.627277,306.845086
            110.29877,-7.627169,306.141217
            110.298124,-7.627145,304.950924
            110.29803,-7.627106,304.750021
            110.297353,-7.626493,302.942205
            110.297151,-7.626289,302.373651
            110.296774,-7.62593,301.244856
            110.297017,-7.625282,299.560123
            110.296581,-7.6252,298.488192
            110.296037,-7.624985,296.927337
            110.295795,-7.624889,296.011482
            110.295426,-7.62474,294.611515
            110.294767,-7.624377,291.962533
            110.292491,-7.623518,286.333798
            110.291579,-7.623249,284.607712
            110.291212,-7.62301,283.811125
            110.290332,-7.622608,283.755372
            110.290136,-7.622496,283.774143
            110.289561,-7.622076,283.877267
            110.289306,-7.621919,284.473883
            110.288641,-7.621366,286.199085
            110.288684,-7.621296,286.363416
            110.288759,-7.620986,287.002638
            110.288755,-7.620876,287.223349
            110.288725,-7.620794,287.398249
            110.288736,-7.620634,287.612346
            110.288799,-7.620469,287.831164
            110.288921,-7.620275,288.114702
            110.288997,-7.619956,288.521245
            110.288948,-7.619888,288.62489
            110.288343,-7.619569,289.46735
            110.288299,-7.619515,289.553442
            110.288275,-7.619431,289.661726
            110.288437,-7.618517,291.553969
            110.288645,-7.617347,294.208936
            110.288829,-7.61589,298.278026
            110.288815,-7.61538,299.48472
            110.288791,-7.615212,299.883411
            110.288624,-7.614736,301.067579
            110.288556,-7.614071,302.589362
            110.288262,-7.614187,302.887456
            110.287977,-7.614181,303.155996
            110.28757,-7.614155,303.5402
            110.287263,-7.614037,303.850387
            110.28695,-7.613946,304.157667
            110.286723,-7.613804,304.235757
            110.286618,-7.613745,304.21227
            110.286051,-7.613523,304.093644
            110.285549,-7.613392,303.992632
            110.285243,-7.614339,303.418454
            110.284268,-7.613897,302.523278
            110.284216,-7.613794,302.426256
            110.284077,-7.612731,303.10222
            110.283969,-7.611434,303.907441
            110.283774,-7.610868,304.226595
            110.283913,-7.610701,304.342122
            110.283677,-7.610473,304.516432
            110.283679,-7.610471,304.517934
            110.28364,-7.610445,304.542794
            110.28361,-7.610435,304.559535
            110.283582,-7.610436,304.574354
            110.283556,-7.610448,304.554462
            110.283531,-7.610465,304.517896
            110.283368,-7.6106,304.261707
            110.283273,-7.610675,304.115226
            110.283249,-7.610689,304.081639
            110.283225,-7.610697,304.0511
            110.2832,-7.610694,304.020728
            110.283176,-7.61068,303.987141
            110.283151,-7.610659,303.947617
            110.283067,-7.610577,303.805421
            110.282954,-7.610459,303.607455
            110.282898,-7.610407,303.514906
            110.282832,-7.610359,303.416175
            110.282731,-7.610291,303.268915
            110.282634,-7.610236,303.134135
            110.28258,-7.610209,303.061189
            110.282534,-7.61018,302.995438
            110.282494,-7.610151,302.935666
            110.282457,-7.610116,302.87398
            110.282428,-7.610085,302.822538
            110.282415,-7.610075,302.802691
            110.282406,-7.610072,302.791239
            110.282395,-7.610072,302.777972
            110.282383,-7.610076,302.762703
            110.282369,-7.610084,302.743212
            110.282352,-7.6101,302.714938
            110.282337,-7.610116,302.688361
            110.282295,-7.610168,302.607308
            110.282283,-7.610185,302.582062
            110.282202,-7.610273,302.437114
            110.282136,-7.61034,302.308929
            110.282109,-7.610358,302.26135
            110.282082,-7.610366,302.220144
            110.282053,-7.610362,302.177331
            110.282025,-7.610347,302.130791
            110.282041,-7.610336,302.102319
            110.281804,-7.61001,301.509546
            110.281471,-7.609613,300.747908
            110.281406,-7.609604,300.651941
            110.280598,-7.609744,299.596873
            110.280512,-7.609735,299.534617
            110.280474,-7.609679,299.4856
            110.280418,-7.6094,299.278991
            110.280356,-7.609093,299.051592
            110.280295,-7.608964,298.948118
            110.28022,-7.608866,298.858779
            110.27997,-7.608618,298.60415
            110.27987,-7.608444,298.458707
            110.279824,-7.608451,298.410947
            110.279536,-7.608436,297.642747
            110.279166,-7.608461,296.654896
            110.278517,-7.60867,294.837214
            110.278018,-7.608856,293.406959
            110.277362,-7.60919,291.331088
            110.276992,-7.609435,290.078592
            110.276737,-7.609676,289.086829
            110.276606,-7.609845,288.48336
            110.27605,-7.611056,285.589229
            110.27584,-7.611558,284.493101
            110.275535,-7.612184,283.747779
            110.275497,-7.612262,283.654912
            110.275322,-7.61201,283.326917
            110.274945,-7.611783,282.858154
            110.274955,-7.611729,282.799291
            110.274945,-7.611783,282.740429
            110.274653,-7.611593,282.301203
            110.274529,-7.611513,282.105642
            110.27404,-7.611243,281.365776
            110.273437,-7.610951,280.478713
            110.272957,-7.610727,279.670443
            110.272882,-7.610716,279.547523
            110.272789,-7.610714,279.396708
            110.272458,-7.610827,278.829126
            110.27204,-7.611207,277.909556
            110.271888,-7.611393,277.518033
            110.271416,-7.612044,276.3494
            110.271311,-7.612218,276.060734
            110.27087,-7.613091,274.621284
            110.270472,-7.613858,272.597026
            110.270256,-7.614257,271.534299
            110.269587,-7.614788,269.509417
            110.269451,-7.614897,269.089703
            110.269187,-7.6153,267.926355
            110.268927,-7.615657,266.860345
            110.268922,-7.615665,266.83756
            110.268657,-7.616106,265.750579
            110.268665,-7.616141,265.687188
            110.268721,-7.616193,265.552837
            110.269224,-7.616431,264.576973
            110.268255,-7.617751,261.39472
            110.267867,-7.618169,260.160924
            110.267247,-7.618899,258.203665
            110.266785,-7.619388,256.916751
            110.266133,-7.62031,254.866654
            110.265458,-7.621303,252.862076
            110.265404,-7.621455,252.589563
            110.265404,-7.62152,252.470191
            110.265458,-7.621626,252.252115
            110.26453,-7.623454,248.381318
            110.262638,-7.627355,239.28989
            110.262424,-7.627862,238.117026
            110.262207,-7.628308,236.997347
            110.261335,-7.630384,231.77256
            110.26068,-7.631865,227.888888
            110.260286,-7.632635,225.799846
            110.260267,-7.632656,225.731595
            110.260042,-7.632908,225.180039
            110.259915,-7.633011,225.133013
            110.260042,-7.632908,225.085987
            110.260212,-7.633088,225.014699
            110.260465,-7.633197,224.935643
            110.260675,-7.633233,224.87457
            110.260951,-7.633352,224.788316
            110.261125,-7.633406,224.736065
            110.261298,-7.633402,224.664016
            110.261096,-7.633821,224.200654
            110.261022,-7.634096,223.916663
            110.260886,-7.634298,223.674348
            110.260773,-7.634564,223.386361
            110.260718,-7.634642,223.291408
            110.260667,-7.634694,223.219047
            110.260566,-7.634699,223.119036
            110.260482,-7.634747,223.023145
            110.260308,-7.635027,222.888367
            110.260233,-7.635209,222.876406
            110.260222,-7.635205,222.875699
            110.260211,-7.63524,222.873469
            110.260213,-7.635273,222.871457
            110.260228,-7.635302,222.869475
            110.260274,-7.635355,222.865221
            110.260292,-7.635382,222.863252
            110.260299,-7.635411,222.861438
            110.260295,-7.63544,222.859657
            110.260283,-7.635474,222.857466
            110.260231,-7.635588,222.849854
            110.260218,-7.635627,222.847355
            110.260217,-7.635665,222.845042
            110.260228,-7.635697,222.842985
            110.26025,-7.63572,222.841057
            110.260275,-7.635738,222.839194
            110.260348,-7.63578,222.834104
            110.260371,-7.635746,222.831613
            110.260829,-7.636052,222.798306
            110.261043,-7.63623,222.63873
            110.261362,-7.636561,222.214607
            110.261627,-7.636881,221.831023
            110.26194,-7.63726,221.377217
            110.260526,-7.639676,214.570151
            110.260563,-7.639787,214.357606
            110.260629,-7.640366,213.298192
            110.260735,-7.640634,212.774822
            110.261029,-7.640948,212.800681
            110.261112,-7.641004,212.855762
            110.26146,-7.641091,213.052647
            110.262935,-7.641308,213.465288
            110.263494,-7.641665,213.266187
            110.263692,-7.641749,213.201704
            110.264472,-7.641883,212.977237
            110.26511,-7.642028,212.805756
            110.266378,-7.642331,212.208984
            110.266574,-7.642413,212.040066
            110.26729,-7.642836,211.378234
            110.267103,-7.64345,210.266811
            110.266777,-7.644928,206.458835
            110.266665,-7.645653,204.123502
            110.266492,-7.646513,201.331331
            110.266368,-7.647429,199.798653
            110.266423,-7.647466,199.704267
            110.266535,-7.647491,199.541254
            110.266848,-7.647592,199.07386
            110.267285,-7.647837,198.385406
            110.267418,-7.647951,198.563033
            110.267626,-7.648257,198.939093
            110.267689,-7.648394,199.092547
            110.268004,-7.64865,199.50405
            110.268246,-7.648812,199.799049
            110.269201,-7.649451,200.142592
            110.269271,-7.64956,200.131091
            110.269266,-7.649789,200.110703
            110.269425,-7.650338,200.059862
            110.269562,-7.650576,199.983615
            110.269652,-7.65066,199.928918
            110.270166,-7.6509,199.677527
            110.270792,-7.65115,199.378917
            110.270765,-7.651367,199.28131
            110.270382,-7.652135,197.939137
            110.270263,-7.652427,197.409238
            110.270162,-7.652576,197.107198
            110.269936,-7.652755,196.62474
            110.269531,-7.653143,195.374332
            110.26918,-7.653544,193.960356
            110.268866,-7.653831,192.832776
            110.268298,-7.654225,191.017976
            110.267328,-7.654764,188.188418
            110.267002,-7.655013,187.141182
            110.266825,-7.65524,186.586659
            110.266566,-7.655644,185.90887
            110.266601,-7.655753,185.746894
            110.266677,-7.655814,185.609644
            110.266856,-7.655882,185.34061
            110.266912,-7.655937,185.229965
            110.266923,-7.656096,185.004286
            110.266736,-7.656474,184.408147
            110.266452,-7.656987,183.974044
            110.266401,-7.657133,183.881441
            110.266385,-7.657255,183.807703
            110.266431,-7.657385,183.725134
            110.266573,-7.657555,183.592857
            110.266716,-7.657654,183.48924
            110.266783,-7.657715,183.435197
            110.266916,-7.657847,183.323389
            110.26697,-7.657941,183.258557
            110.266981,-7.658014,183.214318
            110.266867,-7.65854,182.377102
            110.266795,-7.659008,181.59597
            110.266731,-7.659698,180.452659
            110.26674,-7.660056,180.139685
            110.266769,-7.660177,180.094694
            110.267918,-7.661634,180.299541
            110.268232,-7.662096,181.343968
            110.268796,-7.662985,183.265325
            110.269183,-7.66341,184.201896
            110.269544,-7.663793,185.059339
            110.269773,-7.664394,185.839593
            110.269941,-7.664635,185.750502
            110.270298,-7.665089,185.575441
            110.270566,-7.665465,185.435427
            110.27066,-7.665637,185.375934
            110.27012,-7.666568,183.781514
            110.269981,-7.666909,183.17322
            110.269832,-7.667151,182.704323
            110.268866,-7.668092,178.977423
            110.268173,-7.669031,175.390502
            110.267884,-7.6696,173.340782
            110.267602,-7.670242,171.110165
            110.267567,-7.670598,170.172421
            110.267435,-7.671136,168.72085
            110.267535,-7.672063,166.468752
            110.267703,-7.673626,166.005059
            110.267791,-7.673676,165.975403
            110.267839,-7.673753,166.054929
            110.267905,-7.673953,166.470633
            110.267598,-7.675099,168.813045
            110.267437,-7.675802,170.207633
            110.267431,-7.675884,170.3634
            110.267469,-7.675976,170.551745
            110.267594,-7.676168,170.984659
            110.267634,-7.676229,171.122492
            110.267822,-7.67641,171.614639
            110.2679,-7.676444,171.774636
            110.267922,-7.676453,171.819326
            110.268087,-7.676493,172.138273
            110.268371,-7.676547,172.681252
            110.269016,-7.676792,172.669362
            110.268721,-7.67782,172.181267
            110.268721,-7.677868,172.159346
            110.268743,-7.678247,171.700703
            110.269041,-7.678416,171.163761
            110.269125,-7.6785,170.97714
            110.269146,-7.678529,170.920813
            110.269164,-7.678561,170.863001
            110.269174,-7.678597,170.804079
            110.269178,-7.678637,170.740649
            110.269176,-7.678679,170.674299
            110.269171,-7.678724,170.602859
            110.269163,-7.678769,170.530754
            110.269153,-7.678812,170.461121
            110.269147,-7.678852,170.397307
            110.269141,-7.678922,170.286448
            110.269143,-7.678955,170.23428
            110.26915,-7.678988,170.181067
            110.26916,-7.679024,170.122145
            110.269214,-7.67921,169.816727
            110.26923,-7.679287,169.69267
            110.269239,-7.679354,169.58601
            110.269244,-7.679424,169.475273
            110.269247,-7.679498,169.358406
            110.269244,-7.679575,169.244986
            110.269234,-7.679652,169.159494
            110.269219,-7.679729,169.073136
            110.269185,-7.679879,168.90384
            110.269133,-7.680095,168.659305
            110.269081,-7.6803,168.426535
            110.269021,-7.680556,168.137124
            110.26898,-7.680741,167.928546
            110.268948,-7.680861,167.791866
            110.268927,-7.680921,167.721932
            110.268903,-7.68098,167.65188
            110.268876,-7.681038,167.581542
            110.26879,-7.681211,167.36917
            110.268697,-7.681373,167.126182
            110.268598,-7.681539,166.846652
            110.268491,-7.681709,166.5562
            110.268394,-7.681876,166.276865
            110.268359,-7.68193,166.183826
            110.268321,-7.681983,166.089575
            110.268237,-7.682085,165.898716
            110.268105,-7.682241,165.603583
            110.267975,-7.682401,165.305794
            110.267882,-7.682506,165.103261
            110.267836,-7.682561,164.999703
            110.267791,-7.682617,164.895926
            110.267662,-7.682787,164.568597
            110.267527,-7.682954,164.191667
            110.26734,-7.683168,163.693001
            110.267253,-7.683275,163.450945
            110.267215,-7.68333,163.333527
            110.267183,-7.683386,163.220164
            110.267156,-7.683443,163.109245
            110.267133,-7.683502,162.99783
            110.267127,-7.6835,162.986779
            110.267014,-7.683956,162.159664
            110.266807,-7.684912,160.220803
            110.266781,-7.685074,159.873388
            110.266759,-7.685347,159.293356
            110.26626,-7.688267,153.447095
            110.266251,-7.688482,153.209335
            110.266302,-7.688695,152.967455
            110.266361,-7.688929,152.700958
            110.266473,-7.689151,152.426719
            110.267094,-7.690069,152.059044
            110.267544,-7.690779,152.251144
            110.267555,-7.690794,152.255393
            110.267904,-7.691298,151.976791
            110.267883,-7.69134,151.924097
            110.267791,-7.691445,151.767771
            110.267762,-7.691478,151.718578
            110.267986,-7.69179,151.28812
            110.268128,-7.691949,151.049425
            110.26812,-7.691956,151.037536
            110.268193,-7.692034,150.917943
            110.268285,-7.692124,150.773924
            110.26832,-7.692153,150.723099
            110.268354,-7.692178,150.675934
            110.268385,-7.692198,150.634724
            110.26843,-7.692222,150.577793
            110.268443,-7.692231,150.560126
            110.268447,-7.692238,150.551083
            110.268448,-7.692243,150.545352
            110.268447,-7.692246,150.541801
            110.268443,-7.692247,150.537205
            110.268437,-7.692246,150.530427
            110.268428,-7.692242,150.519438
            110.268344,-7.692183,150.404736
            110.268308,-7.692155,150.353753
            110.26826,-7.692113,150.291078
            110.268219,-7.692072,150.25406
            110.268172,-7.692009,150.203815
            110.26816,-7.692,150.194251
            110.268153,-7.692,150.189802
            110.268147,-7.69201,150.182341
            110.268149,-7.692026,150.172001
            110.268158,-7.69205,150.155581
            110.268182,-7.692097,150.1218
            110.268206,-7.692136,150.092505
            110.268235,-7.692174,150.06195
            110.268269,-7.692211,150.029857
            110.268407,-7.692339,149.909731
            110.268449,-7.692383,149.870888
            110.268487,-7.692428,149.833257
            110.268496,-7.692417,149.824175
            110.268869,-7.692715,149.519678
            110.269507,-7.693522,149.025669
            110.270149,-7.694424,148.721113
            110.271016,-7.695564,148.011024
            110.273015,-7.698116,145.922333
            110.273166,-7.698134,145.823575
            110.273166,-7.698248,145.748877
            110.273109,-7.698577,145.530146
            110.273064,-7.698841,145.354709
            110.273074,-7.69889,145.321952
            110.273839,-7.699294,144.30901
            110.274326,-7.699553,143.63809
            110.274131,-7.700202,142.852856
            110.27411,-7.700337,142.713485
            110.274134,-7.700471,142.574623
            110.274144,-7.700563,142.480209
            110.274219,-7.700655,142.359534
            110.27432,-7.700781,142.195346
            110.274281,-7.701168,141.798513
            110.274532,-7.701262,141.527201
            110.274649,-7.7014,141.343295
            110.275573,-7.702207,139.563939
            110.275557,-7.702228,139.524518
            110.275321,-7.702532,138.949901
            110.274905,-7.702854,138.081341
            110.27477,-7.702959,137.769255
            110.274723,-7.702996,137.660097
            110.274236,-7.703495,136.386189
            110.274204,-7.703574,136.229974
            110.274248,-7.703644,136.078636
            110.274775,-7.703968,135.104794
            110.274952,-7.704056,134.934461
            110.274986,-7.70411,134.879214
            110.275,-7.704248,134.758828
            110.274209,-7.70591,133.170927
            110.272994,-7.708325,131.172135
            110.273877,-7.708722,131.750832
            110.274257,-7.708831,132.211663
            110.274139,-7.708875,132.35853
            110.274175,-7.708878,132.400614
            110.274254,-7.708877,132.492648
            110.274287,-7.70888,132.531251
            110.274315,-7.70889,132.565922
            110.274338,-7.708904,132.597365
            110.274366,-7.708927,132.639731
            110.274402,-7.708951,132.690274
            110.274437,-7.708984,132.746551
            110.27446,-7.709018,132.794668
            110.274478,-7.709057,132.845081
            110.274514,-7.709145,132.956703
            110.274581,-7.709319,133.221273
            110.274555,-7.709357,133.304258
            110.274583,-7.70971,133.944279
            110.274532,-7.709854,134.220125
            110.274462,-7.70996,134.449101
            110.273652,-7.711012,136.636416
            110.273246,-7.710973,137.067703
            110.272719,-7.710907,137.629347
            110.272662,-7.710892,137.691704
            110.272647,-7.710889,137.707883
            110.272328,-7.711847,138.738889
            110.272216,-7.712631,139.5105
            110.271658,-7.712555,140.049367
            110.271503,-7.713107,140.538658
            110.271414,-7.713244,140.677795
            110.27134,-7.713272,140.744826
            110.270846,-7.713299,141.163497
            110.2707,-7.713246,141.295075
            110.270468,-7.713205,141.494497
            110.270216,-7.713095,141.65457
            110.269952,-7.713016,141.792248
            110.269504,-7.712948,142.018516
            110.269459,-7.712913,142.047076
            110.269437,-7.712866,142.073177
            110.269446,-7.712472,142.271725
            110.269408,-7.712408,142.309136
            110.269327,-7.712356,142.357319
            110.269138,-7.712333,142.452384
            110.268584,-7.712324,142.870215
            110.26826,-7.712257,143.120852
            110.268153,-7.712281,143.203929
            110.267804,-7.71247,143.505102
            110.267437,-7.71273,143.830852
            110.267227,-7.712911,143.838671
            110.26715,-7.713006,143.842126
            110.266892,-7.712831,143.85091
            110.266642,-7.712709,143.85874
            110.266332,-7.712605,143.867935
            110.265213,-7.712277,142.068122
            110.264872,-7.712177,141.13842
            110.26466,-7.712138,140.574714
            110.264494,-7.712132,140.140447
            110.264463,-7.712002,139.788037
            110.264062,-7.711319,136.085515
            110.264052,-7.711255,135.721722
            110.264121,-7.711172,135.117648
            110.264685,-7.711063,131.918971
            110.26476,-7.711028,131.457503
            110.2648,-7.710966,131.044135
            110.264829,-7.710896,130.619074
            110.26483,-7.710826,130.225821
            110.264674,-7.709713,124.568668
            110.264642,-7.70962,124.087344
            110.264534,-7.709612,123.561616
            110.262914,-7.709764,117.250327
            110.261852,-7.709859,114.317205
            110.261235,-7.709705,113.775236
            110.260811,-7.709567,113.395095
            110.260116,-7.709397,112.909306
            110.259342,-7.709136,112.79595
            110.258528,-7.708901,112.608543
            110.257767,-7.708682,110.212903
            110.256486,-7.708361,105.718197
            110.256194,-7.70827,104.318703
            110.255971,-7.708239,103.289158
            110.25527,-7.708299,100.072234
            110.255208,-7.708332,99.750468
            110.254806,-7.708697,97.99983
            110.253372,-7.709865,94.199708
            110.252506,-7.71053,93.770064
            110.252336,-7.710638,93.690873
            110.250877,-7.71113,97.097136
            110.250716,-7.711142,97.488812
            110.250523,-7.711082,97.979514
            110.25027,-7.710957,98.792984
            110.250163,-7.710945,99.108216
            110.250096,-7.710966,99.313929
            110.248614,-7.711727,103.483994
            110.247449,-7.712294,104.040139
            110.246435,-7.712821,104.728398
            110.245026,-7.713524,105.976719
            110.244895,-7.713559,106.110565
            110.24396,-7.713683,107.041168
            110.242894,-7.713867,105.947461
            110.240177,-7.71431,101.200411
            110.239365,-7.714442,99.965857
            110.236937,-7.714838,96.298902
            110.236399,-7.714923,95.621132
            110.235682,-7.71504,94.818879
            110.234923,-7.715766,94.820107
            110.235258,-7.716063,96.009068
            110.235175,-7.717709,101.934992
            110.235169,-7.717815,102.487204
            110.235192,-7.717877,102.830788
            110.235298,-7.717918,103.417284
            110.23562,-7.717884,105.086349
            110.235734,-7.71789,105.674763
            110.235918,-7.71795,106.673174
            110.237031,-7.718434,111.929416
            110.237314,-7.718479,113.095296
            110.237855,-7.718414,115.312027
            110.237932,-7.71845,115.541246
            110.238182,-7.718741,115.594342
            110.238094,-7.718782,115.60773
            110.237592,-7.719185,115.696676
            110.2375,-7.719691,115.768109
            110.2374,-7.719941,115.67621
            110.237282,-7.720132,115.489166
            110.236901,-7.720545,115.021816
            110.236549,-7.720971,114.561964
            110.236095,-7.721455,114.307642
            110.235969,-7.72154,114.318132
            110.235768,-7.721633,114.333398
            110.234931,-7.722016,114.396842
            110.234844,-7.722082,114.404383
            110.234651,-7.722441,114.541157
            110.234384,-7.723065,114.811075
            110.234338,-7.723317,114.913061
            110.235143,-7.723585,115.372798
            110.235655,-7.723858,115.836243
            110.236259,-7.724235,116.405238
            110.236313,-7.724172,116.471728
            110.236638,-7.724423,116.703196
            110.236693,-7.724525,116.756541
            110.236924,-7.724637,116.87409
            110.237364,-7.72485,117.097926
            110.237168,-7.725169,117.270201
            110.23706,-7.725379,117.378922
            110.2368,-7.725666,117.196288
            110.23657,-7.726052,116.920009
            110.236181,-7.726697,116.456894
            110.236263,-7.726764,116.391985
            110.236337,-7.726825,116.333197
            110.236821,-7.727198,115.427474
            110.23726,-7.727542,114.543939
            110.237868,-7.728028,113.439248
            110.23796,-7.728104,113.456558
            110.239138,-7.729021,113.673039
            110.240475,-7.730054,114.830204
            110.240509,-7.73008,114.861321
            110.241233,-7.730629,115.402092
            110.241905,-7.731174,115.885215
            110.242568,-7.731678,116.302027
            110.244058,-7.732834,116.977744
            110.245015,-7.733599,117.175145
            110.245132,-7.733691,117.230271
            110.245185,-7.733728,117.254199
            110.245574,-7.734022,117.434763
            110.246972,-7.735139,118.215609
            110.247803,-7.733685,119.154124
            110.248379,-7.73264,119.892088
            110.250047,-7.729617,122.057528
            110.250205,-7.729325,122.271836
            110.251772,-7.730081,123.372771
            110.251782,-7.730086,123.37639
            110.251834,-7.730113,123.395357
            110.252177,-7.730288,123.52
            110.25273,-7.73052,123.714017
            110.253618,-7.730931,123.790339
            110.253958,-7.731082,123.664929
            110.255427,-7.731761,123.471796
            110.256414,-7.732248,123.81675
            110.257599,-7.730046,125.160159
            110.258569,-7.728194,126.605322
            110.258942,-7.727477,127.250232
            110.259954,-7.725486,129.20908
            110.260003,-7.725389,129.261118
            110.260088,-7.725399,129.301808
            110.261828,-7.725613,130.055045
            110.261867,-7.725618,130.065664
            110.262598,-7.725764,130.267017
            110.262703,-7.725796,130.29668
            110.263142,-7.725932,130.420876
            110.263677,-7.726096,130.596039
            110.263714,-7.726109,130.608556
            110.2646,-7.726409,130.907085
            110.264659,-7.726429,130.926967
            110.266042,-7.726776,131.792779
            110.266339,-7.72685,132.000819
            110.266673,-7.725567,133.674
            110.26693,-7.725651,134.071608
            110.26706,-7.72569,134.271172
            110.26768,-7.72589,134.910172
            110.26785,-7.725363,134.888739
            110.267871,-7.725318,134.886819
            110.267874,-7.725316,134.88668
            110.267922,-7.725286,134.884502
            110.268072,-7.725289,134.878742
            110.269041,-7.725491,134.668967
            110.268908,-7.725966,134.233952
            110.268835,-7.726224,133.997492
            110.269037,-7.72627,133.816244
            110.271049,-7.726872,132.419209
            110.271122,-7.726894,132.375413
            110.271167,-7.726907,132.348508
            110.272527,-7.72729,132.432937
            110.27263,-7.727318,132.45211
            110.273432,-7.72754,132.884507
            110.275378,-7.728132,135.125068
            110.276928,-7.728571,137.017449
            110.277224,-7.728664,137.407154
            110.277884,-7.72882,138.258689
            110.278273,-7.728941,138.77037
            110.278414,-7.728985,138.865758
            110.278981,-7.729144,138.725347
            110.279165,-7.729379,138.653823
            110.279408,-7.729798,138.537615
            110.279485,-7.729848,138.515678
            110.280134,-7.73011,138.430692
            110.281687,-7.730849,138.516688
            110.281848,-7.730889,138.590257
            110.282183,-7.730915,138.739195
            110.282749,-7.730927,138.990121
            110.283734,-7.731205,138.849203
            110.283862,-7.731277,138.768519
            110.283902,-7.731434,138.678941
            110.283734,-7.731957,138.375311
            110.283347,-7.732723,137.804227
            110.282666,-7.734275,136.831409
            110.28274,-7.734301,136.828831
            110.284499,-7.734941,137.007091
            110.284884,-7.735063,137.172056
            110.285395,-7.735183,137.386381
            110.285877,-7.735313,137.702999
            110.287061,-7.735487,139.048254
            110.287164,-7.735532,139.174769
            110.28733,-7.735699,139.440636
            110.287463,-7.735904,139.698911
            110.287594,-7.736012,139.867427
            110.287849,-7.736079,140.128304
            110.28811,-7.736148,140.395428
            110.288594,-7.736194,140.87624
            110.288863,-7.736212,141.142853
            110.289508,-7.736323,141.265576
            110.290278,-7.736549,141.089031
            110.290407,-7.736601,141.058415
            110.291136,-7.736893,141.02858
            110.292787,-7.737378,141.465308
            110.293576,-7.737698,141.985994
            110.294065,-7.737843,142.297737
            110.294311,-7.737988,142.435846
            110.294374,-7.738125,142.465556
            110.294448,-7.738191,142.485025
            110.29495,-7.738404,142.591808
            110.295317,-7.738567,142.670451
            110.295626,-7.738755,142.741354
            110.29578,-7.738805,142.773043
            110.296349,-7.738982,143.023607
            110.297072,-7.739189,143.340464
            110.297711,-7.739472,144.002066
            110.298097,-7.738849,145.482748
            110.298207,-7.738688,145.876547
            110.298463,-7.738315,146.790191
            110.298892,-7.737795,147.838853
            110.299126,-7.737478,148.378653
            110.301189,-7.734751,151.312864
            110.301969,-7.735075,151.797735
            110.302749,-7.7354,152.003132
            110.303529,-7.735724,152.069624
            110.304308,-7.736049,152.255922
            110.305008,-7.736256,152.511768
            110.305707,-7.736463,152.745746
            110.306407,-7.73667,152.818985
            110.306725,-7.736781,152.852787
            110.307079,-7.737019,152.895676
            110.307284,-7.737197,152.901424
            110.307295,-7.737207,152.894659
            110.307582,-7.73769,152.638327
            110.307742,-7.73829,152.354515
            110.307955,-7.739087,151.869117
            110.308211,-7.739489,151.453916
            110.308192,-7.739559,151.3906
            110.309042,-7.740295,150.627938
            110.309352,-7.740563,150.954138
            110.310537,-7.741307,151.999854
            110.310695,-7.741407,152.051194
            110.311301,-7.741672,152.232585
            110.311495,-7.741745,152.289412
            110.312465,-7.742108,152.014506
            110.313446,-7.742368,150.899548
            110.313699,-7.742413,150.617326
            110.313847,-7.742417,150.464567
            110.314479,-7.742349,150.25414
            110.315401,-7.742239,149.946746
            110.315479,-7.742231,149.920789
            110.316704,-7.742101,150.569802
            110.316855,-7.742113,150.668946
            110.316972,-7.742202,150.765482
            110.317067,-7.742181,150.829185
            110.317253,-7.742222,150.953894
            110.31737,-7.742323,151.055451
            110.317479,-7.742495,150.982789
            110.317645,-7.742964,150.803072
            110.317827,-7.743479,150.605763
            110.317912,-7.74363,150.543242
            110.318669,-7.744331,150.11848
            110.318821,-7.744477,150.025249
            110.318798,-7.744501,150.010539
            110.318699,-7.744596,149.949845
            110.318644,-7.744646,149.916973
            110.319696,-7.745631,149.827861
            110.319905,-7.745859,149.920793
            110.320035,-7.746088,150.000067
            110.320943,-7.748148,150.734437
            110.321089,-7.748314,150.722336
            110.321416,-7.748605,150.656379
            110.321601,-7.748723,150.623363
            110.321813,-7.748812,150.588812
            110.322165,-7.74894,150.532545
            110.322634,-7.749052,150.37275
            110.322899,-7.749099,150.118392
            110.32321,-7.749035,149.818281
            110.323479,-7.7489,149.533383
            110.323733,-7.748619,149.173679
            110.323737,-7.748611,149.165166
            110.323918,-7.748247,148.778237
            110.323941,-7.748155,148.82433
            110.323999,-7.747831,149.091361
            110.323984,-7.747498,149.36186
            110.324001,-7.747385,149.454573
            110.324242,-7.74699,149.829141
            110.324272,-7.746953,149.867657
            110.324524,-7.746801,150.10488
            110.32455,-7.746802,150.125802
            110.324783,-7.746846,150.310047
            110.324841,-7.746875,150.358734
            110.32526,-7.747307,150.8119
            110.32552,-7.747436,151.029813
            110.325923,-7.747552,151.344318
            110.326397,-7.747611,151.437005
            110.328609,-7.747645,149.450121
            110.329166,-7.747619,148.947417
            110.329302,-7.747595,148.822881
            110.329428,-7.74754,148.698756
            110.329707,-7.747322,148.378437
            110.330242,-7.746803,148.42122
            110.330569,-7.746485,148.491456
            110.330644,-7.746439,148.504978
            110.330756,-7.74642,148.522396
            110.330865,-7.74645,148.539738
            110.331014,-7.746619,148.574455
            110.331085,-7.746649,148.586288
            110.33127,-7.746593,148.659539
            110.331477,-7.746485,148.770679
            110.331625,-7.746437,148.844661
            110.332646,-7.746339,149.331982
            110.332671,-7.746335,149.344013
            110.332664,-7.746252,149.383946
            110.332652,-7.746123,149.446057
            110.332648,-7.746091,149.471013
            110.332726,-7.746075,149.598994
            110.332709,-7.746031,149.675391
            110.33272,-7.745929,149.841727
            110.332836,-7.745529,150.51658
            110.332877,-7.745317,150.866596
            110.332941,-7.744995,151.398753
            110.333632,-7.741656,155.655263
            110.333682,-7.741417,155.869855
            110.334108,-7.741847,156.364508
            110.334264,-7.742038,156.427472
            110.334663,-7.742713,156.627928
            110.33471,-7.74232,156.729339
            110.334761,-7.74225,156.751462
            110.335469,-7.741909,157.437332
            110.335728,-7.741455,158.03363
            110.335823,-7.741205,158.33907
            110.336449,-7.739353,161.246786
            110.336546,-7.739067,161.728274
            110.337029,-7.737804,163.056367
            110.338972,-7.738469,163.198682
            110.339132,-7.738642,163.150644
            110.33922,-7.738763,163.097374
            110.339294,-7.739032,162.99779
            110.339468,-7.739167,162.919577
            110.339843,-7.739214,162.785802
            110.340032,-7.739047,162.69618
            110.340099,-7.73896,162.657093
            110.340229,-7.738474,162.498976
            110.341128,-7.738588,162.361892
            110.342217,-7.738764,162.029341
            110.342493,-7.738828,161.830169
            110.342546,-7.73889,161.772552
            110.342552,-7.738938,161.738255
            110.342524,-7.739389,161.417842
            110.34247,-7.74026,160.894781
            110.342896,-7.740335,160.766138
            110.343214,-7.740473,160.662919
            110.343417,-7.740534,160.599848
            110.343727,-7.740188,160.461017
            110.343846,-7.740016,160.54865
            110.343945,-7.739797,160.879167
            110.344041,-7.739586,161.197955
            110.3437,-7.739448,161.700668
            110.343638,-7.7394,161.80805
            110.343619,-7.739253,162.012173
            110.343726,-7.738796,162.658336
            110.343844,-7.738404,163.225018
            110.343924,-7.738191,163.541247
            110.343991,-7.738012,163.806888
            110.344002,-7.737821,164.073079
            110.343775,-7.737253,164.923111
            110.343629,-7.736405,166.3529
            110.343696,-7.735909,167.276003
            110.343823,-7.73519,168.622464
            110.343777,-7.735005,168.684259
            110.343698,-7.734849,168.63432
            110.344012,-7.734916,168.543257
            110.344832,-7.735018,168.308952
            110.345427,-7.735131,167.523873
            110.346412,-7.735712,164.405018
            110.346533,-7.735775,164.033122
            110.347528,-7.736392,163.311622
            110.347984,-7.736673,163.336727
            110.348539,-7.736962,163.915631
            110.348747,-7.736987,164.401205
            110.349841,-7.736833,166.962012
            110.349877,-7.736828,167.046258
            110.350102,-7.73689,167.578439
            110.350265,-7.736564,168.134466
            110.350297,-7.736485,168.264566
            110.351037,-7.734133,172.400203
            110.351348,-7.733028,174.599968
            110.351455,-7.732753,175.190295
            110.351619,-7.732171,176.400589
            110.352072,-7.730711,179.37003
            110.352192,-7.730424,179.966892
            110.352278,-7.730304,180.249667
            110.352376,-7.730211,180.508001
            110.352523,-7.730134,180.825433
            110.352844,-7.730084,181.448767
            110.352919,-7.729883,181.863626
            110.353004,-7.729725,182.210243
            110.353151,-7.729383,182.929868
            110.353167,-7.72933,183.036962
            110.353252,-7.729089,183.531183
            110.353286,-7.728865,183.9697
            110.353268,-7.728804,184.092733
            110.353204,-7.728733,184.222866
            110.352712,-7.72853,184.597553
            110.352681,-7.728447,184.660344
            110.352691,-7.728343,184.734466
            110.352716,-7.728231,184.815849
            110.352867,-7.727926,185.056882
            110.352861,-7.727837,185.120168
            110.353091,-7.727269,185.594751
            110.353254,-7.727404,185.813603
            110.353305,-7.727446,185.881919
            110.353323,-7.727552,185.99367
            110.353361,-7.72762,186.074481
            110.353665,-7.727775,186.426687
            110.35381,-7.727843,186.591949
            110.353922,-7.727895,186.719369
            110.354937,-7.725389,190.806916
            110.35508,-7.72505,191.302382
            110.355111,-7.725019,191.361233
            110.355108,-7.724938,191.470533
            110.355426,-7.724142,192.624975
            110.355267,-7.724068,192.805228
            110.35525,-7.724024,192.785038
            110.355277,-7.723963,192.756494
            110.355887,-7.723203,192.34036
            110.355735,-7.722859,192.179434
            110.355499,-7.722586,192.06399
            110.355347,-7.722444,192.129508
            110.355094,-7.722307,192.219933
            110.354879,-7.722222,192.292534
            110.354553,-7.722143,192.397793
            110.354506,-7.722118,192.414523
            110.355157,-7.719947,195.083131
            110.356858,-7.720601,196.155998
            110.356953,-7.720389,196.406234
            110.357564,-7.720645,198.036536
            110.357637,-7.720451,198.550032
            110.357777,-7.72007,199.555635
            110.358105,-7.71907,201.800985
            110.358311,-7.718442,203.033651
            110.358336,-7.718346,203.218725
            110.358337,-7.718173,203.54167
            110.357706,-7.718171,203.986863
            110.357038,-7.718073,203.855688
            110.356439,-7.718073,203.73933
            110.356278,-7.718003,203.705178
            110.354895,-7.717423,203.669361
            110.354844,-7.717401,203.668109
            110.354805,-7.717499,203.665717
            110.354606,-7.718015,203.662045
            110.355296,-7.718328,203.662045
          </coordinates>
        </LineString>
      </Placemark>
    </Folder>
    <Folder>
      <name>DKAR EXPLORER FINAL</name>
      <Placemark>
        <name>Medic 1 - KM 40</name>
        <description>MEDIC DKAR Explorer - kilometer 40</description>
        <styleUrl>#icon-503-DB4436</styleUrl>
        <Point>
          <coordinates>
            110.4192336,-7.6750034,373.1
          </coordinates>
        </Point>
      </Placemark>
      <Placemark>
        <name>Check Point 1 - KM 60</name>
        <description>CHECK POINT DKAR Explorer - kilometer 60</description>
        <styleUrl>#icon-503-DB4436</styleUrl>
        <Point>
          <coordinates>
            110.5289109,-7.7314429,173
          </coordinates>
        </Point>
      </Placemark>
      <Placemark>
        <name>Medic 2 - KM 80</name>
        <description>MEDIC DKAR Explorer - kilometer 80</description>
        <styleUrl>#icon-503-DB4436</styleUrl>
        <Point>
          <coordinates>
            110.4578627,-7.8118583,91.9
          </coordinates>
        </Point>
      </Placemark>
      <Placemark>
        <name>Medic 3 - KM 120</name>
        <description>MEDIC DKAR Explorer - kilometer 120</description>
        <styleUrl>#icon-503-DB4436</styleUrl>
        <Point>
          <coordinates>
            110.2172043,-7.8867331,24.3
          </coordinates>
        </Point>
      </Placemark>
      <Placemark>
        <name>Check Point 2 - KM 120</name>
        <description>CHECK POINT DKAR Explorer - kilometer 120</description>
        <styleUrl>#icon-503-DB4436</styleUrl>
        <Point>
          <coordinates>
            110.2172043,-7.8867331,24.3
          </coordinates>
        </Point>
      </Placemark>
      <Placemark>
        <name>Start of DKAR EXPLORER FINAL</name>
        <description><![CDATA[Tuesday, September 1, 2026, 3:04 PM WIB<br>Elevation: 666 feet]]></description>
        <styleUrl>#icon-61</styleUrl>
        <Point>
          <coordinates>
            110.355193,-7.718281,202.89602
          </coordinates>
        </Point>
      </Placemark>
      <Placemark>
        <name>End of DKAR EXPLORER FINAL</name>
        <description><![CDATA[Wednesday, September 2, 2026, 12:02 AM WIB<br>Elevation: 668 feet]]></description>
        <styleUrl>#icon-123</styleUrl>
        <Point>
          <coordinates>
            110.354844,-7.717401,203.727119
          </coordinates>
        </Point>
      </Placemark>
      <Placemark>
        <name>DKAR EXPLORER FINAL</name>
        <description><![CDATA[Statistics computed from imported data<br><br>Tuesday, September 1, 2026, 3:04 PM WIB<br>Distance: 103.4 miles<br>Duration: 8 hours, 58 minutes, and 2 seconds<br>Average Speed: 11.5 mph<br>Minimum Elevation: 77 feet<br>Maximum Elevation: 1721 feet<br>Total climb: 2495 feet<br>Total descent: 2490 feet]]></description>
        <styleUrl>#line-0288D1-5000</styleUrl>
        <LineString>
          <tessellate>1</tessellate>
          <coordinates>
            110.355193,-7.718281,202.89602
            110.354606,-7.718015,202.89602
            110.354391,-7.71854,202.549619
            110.354118,-7.719125,201.822089
            110.353662,-7.718905,201.254784
            110.353599,-7.71888,201.178874
            110.353323,-7.718774,200.826186
            110.352846,-7.718711,199.64071
            110.352382,-7.718663,198.491439
            110.352005,-7.71863,197.559086
            110.350792,-7.718509,195.102047
            110.350184,-7.718336,194.006747
            110.34937,-7.718032,193.465856
            110.349166,-7.717925,193.579981
            110.348898,-7.717747,193.739502
            110.348489,-7.717595,193.955483
            110.347786,-7.717441,194.553701
            110.347118,-7.717283,195.399187
            110.346841,-7.717225,195.747736
            110.346711,-7.717392,196.009767
            110.346711,-7.717422,196.047038
            110.346652,-7.718776,195.754827
            110.346549,-7.719732,195.053767
            110.346491,-7.720881,193.718072
            110.346512,-7.720926,193.660509
            110.346547,-7.720954,193.608757
            110.346783,-7.721149,193.255231
            110.346896,-7.721217,192.844385
            110.347007,-7.721252,192.478318
            110.34725,-7.721281,191.709141
            110.347379,-7.721305,191.296658
            110.347768,-7.721389,190.045486
            110.348153,-7.721472,188.807271
            110.348119,-7.721501,188.666291
            110.348128,-7.721542,188.533224
            110.348191,-7.721844,187.555216
            110.348207,-7.722163,186.870789
            110.348235,-7.722364,186.437403
            110.348329,-7.722626,185.843484
            110.348394,-7.722991,185.051836
            110.348534,-7.723613,183.68901
            110.348678,-7.723623,183.351844
            110.348725,-7.723658,183.214522
            110.348876,-7.723941,182.459967
            110.349018,-7.724192,181.781713
            110.349476,-7.725167,179.299246
            110.349556,-7.725278,179.0543
            110.349857,-7.725618,178.242096
            110.350223,-7.72617,177.056018
            110.350574,-7.726561,176.186703
            110.350614,-7.726635,176.123793
            110.350614,-7.726742,176.043606
            110.350574,-7.726921,175.906212
            110.350172,-7.727615,175.306536
            110.350313,-7.727635,175.200762
            110.350474,-7.727816,175.019948
            110.35049,-7.727968,174.90542
            110.350478,-7.728184,174.639788
            110.350748,-7.72839,174.207236
            110.350775,-7.728441,174.13346
            110.350661,-7.728819,173.628078
            110.350742,-7.729283,173.024861
            110.350778,-7.729772,172.345079
            110.350804,-7.729838,172.229407
            110.350968,-7.73005,171.793299
            110.350981,-7.730162,171.609239
            110.350981,-7.730166,171.602708
            110.350958,-7.730208,171.524693
            110.350702,-7.73042,170.984951
            110.350271,-7.730871,169.97088
            110.350076,-7.731088,169.584432
            110.349585,-7.731511,169.140236
            110.349329,-7.731871,168.836807
            110.349255,-7.732102,168.669824
            110.34922,-7.732434,168.439835
            110.349222,-7.732637,168.336962
            110.349191,-7.732764,168.277377
            110.349127,-7.733021,168.156664
            110.349062,-7.733342,168.007363
            110.349049,-7.733454,167.955951
            110.349001,-7.733575,167.896662
            110.348951,-7.733663,167.850609
            110.348802,-7.733812,167.754953
            110.348656,-7.734077,167.617271
            110.34864,-7.73396,167.719125
            110.348634,-7.733913,167.828222
            110.348536,-7.733711,168.344363
            110.348483,-7.733646,168.536802
            110.348162,-7.733402,169.459993
            110.348078,-7.733267,169.825223
            110.348079,-7.733136,170.126907
            110.348204,-7.73285,170.844641
            110.348375,-7.732524,171.690729
            110.348422,-7.732276,171.987663
            110.348393,-7.731796,172.512977
            110.348392,-7.731245,173.114916
            110.34676,-7.730968,175.010124
            110.346399,-7.730852,175.455819
            110.346129,-7.730701,175.819925
            110.345494,-7.730526,177.021684
            110.34473,-7.730431,178.430792
            110.344393,-7.730409,179.048849
            110.344019,-7.730334,179.375525
            110.343863,-7.730296,179.486676
            110.343397,-7.73018,179.819124
            110.343453,-7.729736,180.131561
            110.343524,-7.729559,180.264557
            110.343544,-7.72952,180.295104
            110.343696,-7.729152,180.290378
            110.341921,-7.728325,179.811154
            110.342169,-7.728269,179.988286
            110.342423,-7.72811,180.197507
            110.342876,-7.726843,181.647153
            110.34358,-7.724648,185.066677
            110.34293,-7.724438,185.826772
            110.342419,-7.724268,185.815221
            110.341855,-7.724108,185.573601
            110.341437,-7.724014,185.397066
            110.340911,-7.724149,185.223287
            110.340739,-7.724218,185.21111
            110.340495,-7.724316,185.193832
            110.340347,-7.724333,185.184054
            110.338681,-7.723909,185.09927
            110.338424,-7.723879,185.093522
            110.338376,-7.723916,185.092171
            110.338149,-7.724765,184.996626
            110.338214,-7.724915,184.664416
            110.338266,-7.725035,184.398648
            110.338282,-7.725146,184.170465
            110.338233,-7.725615,183.210926
            110.338232,-7.725843,182.746931
            110.338313,-7.726658,181.253015
            110.338231,-7.726637,181.170875
            110.338059,-7.726593,180.998593
            110.337769,-7.72656,180.715491
            110.337646,-7.726537,180.594096
            110.337551,-7.726548,180.501334
            110.33654,-7.726905,179.689412
            110.336279,-7.727017,179.742212
            110.336045,-7.727058,179.786326
            110.335814,-7.727012,179.830066
            110.33541,-7.726849,179.911044
            110.335339,-7.726801,179.927
            110.335063,-7.726668,179.983974
            110.334929,-7.726611,179.965528
            110.334445,-7.726477,179.860951
            110.333231,-7.726203,179.641873
            110.332952,-7.726114,179.82475
            110.332854,-7.726083,179.888936
            110.333346,-7.724441,181.37211
            110.333554,-7.723688,182.755482
            110.333612,-7.723456,183.179005
            110.33362,-7.72343,183.22717
            110.333924,-7.722293,186.370415
            110.334319,-7.721202,189.842877
            110.334495,-7.720818,190.685986
            110.334783,-7.720294,191.878788
            110.334963,-7.719963,192.630441
            110.334984,-7.719924,192.718809
            110.335157,-7.719595,193.289584
            110.335306,-7.719322,193.556884
            110.335394,-7.719152,193.721431
            110.335615,-7.718716,194.141633
            110.335815,-7.71847,194.413697
            110.336427,-7.717846,194.862819
            110.336566,-7.717704,194.920454
            110.336485,-7.716503,195.302326
            110.336461,-7.716442,195.337139
            110.336342,-7.716095,195.53201
            110.336094,-7.715315,195.966851
            110.336258,-7.714792,196.510218
            110.33628,-7.714704,196.736251
            110.336378,-7.714247,197.90108
            110.336487,-7.714012,198.545905
            110.336679,-7.713558,199.773192
            110.336722,-7.713454,200.053404
            110.336229,-7.713264,201.076043
            110.336188,-7.713248,201.139815
            110.336364,-7.712811,201.826987
            110.336364,-7.712758,201.904391
            110.336333,-7.712726,201.969175
            110.33624,-7.712699,202.109427
            110.336064,-7.712647,202.375223
            110.335787,-7.712617,202.778497
            110.335723,-7.712592,202.878057
            110.335704,-7.71247,203.058343
            110.33577,-7.712268,203.284848
            110.335739,-7.711966,203.179456
            110.335694,-7.711908,203.154055
            110.335512,-7.7118,203.08107
            110.335365,-7.711756,203.028238
            110.335275,-7.71176,202.997242
            110.335146,-7.711828,202.946971
            110.334747,-7.71225,202.746195
            110.334452,-7.712764,202.594429
            110.334331,-7.713147,202.510125
            110.334278,-7.713183,202.49675
            110.334202,-7.713188,202.480895
            110.334077,-7.713154,202.453913
            110.332584,-7.712646,201.98835
            110.332483,-7.713543,201.648899
            110.332457,-7.713578,201.632554
            110.332377,-7.713592,201.625962
            110.332098,-7.713517,201.646647
            110.331859,-7.713459,201.664255
            110.331447,-7.713385,201.694216
            110.331105,-7.713321,201.719121
            110.331035,-7.713551,201.736468
            110.330983,-7.713576,201.740604
            110.33054,-7.713454,202.076931
            110.33065,-7.713045,202.539281
            110.330825,-7.712416,203.251979
            110.330981,-7.712028,203.708195
            110.331081,-7.71178,204.096354
            110.331198,-7.71143,204.636235
            110.331366,-7.710929,205.409275
            110.331395,-7.710854,205.526881
            110.331529,-7.710364,206.270252
            110.331489,-7.710357,206.329191
            110.331529,-7.710364,206.365091
            110.331802,-7.709439,206.914566
            110.331983,-7.708846,207.267788
            110.331913,-7.708788,207.31934
            110.33103,-7.708057,207.793677
            110.330677,-7.707819,207.96348
            110.330802,-7.7073,208.352787
            110.331272,-7.705697,210.502757
            110.33184,-7.703961,213.187592
            110.33206,-7.703213,214.781653
            110.33241,-7.702157,217.035384
            110.332786,-7.701135,219.143172
            110.332888,-7.700719,219.972688
            110.331716,-7.700389,221.31251
            110.331595,-7.700353,221.442611
            110.331234,-7.70019,221.851143
            110.33077,-7.699898,222.382113
            110.330526,-7.699744,222.653359
            110.330357,-7.699607,222.858085
            110.330109,-7.699356,223.190462
            110.330168,-7.699229,223.322749
            110.329437,-7.698964,223.843319
            110.3292,-7.698854,223.930895
            110.329445,-7.69842,224.098822
            110.329477,-7.698298,224.141387
            110.329527,-7.698091,224.213262
            110.329518,-7.698045,224.229084
            110.329101,-7.69778,224.386468
            110.32907,-7.697761,224.396969
            110.328437,-7.697386,224.609434
            110.327781,-7.696963,224.83491
            110.327722,-7.696927,224.854871
            110.327605,-7.696826,225.101495
            110.327828,-7.695982,226.570701
            110.327939,-7.695393,227.579723
            110.328039,-7.695101,227.905643
            110.329449,-7.695752,228.141177
            110.329518,-7.695745,228.151679
            110.329552,-7.695715,228.158573
            110.329685,-7.695352,228.526242
            110.330214,-7.695457,229.05494
            110.330391,-7.695477,229.229517
            110.330464,-7.695458,229.303481
            110.330849,-7.694972,229.914474
            110.331146,-7.69487,230.52977
            110.331207,-7.694828,230.681672
            110.331501,-7.694527,231.54615
            110.331693,-7.694498,231.943334
            110.331891,-7.694366,232.431351
            110.331938,-7.694313,232.576956
            110.332057,-7.694019,233.23065
            110.332084,-7.693947,233.38916
            110.332133,-7.693815,233.676781
            110.33212,-7.693718,233.8597
            110.331828,-7.693469,234.573335
            110.331365,-7.693157,235.610567
            110.331381,-7.693101,235.719366
            110.331525,-7.692499,236.875903
            110.331498,-7.692289,237.335881
            110.3315,-7.692076,237.833288
            110.331528,-7.691868,238.323301
            110.331632,-7.691566,239.06845
            110.331876,-7.690981,240.546606
            110.332546,-7.689236,245.27889
            110.332781,-7.688556,247.179932
            110.333073,-7.687617,249.810278
            110.332915,-7.687533,250.285948
            110.332717,-7.687464,250.746138
            110.332938,-7.686813,251.650651
            110.332968,-7.686726,251.771726
            110.333044,-7.68665,251.912632
            110.33313,-7.686329,252.35
            110.333107,-7.68623,252.483784
            110.333064,-7.686182,252.568311
            110.332904,-7.686095,252.806487
            110.332805,-7.686089,252.935929
            110.332677,-7.686123,253.134428
            110.332388,-7.686056,253.634688
            110.332468,-7.685909,253.918745
            110.33262,-7.685445,254.74845
            110.33277,-7.685068,255.437688
            110.333769,-7.683098,260.527842
            110.334158,-7.682317,262.274856
            110.334265,-7.682175,262.63034
            110.334344,-7.682132,262.809506
            110.334476,-7.682113,263.074654
            110.334575,-7.682129,263.27405
            110.334832,-7.682254,263.843136
            110.33497,-7.682394,264.14788
            110.335434,-7.682561,264.579696
            110.335541,-7.682593,264.677462
            110.3356,-7.682596,264.729139
            110.336039,-7.682618,265.113639
            110.336477,-7.682729,265.509102
            110.336713,-7.682824,265.794621
            110.336866,-7.682929,266.113322
            110.336916,-7.682936,266.199797
            110.336981,-7.682912,266.318583
            110.33742,-7.68248,267.378034
            110.337625,-7.682292,267.856345
            110.337776,-7.68212,268.250305
            110.337992,-7.681817,268.831113
            110.338136,-7.681529,269.100126
            110.33816,-7.681465,269.157271
            110.338197,-7.681154,269.419368
            110.337333,-7.680942,270.157652
            110.336902,-7.680911,270.171069
            110.336356,-7.680837,269.960439
            110.336249,-7.680816,269.918748
            110.335779,-7.680706,269.734168
            110.334839,-7.68057,269.241838
            110.334626,-7.680504,269.105298
            110.333957,-7.680186,268.65134
            110.333623,-7.679976,268.536107
            110.333361,-7.679736,268.734159
            110.333094,-7.679455,268.950358
            110.332813,-7.679109,269.199141
            110.332668,-7.679071,269.282399
            110.332213,-7.677685,271.634858
            110.332216,-7.677298,272.392623
            110.332289,-7.676477,274.686072
            110.332432,-7.675884,276.690191
            110.332657,-7.675368,278.537912
            110.332866,-7.674967,279.712596
            110.333411,-7.673776,282.808785
            110.333517,-7.673616,283.211681
            110.333411,-7.673547,283.335853
            110.333049,-7.673318,283.756346
            110.332531,-7.673014,284.345787
            110.332158,-7.672758,284.790026
            110.33215,-7.67271,284.83809
            110.332033,-7.672547,285.014186
            110.331891,-7.672432,285.147179
            110.331712,-7.672198,285.36206
            110.331505,-7.672041,285.5511
            110.331538,-7.671837,285.702289
            110.331519,-7.671746,285.770291
            110.331232,-7.671645,285.991164
            110.3312,-7.671473,286.119152
            110.330939,-7.671323,286.374632
            110.330156,-7.671055,287.294347
            110.330491,-7.670693,287.84462
            110.330656,-7.670514,288.116229
            110.33071,-7.670354,288.303253
            110.330637,-7.670046,288.624806
            110.330201,-7.669721,289.17432
            110.329897,-7.669481,289.565802
            110.329743,-7.669372,289.756415
            110.32955,-7.669193,290.022663
            110.329245,-7.668955,290.14432
            110.328515,-7.668379,290.245278
            110.328427,-7.66834,290.255708
            110.326763,-7.667431,291.73339
            110.327448,-7.666125,293.832144
            110.327441,-7.66603,293.982357
            110.32739,-7.665946,294.136955
            110.326877,-7.665644,294.939496
            110.325744,-7.66504,294.227384
            110.325591,-7.665299,294.059762
            110.325357,-7.665171,294.028878
            110.324872,-7.664929,294.344345
            110.324078,-7.664449,294.884682
            110.324009,-7.664403,294.932994
            110.32376,-7.664238,295.092222
            110.323566,-7.66403,295.228922
            110.323399,-7.663983,295.311957
            110.323292,-7.663919,295.371734
            110.323111,-7.663765,295.485834
            110.322965,-7.663581,295.598803
            110.322952,-7.663536,295.621394
            110.323024,-7.663367,295.709928
            110.323025,-7.663287,295.74854
            110.32271,-7.662988,295.65706
            110.322485,-7.662805,295.161323
            110.322288,-7.662693,294.774512
            110.322006,-7.662584,294.258983
            110.321975,-7.662572,294.2023
            110.32162,-7.662435,293.553452
            110.321264,-7.662239,292.859847
            110.320801,-7.661926,293.786562
            110.321411,-7.661188,295.592951
            110.322031,-7.660438,297.042381
            110.322431,-7.659965,297.84165
            110.322082,-7.659694,298.410716
            110.321849,-7.659541,298.26112
            110.32128,-7.659266,297.308718
            110.321139,-7.659198,297.072806
            110.320304,-7.658633,295.655789
            110.319222,-7.657595,294.320853
            110.319104,-7.657497,294.191899
            110.318735,-7.65719,294.035298
            110.318599,-7.657055,293.972732
            110.317766,-7.656302,293.607077
            110.317651,-7.656198,293.988644
            110.3186,-7.655198,297.383616
            110.319279,-7.654481,298.779432
            110.318617,-7.653914,299.662342
            110.31798,-7.653231,300.814067
            110.319253,-7.651895,304.450584
            110.320456,-7.650649,309.932471
            110.321956,-7.649035,316.946412
            110.321523,-7.648764,318.393503
            110.321356,-7.648685,318.916401
            110.321161,-7.648593,319.484495
            110.321,-7.648437,320.067737
            110.320727,-7.648028,321.349452
            110.321288,-7.647591,323.197777
            110.321432,-7.647472,323.683445
            110.322772,-7.646473,329.642107
            110.322974,-7.646323,330.405861
            110.323125,-7.646212,330.820506
            110.3238,-7.645797,332.572436
            110.323824,-7.645789,332.628283
            110.324124,-7.645694,333.322902
            110.324148,-7.645797,333.558145
            110.324432,-7.647131,335.351372
            110.324477,-7.647162,335.409852
            110.32454,-7.647166,335.477217
            110.324752,-7.646972,335.785123
            110.324856,-7.646933,335.903779
            110.325277,-7.646495,337.089741
            110.326061,-7.645647,339.867274
            110.326101,-7.645603,340.010298
            110.326401,-7.64527,340.920496
            110.325952,-7.644898,341.941841
            110.325486,-7.644554,342.955923
            110.325404,-7.644472,343.159221
            110.325404,-7.644402,343.282484
            110.325562,-7.64398,344.325108
            110.325729,-7.64366,345.320492
            110.325892,-7.643273,346.479147
            110.325972,-7.64301,347.238087
            110.326088,-7.643016,347.556165
            110.326481,-7.643285,348.881306
            110.326573,-7.643282,349.150197
            110.326839,-7.642988,350.314076
            110.326874,-7.64297,350.429261
            110.326985,-7.642984,350.756123
            110.327022,-7.64296,350.885295
            110.327197,-7.64276,351.665549
            110.327403,-7.642605,352.421069
            110.327459,-7.642594,352.587835
            110.327529,-7.642567,352.807255
            110.327604,-7.642511,353.081555
            110.327723,-7.642287,353.827681
            110.327887,-7.642067,354.670634
            110.327999,-7.642022,355.041502
            110.328148,-7.642072,355.524243
            110.328212,-7.642069,355.720863
            110.328401,-7.641856,356.59912
            110.32846,-7.641833,356.793678
            110.328787,-7.641996,357.916927
            110.328867,-7.642,358.16274
            110.328989,-7.641966,358.551646
            110.329234,-7.641561,360.14786
            110.329329,-7.641393,360.892699
            110.329329,-7.641338,361.105415
            110.32928,-7.641217,361.609677
            110.329294,-7.641098,362.073035
            110.329424,-7.640811,363.289752
            110.329535,-7.640696,363.905268
            110.329611,-7.640659,364.229841
            110.329692,-7.640655,364.540718
            110.329882,-7.64078,365.414879
            110.329965,-7.64077,365.735379
            110.330101,-7.640617,366.507178
            110.33022,-7.640437,367.187688
            110.330515,-7.640049,368.723997
            110.330565,-7.640022,368.902455
            110.330647,-7.640018,369.159767
            110.330844,-7.640087,369.814617
            110.330905,-7.640087,370.005801
            110.330997,-7.640042,370.327346
            110.331308,-7.63957,372.110005
            110.331394,-7.639479,372.388014
            110.331748,-7.639481,373.162276
            110.33191,-7.639517,373.52539
            110.332345,-7.639447,374.489256
            110.332693,-7.639454,375.250538
            110.33294,-7.639481,375.794038
            110.333033,-7.639532,376.026502
            110.333526,-7.639988,377.864732
            110.333869,-7.639697,379.106217
            110.334384,-7.639239,381.008796
            110.334447,-7.639221,381.187814
            110.334513,-7.639233,381.370207
            110.334632,-7.639365,381.855675
            110.335583,-7.638574,385.230298
            110.335208,-7.638163,386.97422
            110.335196,-7.638063,387.334241
            110.335455,-7.637732,388.831728
            110.33856,-7.634133,406.057678
            110.338429,-7.634014,406.55729
            110.338389,-7.63393,406.820782
            110.338315,-7.633694,407.521836
            110.338299,-7.633568,407.882084
            110.338318,-7.633483,408.129053
            110.338358,-7.633372,408.463412
            110.339051,-7.632434,411.875544
            110.339325,-7.632253,412.910829
            110.339558,-7.632184,413.675401
            110.339711,-7.632187,414.156541
            110.339886,-7.632235,414.727436
            110.339946,-7.632227,414.91778
            110.340277,-7.631848,416.505386
            110.340771,-7.631469,417.693322
            110.341315,-7.631917,419.038281
            110.341679,-7.632261,420.000056
            110.341758,-7.632307,420.196419
            110.342528,-7.631017,423.437367
            110.343229,-7.631239,424.503781
            110.343571,-7.631403,424.963456
            110.343769,-7.631498,425.229612
            110.344385,-7.631838,426.130571
            110.344483,-7.631921,426.450856
            110.344758,-7.63227,427.560946
            110.345585,-7.631609,430.200632
            110.346479,-7.630717,433.252913
            110.347072,-7.631094,434.90678
            110.347367,-7.631242,435.107349
            110.347608,-7.631317,435.260579
            110.348482,-7.631579,435.814473
            110.348923,-7.631772,436.004344
            110.349603,-7.632271,436.043293
            110.350356,-7.63301,435.6021
            110.350492,-7.633126,435.289526
            110.351294,-7.633827,433.426702
            110.349017,-7.635951,424.370317
            110.349055,-7.635934,424.285245
            110.349151,-7.635947,424.087538
            110.349956,-7.636488,423.058368
            110.350589,-7.636882,423.788815
            110.350868,-7.637018,424.09265
            110.35132,-7.637297,424.524664
            110.352017,-7.637722,424.544861
            110.353277,-7.638104,424.391293
            110.353499,-7.638178,424.291789
            110.353834,-7.638296,424.140748
            110.355206,-7.638776,423.981813
            110.356708,-7.639312,424.0185
            110.356834,-7.639392,423.912739
            110.356967,-7.639538,423.772466
            110.35739,-7.64047,423.043693
            110.357566,-7.640811,423.333677
            110.357679,-7.640923,423.45975
            110.357738,-7.640949,423.510689
            110.35784,-7.64094,423.591475
            110.358512,-7.64074,424.145001
            110.3599,-7.640113,426.38781
            110.360569,-7.639845,427.61274
            110.361043,-7.639695,428.09768
            110.361334,-7.639644,428.385691
            110.36174,-7.639645,428.781383
            110.362845,-7.63984,429.976604
            110.363185,-7.639578,430.478834
            110.363394,-7.639379,430.816806
            110.363684,-7.639105,431.284034
            110.363766,-7.639063,431.391673
            110.363956,-7.639021,431.627253
            110.364051,-7.639035,431.745976
            110.364823,-7.639343,432.774675
            110.365636,-7.639724,434.065351
            110.366126,-7.639921,435.41897
            110.36635,-7.639869,436.007906
            110.366752,-7.639663,437.166393
            110.366826,-7.639511,437.602295
            110.367514,-7.639916,439.963829
            110.36779,-7.639972,440.860601
            110.367967,-7.640036,441.460342
            110.368511,-7.640403,443.555062
            110.368921,-7.640678,444.992666
            110.369371,-7.64108,446.65165
            110.369464,-7.641207,447.085225
            110.369563,-7.641299,447.456858
            110.370096,-7.641741,449.227449
            110.370181,-7.641821,449.377633
            110.370435,-7.642049,449.816697
            110.370802,-7.642256,450.357718
            110.371705,-7.6426,451.819533
            110.371776,-7.642425,452.399852
            110.371961,-7.641971,453.906283
            110.371991,-7.641896,454.154507
            110.372037,-7.641786,454.52086
            110.372162,-7.641489,455.510949
            110.37248,-7.640748,458.56136
            110.372563,-7.640556,459.565532
            110.372784,-7.640059,462.176555
            110.373217,-7.63981,464.561798
            110.373322,-7.639721,465.220097
            110.373449,-7.639559,465.976781
            110.373721,-7.638967,467.886421
            110.374055,-7.638627,469.279509
            110.374282,-7.638486,470.058984
            110.374642,-7.638363,470.883429
            110.37496,-7.63829,470.835833
            110.375166,-7.638238,470.804837
            110.375496,-7.638074,470.75101
            110.37572,-7.637963,470.714493
            110.376171,-7.637659,470.634966
            110.376289,-7.637607,470.621273
            110.3766,-7.637575,470.590129
            110.377034,-7.637671,470.545835
            110.378814,-7.638272,470.674215
            110.379969,-7.638589,471.066022
            110.380338,-7.638667,471.281967
            110.380866,-7.638838,471.59989
            110.381053,-7.638928,471.71887
            110.381209,-7.639041,471.829459
            110.381646,-7.639537,471.996094
            110.381783,-7.639657,472.022854
            110.382082,-7.639805,472.07177
            110.382243,-7.639815,472.095381
            110.38243,-7.639825,472.12279
            110.382722,-7.639795,472.165757
            110.382934,-7.639807,472.13872
            110.383218,-7.639905,471.882853
            110.383473,-7.64004,471.636874
            110.383967,-7.640468,471.078602
            110.383694,-7.640795,470.714244
            110.384516,-7.641163,470.56904
            110.385279,-7.641016,470.49774
            110.385429,-7.641052,470.483582
            110.385755,-7.641191,470.676143
            110.386116,-7.641405,470.962486
            110.386195,-7.641478,471.03601
            110.386388,-7.641752,471.265523
            110.386561,-7.641942,471.441301
            110.386675,-7.642019,471.535211
            110.386929,-7.642113,471.738844
            110.387118,-7.642166,472.255235
            110.387407,-7.641572,474.004495
            110.387403,-7.641498,474.201068
            110.387323,-7.641451,474.445564
            110.387371,-7.641296,474.875646
            110.387609,-7.641353,475.519364
            110.387744,-7.641348,475.874531
            110.387791,-7.641311,476.032331
            110.387876,-7.641053,476.869621
            110.387833,-7.641003,477.120183
            110.387606,-7.640894,478.07363
            110.388074,-7.640854,479.849214
            110.388147,-7.640821,480.152497
            110.388186,-7.64077,480.396555
            110.388766,-7.639622,485.382642
            110.38898,-7.638991,488.038166
            110.389253,-7.639049,489.142047
            110.389517,-7.639206,490.359303
            110.389621,-7.639266,490.749816
            110.389999,-7.639391,491.900526
            110.390279,-7.638517,494.572277
            110.390472,-7.63793,495.848283
            110.391011,-7.638263,496.114982
            110.391709,-7.63875,496.473414
            110.391858,-7.638879,496.562037
            110.39197,-7.639039,496.657568
            110.392154,-7.63937,496.842958
            110.392291,-7.63954,496.94969
            110.392341,-7.639592,496.984928
            110.392594,-7.639732,497.125812
            110.39261,-7.639738,497.13413
            110.392913,-7.639825,497.287508
            110.392983,-7.639806,497.322796
            110.393013,-7.639767,497.346854
            110.393097,-7.639616,497.676338
            110.393236,-7.639197,499.802594
            110.39338,-7.638884,501.460934
            110.393776,-7.638163,505.418279
            110.395013,-7.636469,516.528784
            110.3956,-7.635618,520.265069
            110.39639,-7.635999,522.866627
            110.396451,-7.636021,522.962268
            110.396494,-7.636004,523.030477
            110.396527,-7.635963,523.108443
            110.396639,-7.635655,523.595131
            110.396689,-7.635629,523.678323
            110.396828,-7.635689,523.901701
            110.397314,-7.635983,524.740599
            110.397549,-7.63571,525.040738
            110.397789,-7.635481,524.570864
            110.398053,-7.635776,524.009723
            110.398134,-7.635995,523.677795
            110.398049,-7.636404,523.083548
            110.397908,-7.63691,522.224874
            110.397897,-7.636949,522.142382
            110.398102,-7.63706,521.67075
            110.39853,-7.637418,520.540016
            110.39916,-7.63796,518.805501
            110.39936,-7.638076,518.027125
            110.399869,-7.638292,516.167266
            110.399353,-7.639904,509.430446
            110.398293,-7.643783,491.230329
            110.398737,-7.643962,489.418978
            110.398922,-7.644002,488.703431
            110.399065,-7.643987,488.831298
            110.399419,-7.643713,489.328025
            110.39986,-7.643565,489.842931
            110.400081,-7.64341,490.142341
            110.400152,-7.643407,490.220931
            110.400263,-7.643491,490.375379
            110.400617,-7.64372,491.035478
            110.400733,-7.643678,491.340036
            110.401033,-7.643417,492.324462
            110.401087,-7.643396,492.467516
            110.401547,-7.643416,493.603012
            110.403169,-7.643761,494.016268
            110.402756,-7.644667,492.12032
            110.402331,-7.645599,487.243207
            110.402805,-7.645796,484.814017
            110.40159,-7.649283,468.95465
            110.402186,-7.649548,467.868114
            110.402616,-7.649683,467.117855
            110.40324,-7.649812,466.057598
            110.40261,-7.651662,462.686076
            110.403648,-7.652205,464.464089
            110.404514,-7.652507,464.689251
            110.404948,-7.652692,464.02183
            110.405361,-7.652778,463.425642
            110.405138,-7.653734,459.713165
            110.404887,-7.655428,448.98929
            110.404989,-7.655475,448.351277
            110.405117,-7.655615,447.270052
            110.405259,-7.655898,445.461233
            110.404966,-7.657035,439.158967
            110.404903,-7.657243,438.159888
            110.404828,-7.657536,436.769254
            110.404772,-7.657773,435.649447
            110.404783,-7.657918,434.980498
            110.404818,-7.657985,434.633407
            110.404898,-7.65811,433.952425
            110.404882,-7.658362,432.790816
            110.404334,-7.659864,427.708684
            110.404416,-7.659871,427.452559
            110.405005,-7.659955,426.323466
            110.405045,-7.659959,426.26628
            110.405157,-7.659971,426.10604
            110.40533,-7.65999,425.858455
            110.40555,-7.660015,425.543471
            110.405866,-7.660094,425.079905
            110.406624,-7.66059,424.157537
            110.406763,-7.660654,424.082771
            110.407852,-7.661054,423.516234
            110.407942,-7.661086,423.469592
            110.408591,-7.66136,422.844415
            110.408834,-7.66144,422.616161
            110.409019,-7.661506,422.440888
            110.409213,-7.661579,422.255907
            110.410347,-7.661961,421.073185
            110.410832,-7.662088,420.547954
            110.410991,-7.662145,420.370921
            110.411423,-7.662299,419.882451
            110.412848,-7.66293,418.024851
            110.413155,-7.663124,417.498457
            110.41385,-7.663454,416.145072
            110.413907,-7.663477,416.036992
            110.414357,-7.663655,415.186099
            110.414845,-7.663927,413.845453
            110.414692,-7.664612,411.483477
            110.414656,-7.664887,410.549891
            110.414642,-7.664992,410.193321
            110.414382,-7.666139,405.69352
            110.41427,-7.666726,403.210173
            110.414189,-7.667073,401.72963
            110.414046,-7.667689,399.765043
            110.414017,-7.667813,399.414373
            110.41396,-7.668065,398.702895
            110.413661,-7.669377,395.717226
            110.413621,-7.669552,395.541966
            110.41381,-7.669572,395.357974
            110.414695,-7.669627,394.499609
            110.41544,-7.669671,393.759726
            110.416153,-7.669751,393.044195
            110.416116,-7.669942,392.848505
            110.416067,-7.670188,392.596208
            110.416035,-7.670592,392.179623
            110.417493,-7.670609,390.686255
            110.417485,-7.670694,390.437082
            110.417447,-7.671136,389.142305
            110.417377,-7.672316,385.692195
            110.417359,-7.672625,384.715328
            110.41728,-7.673559,381.671837
            110.417262,-7.673771,380.981005
            110.417245,-7.67415,379.749114
            110.41723,-7.674346,379.235343
            110.417199,-7.674762,378.224718
            110.417303,-7.674767,377.974711
            110.417769,-7.67479,376.854418
            110.418131,-7.674799,375.984951
            110.41916,-7.674834,373.510198
            110.419243,-7.675025,373.005605
            110.419278,-7.675203,372.565581
            110.419294,-7.67567,371.431798
            110.419361,-7.676017,370.671716
            110.419349,-7.676235,370.310875
            110.419427,-7.676587,369.715235
            110.419303,-7.677029,368.956998
            110.421401,-7.677189,367.942397
            110.422584,-7.677051,368.248389
            110.423149,-7.676939,368.452572
            110.423447,-7.676996,368.560123
            110.423921,-7.677123,368.871283
            110.424044,-7.677197,368.972247
            110.424524,-7.677223,369.309553
            110.424897,-7.677167,369.574262
            110.42525,-7.677072,369.830923
            110.426162,-7.67695,370.720735
            110.426324,-7.676935,370.880657
            110.426615,-7.676913,371.167511
            110.426961,-7.676889,371.508425
            110.427345,-7.676895,371.751941
            110.428024,-7.676767,372.043017
            110.428704,-7.676639,372.334507
            110.429383,-7.676511,372.012568
            110.430062,-7.676383,371.452955
            110.430255,-7.676279,371.275085
            110.430227,-7.676969,370.030062
            110.430181,-7.677309,368.939431
            110.429866,-7.679103,363.80383
            110.429804,-7.679666,362.56976
            110.430312,-7.679669,361.47273
            110.430734,-7.679671,361.356938
            110.430967,-7.679671,361.389414
            110.431201,-7.679664,361.422045
            110.431277,-7.679643,361.433042
            110.431364,-7.679579,361.448144
            110.431488,-7.679428,361.475526
            110.431528,-7.679292,361.49545
            110.431588,-7.679217,361.508911
            110.431625,-7.679179,361.516338
            110.431777,-7.679028,361.546336
            110.431801,-7.679008,361.550707
            110.432016,-7.678828,361.362691
            110.432155,-7.678805,361.224391
            110.433488,-7.678938,359.9096
            110.434071,-7.678987,359.965875
            110.434306,-7.679006,360.062206
            110.434518,-7.679167,360.171328
            110.434721,-7.679183,360.254528
            110.435081,-7.679171,360.401693
            110.435545,-7.67908,360.761482
            110.436419,-7.678826,361.983906
            110.436572,-7.678769,362.203283
            110.43672,-7.67868,362.435627
            110.436745,-7.678606,362.541312
            110.436676,-7.678396,362.840409
            110.436608,-7.678156,363.085023
            110.436556,-7.67786,363.320007
            110.436534,-7.677563,363.552915
            110.436558,-7.677491,363.612219
            110.436657,-7.677385,363.725183
            110.436755,-7.677387,363.801158
            110.437327,-7.6774,364.244625
            110.437489,-7.677414,364.367713
            110.437658,-7.677381,364.435755
            110.437753,-7.677332,364.478061
            110.437917,-7.677193,364.563305
            110.438432,-7.67711,364.769414
            110.438768,-7.676948,364.917016
            110.439014,-7.676777,365.035713
            110.43935,-7.676485,364.952057
            110.439504,-7.676292,364.854846
            110.439635,-7.676082,364.757304
            110.439831,-7.675897,364.651325
            110.439914,-7.675879,364.618058
            110.439892,-7.676042,364.553086
            110.440021,-7.676939,362.728907
            110.440048,-7.677387,361.073162
            110.440226,-7.678748,357.35603
            110.441279,-7.678713,356.509275
            110.441815,-7.67869,356.20916
            110.442091,-7.678696,356.133755
            110.442241,-7.678722,356.092162
            110.442427,-7.678782,356.038735
            110.443298,-7.679196,355.76037
            110.444012,-7.679564,355.011235
            110.444234,-7.679711,354.762704
            110.444935,-7.679989,354.018279
            110.445508,-7.680159,352.729077
            110.446339,-7.680308,350.908859
            110.446277,-7.681048,348.929767
            110.446216,-7.681788,346.651128
            110.446154,-7.682528,344.503526
            110.446151,-7.682574,344.426705
            110.447642,-7.682662,341.959851
            110.4479,-7.682702,341.501469
            110.448479,-7.682825,340.324966
            110.448559,-7.682842,340.162407
            110.448664,-7.682864,339.949179
            110.448665,-7.683877,337.835435
            110.448748,-7.684685,335.227966
            110.448732,-7.684861,334.660634
            110.448646,-7.685004,334.126182
            110.448618,-7.685112,333.768189
            110.448598,-7.685335,333.049431
            110.448612,-7.685436,332.722129
            110.448676,-7.68559,332.186619
            110.448708,-7.685961,330.980943
            110.448722,-7.686583,328.966412
            110.448808,-7.687221,326.882223
            110.448933,-7.687747,325.300872
            110.448933,-7.687822,325.088889
            110.448895,-7.687884,324.883857
            110.448802,-7.687901,324.618967
            110.448604,-7.687894,324.064009
            110.448563,-7.687931,323.908685
            110.44865,-7.687993,323.608529
            110.448927,-7.688339,322.360178
            110.44886,-7.688371,322.15185
            110.448832,-7.688438,321.94688
            110.448897,-7.688604,321.443604
            110.448897,-7.688606,321.437952
            110.448868,-7.688878,320.955346
            110.448918,-7.689003,320.731004
            110.448916,-7.689266,320.292194
            110.449635,-7.689245,319.102863
            110.449668,-7.689244,319.048274
            110.450657,-7.689185,317.511625
            110.451627,-7.689137,316.075165
            110.451663,-7.689157,316.014124
            110.451723,-7.689394,315.604842
            110.451731,-7.689572,315.035348
            110.451895,-7.690626,311.626702
            110.452207,-7.692579,305.258745
            110.452386,-7.693709,302.075831
            110.452427,-7.694108,301.038513
            110.452468,-7.694444,300.163146
            110.452532,-7.69497,299.175498
            110.452909,-7.694997,298.746825
            110.453356,-7.695034,298.238114
            110.454097,-7.695155,297.379409
            110.454357,-7.695255,296.998726
            110.454508,-7.695288,296.787663
            110.455102,-7.695327,295.975094
            110.455241,-7.695332,295.785239
            110.45562,-7.695356,295.26686
            110.455932,-7.695368,294.784074
            110.45661,-7.695415,293.345263
            110.45702,-7.695389,292.475532
            110.457063,-7.695808,291.575845
            110.457091,-7.696159,290.688495
            110.457123,-7.696556,289.423102
            110.457151,-7.697025,287.930358
            110.457162,-7.697159,287.503198
            110.457198,-7.697554,286.243069
            110.457295,-7.698632,282.120023
            110.457298,-7.698686,281.902646
            110.457309,-7.698905,281.021304
            110.457318,-7.699026,280.533636
            110.457321,-7.699135,280.095356
            110.457331,-7.69935,279.230265
            110.457343,-7.699584,278.288508
            110.457378,-7.7002,275.957662
            110.457423,-7.700976,273.031735
            110.457533,-7.701303,271.73421
            110.457785,-7.701829,269.374826
            110.458097,-7.702602,265.956128
            110.458468,-7.703415,263.022565
            110.459782,-7.706552,255.744228
            110.460072,-7.707178,254.231908
            110.460313,-7.707769,252.832401
            110.460649,-7.708517,251.062556
            110.461027,-7.709438,248.928796
            110.461095,-7.709457,248.778543
            110.461216,-7.709432,248.515682
            110.462815,-7.708831,246.933352
            110.463358,-7.708621,246.838718
            110.463677,-7.708465,246.875082
            110.464002,-7.708176,246.91972
            110.464197,-7.70805,246.943517
            110.464735,-7.70778,247.120861
            110.4658,-7.707297,247.804214
            110.465847,-7.707274,247.834797
            110.4661,-7.707167,247.995291
            110.468091,-7.706255,248.744166
            110.468711,-7.705865,248.10844
            110.469303,-7.706751,246.647655
            110.469737,-7.707351,244.653998
            110.469969,-7.707548,243.83635
            110.470191,-7.707696,243.120294
            110.470275,-7.7079,242.513016
            110.470336,-7.708144,241.674331
            110.470854,-7.708727,239.08271
            110.471008,-7.708874,238.375759
            110.471318,-7.708989,237.28137
            110.471939,-7.709094,235.820784
            110.472283,-7.709239,235.143006
            110.472489,-7.709422,234.641405
            110.472813,-7.709849,233.663943
            110.47315,-7.710367,232.561854
            110.473379,-7.710703,231.845314
            110.473502,-7.710883,231.461139
            110.473613,-7.711028,231.139498
            110.473706,-7.711113,230.917933
            110.474129,-7.711354,230.083197
            110.47424,-7.71146,229.936031
            110.474377,-7.711547,229.780689
            110.474444,-7.71132,229.552838
            110.474581,-7.71108,229.287196
            110.474652,-7.710921,229.11969
            110.474718,-7.710689,228.887472
            110.474783,-7.710467,228.664779
            110.474876,-7.710113,228.436418
            110.474861,-7.709926,228.618954
            110.474826,-7.709722,228.820305
            110.474842,-7.70958,228.959338
            110.475086,-7.709034,229.540392
            110.475172,-7.7089,229.694917
            110.475275,-7.708821,229.82051
            110.475397,-7.708902,229.962113
            110.475537,-7.708947,230.104033
            110.475642,-7.70895,230.104455
            110.475973,-7.708852,230.023046
            110.476668,-7.708647,229.852164
            110.477618,-7.70831,229.195241
            110.478091,-7.708194,228.494616
            110.478468,-7.708005,227.887124
            110.478516,-7.707995,227.816598
            110.478693,-7.707967,227.558874
            110.479418,-7.707929,227.039195
            110.479724,-7.707878,227.00208
            110.479915,-7.707847,226.978929
            110.480389,-7.707704,226.919663
            110.480846,-7.707593,226.896381
            110.480896,-7.707841,227.026337
            110.480953,-7.707871,227.059202
            110.481608,-7.707645,227.41238
            110.481717,-7.707668,227.469129
            110.481868,-7.70777,227.562186
            110.48198,-7.707773,227.61924
            110.482035,-7.707755,227.648734
            110.482068,-7.707698,227.682503
            110.482295,-7.707146,228.116745
            110.482915,-7.707295,228.654882
            110.483041,-7.70741,228.799375
            110.483168,-7.707486,228.924519
            110.4836,-7.707634,229.310078
            110.484064,-7.707672,228.84786
            110.484101,-7.707825,228.678788
            110.48434,-7.708822,227.577577
            110.484403,-7.709014,227.360987
            110.485077,-7.709424,226.528707
            110.4854,-7.709637,226.120405
            110.485677,-7.7098,225.781376
            110.485737,-7.709851,225.698187
            110.486148,-7.710147,225.455907
            110.486538,-7.710433,225.414147
            110.486659,-7.710471,225.403222
            110.487201,-7.71056,225.355934
            110.487525,-7.710586,225.327956
            110.487756,-7.710573,225.258827
            110.488239,-7.710626,225.100613
            110.488994,-7.710852,224.843833
            110.490788,-7.71145,224.3058
            110.491331,-7.711576,223.924373
            110.492412,-7.711858,222.768897
            110.492952,-7.711954,222.304823
            110.493125,-7.711966,222.243204
            110.49328,-7.711907,222.184208
            110.493374,-7.711921,222.150434
            110.493753,-7.712192,221.984375
            110.494318,-7.7124,221.770221
            110.494558,-7.712434,221.741987
            110.494673,-7.712491,221.785086
            110.494759,-7.712568,221.823936
            110.494889,-7.712742,221.897166
            110.494971,-7.7128,221.930935
            110.495497,-7.713065,222.12872
            110.495728,-7.713227,222.223577
            110.495875,-7.712583,222.273658
            110.496243,-7.712705,222.222939
            110.496753,-7.712815,222.154719
            110.496942,-7.712832,222.129914
            110.497475,-7.712881,221.962878
            110.498293,-7.712973,221.438759
            110.499324,-7.713086,220.77474
            110.499705,-7.713168,220.520549
            110.499777,-7.713188,220.471798
            110.500269,-7.713297,220.143111
            110.500659,-7.713409,219.878382
            110.501128,-7.713544,219.710434
            110.501281,-7.713622,219.688932
            110.501507,-7.713658,219.660326
            110.501873,-7.713633,219.61448
            110.502243,-7.713578,219.567724
            110.502439,-7.71355,219.542977
            110.503314,-7.713447,220.250004
            110.503406,-7.71235,221.42368
            110.503517,-7.711379,222.172238
            110.503905,-7.711391,222.465407
            110.50441,-7.71142,222.767228
            110.506317,-7.711436,221.402298
            110.507367,-7.711467,221.391838
            110.507443,-7.711402,221.390838
            110.508,-7.711127,221.423925
            110.50908,-7.710931,221.833482
            110.509553,-7.710843,222.013
            110.509759,-7.710827,222.058429
            110.510151,-7.710951,222.034445
            110.510207,-7.710956,222.031168
            110.510648,-7.710894,222.005206
            110.511249,-7.71079,221.969647
            110.511693,-7.710713,221.702273
            110.511807,-7.710693,221.575364
            110.511915,-7.711186,221.017307
            110.512017,-7.711679,220.460609
            110.51208,-7.711771,220.33762
            110.512274,-7.711707,220.113484
            110.512604,-7.71154,219.796962
            110.513174,-7.711467,219.384231
            110.513485,-7.71143,219.159293
            110.513616,-7.711441,219.064882
            110.513751,-7.711463,218.966634
            110.514003,-7.711548,218.775473
            110.514296,-7.711596,218.65878
            110.514603,-7.711592,218.6478
            110.514632,-7.711565,218.646377
            110.514673,-7.711333,218.637878
            110.51511,-7.711334,218.622251
            110.515607,-7.711303,218.604443
            110.516499,-7.711225,219.250222
            110.516501,-7.71101,219.440817
            110.516503,-7.71083,219.600389
            110.516469,-7.710164,220.191522
            110.516461,-7.709909,220.559348
            110.516447,-7.70944,221.237949
            110.516425,-7.708696,222.314442
            110.516422,-7.708598,222.456243
            110.516728,-7.708714,222.747444
            110.517757,-7.709076,222.183572
            110.517774,-7.709081,222.174415
            110.518152,-7.709215,221.9671
            110.518496,-7.709321,221.638936
            110.518816,-7.709419,221.14387
            110.518998,-7.709529,220.828768
            110.519278,-7.709738,220.310627
            110.519471,-7.709906,219.930924
            110.519818,-7.710209,219.247311
            110.520018,-7.710397,218.607515
            110.520309,-7.710658,217.624673
            110.520606,-7.710925,216.620516
            110.520809,-7.711132,215.891124
            110.521084,-7.711454,214.825161
            110.521124,-7.711501,214.669796
            110.521443,-7.7118,213.523405
            110.521703,-7.712009,212.647976
            110.521926,-7.71215,211.956268
            110.522304,-7.712344,210.843143
            110.522433,-7.71241,210.463518
            110.522968,-7.712678,209.350792
            110.523172,-7.712748,209.046327
            110.523345,-7.712847,208.764583
            110.523493,-7.712986,208.477005
            110.523595,-7.713137,208.218401
            110.523488,-7.713199,208.043593
            110.523595,-7.713137,207.868785
            110.523729,-7.713258,207.613111
            110.523847,-7.71328,207.443774
            110.524152,-7.713238,206.972867
            110.52427,-7.713236,206.787009
            110.524411,-7.713288,206.550079
            110.524308,-7.713457,206.23632
            110.524296,-7.713557,206.07628
            110.524473,-7.714295,204.870773
            110.524972,-7.716368,201.003374
            110.52506,-7.716388,200.925085
            110.525807,-7.716343,200.276141
            110.525918,-7.71722,199.502705
            110.526058,-7.717889,198.763445
            110.526107,-7.717961,198.669309
            110.526205,-7.717993,198.558473
            110.526325,-7.718458,198.038201
            110.526821,-7.718477,197.480195
            110.526868,-7.719116,196.378343
            110.526878,-7.719245,196.155838
            110.526783,-7.719569,195.575587
            110.526806,-7.720411,194.057433
            110.526897,-7.721132,192.542007
            110.526977,-7.721793,191.153552
            110.527,-7.722022,190.680623
            110.52702,-7.722221,190.363778
            110.527092,-7.722941,189.21746
            110.527113,-7.722973,189.156984
            110.527148,-7.722982,189.100215
            110.527432,-7.72298,188.65433
            110.527544,-7.722978,188.478464
            110.527863,-7.724266,186.327793
            110.527853,-7.724266,186.311567
            110.527183,-7.724246,185.223933
            110.527353,-7.724922,184.008698
            110.527275,-7.72497,183.846266
            110.527103,-7.724992,183.539459
            110.527031,-7.725023,183.400582
            110.527063,-7.725207,183.067247
            110.527063,-7.725542,182.469177
            110.527235,-7.725952,181.678056
            110.527379,-7.726214,181.186513
            110.527527,-7.726433,180.752252
            110.527693,-7.726625,180.33569
            110.527732,-7.726726,180.157516
            110.527844,-7.727284,179.220141
            110.527859,-7.727338,179.127861
            110.527853,-7.727596,178.712555
            110.527699,-7.728039,178.188837
            110.527693,-7.728136,178.080211
            110.527825,-7.728673,177.46243
            110.528142,-7.729402,176.576593
            110.528281,-7.729855,176.052476
            110.528371,-7.73026,175.59342
            110.528838,-7.730245,175.080902
            110.52893,-7.730782,174.285071
            110.528963,-7.730938,173.974647
            110.528913,-7.731193,173.468729
            110.52891,-7.731548,172.777318
            110.52886,-7.731818,172.242694
            110.528774,-7.732426,171.087638
            110.528785,-7.732479,171.005789
            110.528701,-7.732928,170.31503
            110.52873,-7.733078,170.084004
            110.528794,-7.733331,169.68946
            110.528749,-7.733662,169.184245
            110.528752,-7.734141,168.475288
            110.528771,-7.7351,167.490987
            110.528755,-7.735787,166.785811
            110.528776,-7.736263,166.4652
            110.528867,-7.737153,165.969823
            110.52887,-7.738128,165.056095
            110.528988,-7.738925,163.905198
            110.529011,-7.739,163.793204
            110.529633,-7.740143,162.183899
            110.529641,-7.740157,162.165793
            110.530022,-7.740791,161.335373
            110.530403,-7.741425,160.502796
            110.530783,-7.742059,159.669792
            110.531164,-7.742693,158.782782
            110.531181,-7.742728,158.727431
            110.53146,-7.743417,157.669511
            110.531601,-7.744069,156.719313
            110.531541,-7.744064,156.634293
            110.531416,-7.74407,156.4587
            110.531301,-7.744069,156.305406
            110.531326,-7.744552,155.654814
            110.531256,-7.746051,153.611265
            110.531147,-7.74712,152.080522
            110.531041,-7.750078,149.204955
            110.530849,-7.75014,149.121472
            110.530805,-7.75032,149.044201
            110.530567,-7.750368,148.943793
            110.530623,-7.750681,148.811167
            110.530718,-7.751185,148.397148
            110.530681,-7.751204,148.359692
            110.530292,-7.751411,147.962824
            110.530322,-7.751494,147.882851
            110.530419,-7.751741,147.642432
            110.530459,-7.751922,147.474357
            110.530551,-7.752364,147.020102
            110.530569,-7.752441,146.90318
            110.530714,-7.753012,146.032174
            110.530721,-7.753055,145.967742
            110.530904,-7.753125,145.680212
            110.531729,-7.753152,144.473692
            110.532259,-7.753159,144.21383
            110.532406,-7.753205,144.138253
            110.532675,-7.753615,143.896291
            110.533257,-7.7545,143.30265
            110.533737,-7.75517,142.759844
            110.533946,-7.755526,142.487763
            110.534088,-7.75585,142.239789
            110.534113,-7.755935,142.175312
            110.534191,-7.756696,141.618262
            110.53381,-7.759368,139.614435
            110.53366,-7.760192,138.787342
            110.533657,-7.760534,138.449497
            110.534127,-7.761191,137.629502
            110.534475,-7.761761,136.925702
            110.535454,-7.763228,135.187868
            110.535347,-7.764671,133.942215
            110.535115,-7.767813,131.910264
            110.53505,-7.768358,132.102107
            110.534969,-7.768297,132.137346
            110.533629,-7.768189,132.669031
            110.532524,-7.768098,133.250456
            110.532442,-7.768089,133.293718
            110.53149,-7.768,133.463753
            110.53065,-7.76791,133.5086
            110.530636,-7.768091,133.518325
            110.530558,-7.769131,133.112115
            110.530383,-7.771119,132.01605
            110.53029,-7.772048,131.491761
            110.530204,-7.773367,130.969803
            110.530104,-7.774395,131.266773
            110.530002,-7.775545,131.72482
            110.529959,-7.776035,131.827383
            110.529914,-7.77603,131.836739
            110.529864,-7.776025,131.847122
            110.529346,-7.775997,131.954305
            110.52821,-7.775902,132.077236
            110.527731,-7.775849,132.092059
            110.527312,-7.775783,132.105108
            110.525875,-7.775467,133.334347
            110.525633,-7.775412,133.586291
            110.525267,-7.775333,133.958759
            110.524894,-7.775254,134.075594
            110.524803,-7.775234,134.104146
            110.524325,-7.775122,134.254601
            110.52399,-7.775058,134.359105
            110.523637,-7.774973,134.47038
            110.522929,-7.77467,134.282517
            110.521847,-7.77433,133.874412
            110.521864,-7.774222,133.927024
            110.521855,-7.774064,134.089444
            110.521778,-7.773848,134.324556
            110.521666,-7.773801,134.448244
            110.521328,-7.773784,134.792401
            110.521237,-7.773866,134.917486
            110.521114,-7.774007,135.108764
            110.521063,-7.774035,135.168056
            110.521008,-7.774033,135.224024
            110.520805,-7.774026,135.430581
            110.520315,-7.773985,135.653008
            110.52029,-7.773981,135.647092
            110.520009,-7.773916,135.579681
            110.519857,-7.773912,135.544159
            110.519812,-7.773919,135.533517
            110.519694,-7.773933,135.505754
            110.519669,-7.773936,135.499871
            110.519629,-7.773939,135.4905
            110.519192,-7.773991,135.387677
            110.517913,-7.774128,134.818806
            110.516877,-7.774243,134.292786
            110.515575,-7.769435,136.474246
            110.515706,-7.769205,136.596836
            110.515259,-7.769185,136.777216
            110.512837,-7.769113,138.352939
            110.511591,-7.769079,140.03608
            110.511586,-7.768969,140.259119
            110.511059,-7.768967,141.31681
            110.510487,-7.768933,142.466872
            110.510396,-7.768719,142.956295
            110.510411,-7.768362,144.072689
            110.509581,-7.768288,146.652562
            110.509438,-7.768301,147.097117
            110.509067,-7.768168,148.318513
            110.508882,-7.768134,149.038956
            110.507445,-7.76773,155.346029
            110.507018,-7.767647,156.404786
            110.50655,-7.767622,156.837683
            110.505922,-7.767475,157.433705
            110.505277,-7.76734,157.434912
            110.504966,-7.767294,156.739959
            110.504897,-7.767317,156.579065
            110.504632,-7.767341,155.990951
            110.503373,-7.767337,153.637974
            110.503177,-7.767339,153.494118
            110.501773,-7.767331,152.572947
            110.500904,-7.76736,153.189657
            110.500209,-7.76747,153.688853
            110.499999,-7.7675,153.793294
            110.49882,-7.767517,153.446483
            110.49842,-7.767483,153.3284
            110.497685,-7.767266,154.526097
            110.497574,-7.767233,154.777318
            110.49662,-7.767046,156.885448
            110.496628,-7.767598,158.433637
            110.496359,-7.767557,159.250473
            110.496138,-7.767493,159.941503
            110.49545,-7.767396,162.027173
            110.495166,-7.767351,162.676063
            110.494849,-7.767289,162.758319
            110.494499,-7.767148,162.854501
            110.494211,-7.767069,162.930574
            110.493937,-7.767031,163.001006
            110.493793,-7.767029,163.037668
            110.493436,-7.767062,163.064381
            110.49306,-7.766988,162.568914
            110.49242,-7.766921,161.737121
            110.491904,-7.766858,161.065156
            110.491823,-7.766834,160.955884
            110.491795,-7.766797,160.895559
            110.491117,-7.766776,158.488458
            110.490045,-7.766707,154.279087
            110.489993,-7.766535,153.669049
            110.489669,-7.766656,153.819947
            110.489284,-7.766958,154.033948
            110.488324,-7.767379,154.613557
            110.488231,-7.767425,154.792721
            110.488181,-7.76745,154.889256
            110.487596,-7.767765,156.036877
            110.487553,-7.767949,156.365436
            110.48744,-7.76807,156.652219
            110.487146,-7.768296,157.293602
            110.486406,-7.768826,157.193774
            110.485965,-7.769107,156.923465
            110.485212,-7.769455,156.424709
            110.484731,-7.769643,156.031451
            110.484469,-7.769745,155.817357
            110.483738,-7.770029,155.065108
            110.482279,-7.770552,149.572441
            110.482094,-7.770644,148.839657
            110.482004,-7.770716,148.344968
            110.481779,-7.770976,146.864543
            110.481202,-7.771931,142.053373
            110.481085,-7.772157,140.984589
            110.480963,-7.772556,139.677519
            110.481072,-7.773228,137.543665
            110.481255,-7.773659,136.077711
            110.481405,-7.773647,135.610244
            110.481505,-7.773651,135.343325
            110.481573,-7.773698,135.177743
            110.481724,-7.773892,134.683933
            110.48196,-7.774152,133.979103
            110.482243,-7.774353,133.28371
            110.482505,-7.774474,132.706417
            110.483299,-7.774718,132.102424
            110.483436,-7.774784,132.22614
            110.484224,-7.774861,132.869202
            110.484857,-7.774715,133.109163
            110.484965,-7.774679,132.989723
            110.485526,-7.774614,132.397678
            110.485639,-7.77462,132.279062
            110.48597,-7.774689,131.924514
            110.485997,-7.774734,131.86913
            110.487275,-7.774911,128.871351
            110.487381,-7.774936,128.536605
            110.487402,-7.77496,128.438118
            110.487387,-7.775008,128.282316
            110.487386,-7.775011,128.27252
            110.487368,-7.776685,124.301382
            110.487383,-7.777943,122.480372
            110.48737,-7.779512,121.306271
            110.487372,-7.779716,121.108996
            110.487374,-7.779867,120.962968
            110.487383,-7.779967,120.865886
            110.487394,-7.781137,119.73446
            110.487401,-7.781493,119.795448
            110.486282,-7.781479,120.290687
            110.484893,-7.781461,121.36824
            110.482645,-7.781436,122.975562
            110.482604,-7.781435,123.000085
            110.482612,-7.78186,123.206194
            110.482613,-7.781935,123.196689
            110.482603,-7.782599,123.112535
            110.482603,-7.782615,123.110508
            110.482614,-7.783073,123.052452
            110.482619,-7.783283,123.025832
            110.482279,-7.783274,122.973031
            110.481946,-7.783251,122.822175
            110.481127,-7.783229,122.451914
            110.48045,-7.783233,122.104758
            110.478574,-7.783289,119.602528
            110.478348,-7.783302,119.376991
            110.478285,-7.783305,119.314153
            110.478486,-7.783633,118.928304
            110.478447,-7.7837,118.850532
            110.477872,-7.785503,117.248714
            110.477657,-7.786177,116.761678
            110.477297,-7.787301,115.942605
            110.477149,-7.787753,115.612174
            110.476935,-7.78845,115.053891
            110.476454,-7.790041,113.521327
            110.476397,-7.790216,113.260582
            110.476015,-7.791458,111.419515
            110.475681,-7.792436,110.378537
            110.475275,-7.79377,109.236553
            110.475025,-7.794562,108.749826
            110.474569,-7.79597,108.534292
            110.474259,-7.797011,108.599774
            110.47417,-7.797291,108.649498
            110.473996,-7.798116,108.792259
            110.473957,-7.798402,108.819761
            110.473669,-7.799459,108.330996
            110.473495,-7.800085,108.041128
            110.473366,-7.800513,107.620074
            110.473292,-7.800874,107.264363
            110.473136,-7.801378,106.755312
            110.472861,-7.802332,105.56333
            110.472807,-7.802628,105.136483
            110.472778,-7.802782,104.914178
            110.472161,-7.80272,104.042275
            110.471708,-7.802612,103.500427
            110.471145,-7.802399,102.922698
            110.470359,-7.802134,102.126768
            110.468889,-7.801613,101.739334
            110.468962,-7.801464,101.708583
            110.468889,-7.801613,101.677833
            110.466735,-7.806008,100.738011
            110.466422,-7.806638,100.498412
            110.465688,-7.806487,100.109229
            110.464753,-7.806299,99.608299
            110.463912,-7.806111,99.012409
            110.463786,-7.806083,98.923157
            110.46366,-7.806583,98.56363
            110.463589,-7.807074,98.421417
            110.463538,-7.807122,98.435312
            110.463444,-7.80714,98.454222
            110.462818,-7.807102,98.5781
            110.462055,-7.807128,98.728895
            110.461707,-7.807123,98.234558
            110.461213,-7.807132,97.459009
            110.461108,-7.807176,97.280057
            110.461046,-7.807225,97.155565
            110.460899,-7.807443,96.740191
            110.460597,-7.807703,96.112175
            110.460401,-7.807819,95.719596
            110.460113,-7.807921,95.114341
            110.459979,-7.807953,94.841568
            110.459492,-7.808054,93.856938
            110.45918,-7.808141,93.21552
            110.458942,-7.808166,92.741894
            110.45852,-7.808106,92.153721
            110.458494,-7.808405,91.942919
            110.45838,-7.808806,91.650288
            110.458414,-7.808925,91.563415
            110.45861,-7.809162,91.348199
            110.458843,-7.809332,91.146826
            110.458917,-7.809411,91.071121
            110.458927,-7.809487,91.030967
            110.458606,-7.81008,91.11549
            110.458387,-7.810468,91.17133
            110.458288,-7.810698,91.202738
            110.458083,-7.811658,91.637701
            110.458036,-7.8118,91.738683
            110.457996,-7.811822,91.769312
            110.457842,-7.811864,91.876245
            110.457888,-7.812003,91.975092
            110.457931,-7.812519,92.324961
            110.457993,-7.812943,92.47911
            110.458001,-7.813095,92.485437
            110.458028,-7.813182,92.48922
            110.458105,-7.813232,92.493012
            110.458651,-7.813323,92.515814
            110.458429,-7.814094,92.457417
            110.458366,-7.814297,92.2705
            110.458281,-7.814694,91.913322
            110.458143,-7.815329,91.341645
            110.457521,-7.817286,88.183646
            110.457329,-7.81728,87.888852
            110.457164,-7.817275,88.03687
            110.456532,-7.817211,88.60651
            110.456041,-7.817231,89.04714
            110.45542,-7.81716,89.511658
            110.45531,-7.817151,89.517298
            110.455018,-7.817114,89.532343
            110.454838,-7.817089,89.541631
            110.454387,-7.816941,89.565911
            110.454286,-7.816911,89.571299
            110.453807,-7.816745,89.597233
            110.453048,-7.816714,89.532691
            110.452994,-7.816712,89.527824
            110.452917,-7.816677,89.520194
            110.452882,-7.816611,89.513416
            110.452799,-7.816185,89.473973
            110.45216,-7.816156,89.444807
            110.451715,-7.816133,89.465533
            110.45161,-7.81611,89.470535
            110.451561,-7.816117,89.472838
            110.451469,-7.816128,89.477148
            110.451173,-7.816159,89.490993
            110.45094,-7.816305,89.503816
            110.450728,-7.816672,89.447919
            110.450635,-7.816752,89.347921
            110.450554,-7.816773,89.279943
            110.449609,-7.816758,88.512599
            110.449609,-7.816904,88.39295
            110.449558,-7.817933,87.484178
            110.449446,-7.819863,86.277605
            110.449431,-7.820143,86.23875
            110.448579,-7.820044,86.134451
            110.448534,-7.820349,86.149018
            110.448484,-7.820538,86.158251
            110.448427,-7.820618,86.162879
            110.448282,-7.820719,86.171178
            110.447945,-7.82081,86.187531
            110.447339,-7.820966,86.203622
            110.447089,-7.821029,86.020807
            110.446508,-7.821063,85.608338
            110.446516,-7.821795,85.084674
            110.446573,-7.82529,81.325406
            110.446589,-7.825789,80.823056
            110.446562,-7.826035,80.631547
            110.446396,-7.826245,80.425117
            110.446292,-7.826392,80.286188
            110.446092,-7.826608,80.059341
            110.445881,-7.826855,79.808913
            110.445755,-7.827577,79.296292
            110.445689,-7.828142,78.929007
            110.445588,-7.828793,78.503685
            110.445344,-7.83112,76.815321
            110.445177,-7.832335,76.168711
            110.444745,-7.83601,75.084881
            110.444659,-7.836667,75.188184
            110.444465,-7.838271,75.362755
            110.444416,-7.838695,75.281106
            110.444306,-7.839532,75.119621
            110.444096,-7.841291,72.515731
            110.44409,-7.841343,72.433753
            110.444014,-7.84149,72.177108
            110.443761,-7.842006,71.296298
            110.443568,-7.842357,70.682586
            110.442947,-7.843429,69.949706
            110.442924,-7.843461,69.985352
            110.441648,-7.843333,71.138269
            110.441634,-7.843399,71.163615
            110.441551,-7.84353,71.203989
            110.441102,-7.843334,71.330872
            110.440777,-7.843192,71.422727
            110.440489,-7.843072,71.503522
            110.440382,-7.843041,71.532351
            110.439942,-7.842923,71.338491
            110.439648,-7.842827,70.628259
            110.439421,-7.842733,70.063774
            110.439043,-7.842519,69.064884
            110.438528,-7.842258,67.737657
            110.438107,-7.842177,67.538514
            110.437648,-7.842088,67.669744
            110.437371,-7.842277,67.764115
            110.437043,-7.842394,67.86193
            110.43688,-7.842399,67.907686
            110.436665,-7.842354,68.016384
            110.436491,-7.842288,68.424007
            110.436413,-7.842248,68.616162
            110.436263,-7.842164,68.993132
            110.43588,-7.841914,69.996591
            110.435351,-7.841597,71.34919
            110.435134,-7.841509,71.862176
            110.434796,-7.841368,71.747612
            110.4345,-7.841242,71.567055
            110.434431,-7.841221,71.5266
            110.433372,-7.840968,70.916152
            110.433311,-7.841154,70.813958
            110.433172,-7.841573,70.583492
            110.433165,-7.841599,70.569431
            110.433069,-7.841856,70.426237
            110.433042,-7.841941,70.379674
            110.432994,-7.842105,70.290447
            110.432954,-7.842238,70.21793
            110.43295,-7.842252,70.210327
            110.432916,-7.842355,70.1537
            110.432766,-7.842797,69.938952
            110.43269,-7.843037,69.864122
            110.432633,-7.843211,69.809701
            110.432613,-7.843274,69.790053
            110.43252,-7.843559,69.700948
            110.432444,-7.8438,69.625834
            110.432363,-7.844055,69.546306
            110.432282,-7.844332,69.460512
            110.432174,-7.845102,68.388445
            110.432129,-7.845393,67.954909
            110.431989,-7.845935,67.131025
            110.431724,-7.845836,66.784863
            110.431034,-7.849429,66.291419
            110.430438,-7.849314,65.514933
            110.430435,-7.849804,64.882384
            110.430477,-7.850372,64.147193
            110.430215,-7.851111,63.022102
            110.430132,-7.851402,62.586212
            110.429744,-7.851582,61.97442
            110.429687,-7.851604,61.887067
            110.429592,-7.851633,61.745117
            110.429384,-7.851645,61.546694
            110.429002,-7.851622,61.740914
            110.428113,-7.851543,62.193889
            110.427845,-7.851522,62.330322
            110.427387,-7.851511,62.514619
            110.427382,-7.851533,62.521556
            110.427374,-7.851574,62.534404
            110.426905,-7.852802,62.938338
            110.426484,-7.853901,62.867889
            110.426419,-7.854072,62.844325
            110.4259,-7.853838,62.77148
            110.425558,-7.85368,62.894039
            110.425387,-7.854102,63.083948
            110.42502,-7.854995,63.486614
            110.424887,-7.855385,63.518586
            110.42484,-7.856215,63.527894
            110.424689,-7.856257,63.529634
            110.424608,-7.856391,63.531382
            110.424557,-7.856538,63.533123
            110.424463,-7.856826,63.38256
            110.424874,-7.857289,62.742284
            110.424948,-7.857446,62.562345
            110.424964,-7.857568,62.434585
            110.424904,-7.857728,62.257333
            110.424883,-7.857747,62.228076
            110.423823,-7.858752,61.585729
            110.422883,-7.858492,61.448151
            110.422511,-7.858432,61.178432
            110.422201,-7.858354,60.949543
            110.421934,-7.858283,60.751706
            110.421755,-7.858292,60.623444
            110.421685,-7.858342,60.561686
            110.421554,-7.858494,60.417305
            110.421389,-7.858818,60.231371
            110.421288,-7.858922,60.27872
            110.421248,-7.859096,60.337272
            110.421087,-7.859333,60.431001
            110.421031,-7.8595,60.488739
            110.421027,-7.859636,60.53338
            110.421036,-7.85975,60.570898
            110.42098,-7.860156,60.705347
            110.420899,-7.860326,60.767026
            110.420752,-7.860542,61.212391
            110.420623,-7.860494,61.55138
            110.420453,-7.860377,62.060604
            110.419866,-7.86012,63.639373
            110.419588,-7.860045,64.348161
            110.419364,-7.859972,64.928254
            110.419306,-7.85997,65.071021
            110.418917,-7.860069,65.105484
            110.418969,-7.860167,65.050529
            110.418964,-7.860252,65.008265
            110.418913,-7.860343,64.956601
            110.418839,-7.860418,64.904544
            110.418753,-7.860577,64.815005
            110.418634,-7.8609,64.644331
            110.418643,-7.861102,64.543965
            110.418536,-7.861584,63.963076
            110.418545,-7.861839,63.249856
            110.418486,-7.861921,62.968384
            110.418437,-7.861938,62.824624
            110.418341,-7.861913,62.549772
            110.417058,-7.861572,59.202711
            110.416881,-7.86162,59.050827
            110.416654,-7.861768,58.825911
            110.416557,-7.861838,58.726586
            110.416321,-7.861987,58.494963
            110.416208,-7.862027,58.395648
            110.41498,-7.861703,57.649301
            110.414869,-7.861692,57.613684
            110.414668,-7.861809,57.539247
            110.414597,-7.86186,57.511245
            110.414568,-7.861876,57.500646
            110.414354,-7.862869,57.071948
            110.414058,-7.864479,55.942016
            110.413595,-7.866596,54.826308
            110.41332,-7.868003,54.74405
            110.413279,-7.868265,54.713163
            110.413241,-7.868407,54.696049
            110.412828,-7.869797,54.428144
            110.412238,-7.871542,53.239373
            110.411894,-7.872542,52.8416
            110.411776,-7.872724,52.76016
            110.411691,-7.872925,52.678109
            110.411656,-7.87329,52.622714
            110.411514,-7.873592,52.597197
            110.41145,-7.873675,52.589198
            110.411269,-7.873879,52.568397
            110.410943,-7.874246,52.530956
            110.410499,-7.874707,52.575405
            110.410422,-7.874756,52.595547
            110.410323,-7.87478,52.617979
            110.410122,-7.874727,52.663756
            110.409315,-7.874443,52.85224
            110.40913,-7.874392,52.894503
            110.4084,-7.874223,53.337302
            110.408077,-7.874627,53.658609
            110.408026,-7.874638,53.690844
            110.407932,-7.874606,53.752231
            110.40714,-7.874569,53.99189
            110.407142,-7.874542,53.989125
            110.407052,-7.874545,53.980013
            110.40685,-7.874552,53.959561
            110.406066,-7.874501,53.880062
            110.40586,-7.875308,53.525292
            110.405725,-7.875838,53.157793
            110.405713,-7.875912,53.107403
            110.405672,-7.876172,52.93048
            110.405645,-7.876339,52.816771
            110.405563,-7.876856,52.591029
            110.405545,-7.876976,52.570269
            110.405458,-7.87753,52.474327
            110.405217,-7.877536,52.433463
            110.404966,-7.877542,52.390904
            110.404623,-7.877514,52.332566
            110.404506,-7.877521,52.321168
            110.404181,-7.877498,52.300333
            110.403763,-7.877473,52.273556
            110.403468,-7.877457,52.254665
            110.403091,-7.87747,52.230543
            110.401566,-7.877716,52.135642
            110.401409,-7.877681,52.125863
            110.400638,-7.877396,52.014292
            110.4005,-7.877335,51.98155
            110.399966,-7.877077,51.852822
            110.399762,-7.876956,51.801305
            110.399446,-7.876513,51.565047
            110.399356,-7.876434,51.410118
            110.399103,-7.876277,51.025478
            110.398899,-7.876216,50.750935
            110.398799,-7.876213,50.622038
            110.398433,-7.876277,50.143201
            110.398411,-7.876532,49.810327
            110.398525,-7.876722,49.522852
            110.398575,-7.877239,49.91109
            110.39848,-7.877417,50.18524
            110.398314,-7.87761,50.530473
            110.398131,-7.878141,51.294452
            110.398112,-7.87819,51.365923
            110.397965,-7.878629,52.286034
            110.397721,-7.879174,54.409995
            110.397631,-7.879081,54.868954
            110.397466,-7.878994,55.52858
            110.396907,-7.878814,57.602861
            110.396786,-7.878819,58.030233
            110.396626,-7.878928,58.046567
            110.396491,-7.878971,57.866133
            110.395515,-7.879161,56.600534
            110.395288,-7.879213,56.30408
            110.395217,-7.879257,56.197518
            110.395088,-7.879375,55.974101
            110.395012,-7.879478,55.82978
            110.394915,-7.879748,55.531384
            110.394946,-7.880235,55.023309
            110.394919,-7.881154,54.066035
            110.394807,-7.881797,54.278949
            110.394554,-7.882536,54.574897
            110.394514,-7.88283,54.687406
            110.39452,-7.883028,54.676065
            110.394556,-7.883176,54.607977
            110.39478,-7.883606,54.391562
            110.394599,-7.883659,54.307943
            110.39449,-7.883667,54.25952
            110.39418,-7.883572,54.115758
            110.394108,-7.883465,54.058245
            110.393959,-7.883101,53.897571
            110.393907,-7.883049,53.878542
            110.393509,-7.882913,53.770113
            110.393389,-7.882907,53.739168
            110.393317,-7.882926,53.719979
            110.39303,-7.88306,53.638265
            110.392797,-7.883638,53.476449
            110.392776,-7.883793,53.455236
            110.392813,-7.884042,53.474819
            110.39276,-7.88417,53.485583
            110.39232,-7.884797,53.544996
            110.392074,-7.885147,53.578178
            110.391966,-7.885339,53.562511
            110.391703,-7.885466,53.423616
            110.391312,-7.885572,53.231177
            110.391129,-7.885697,53.125653
            110.390625,-7.886343,52.734386
            110.389967,-7.887249,48.489215
            110.389756,-7.887539,47.116807
            110.38973,-7.887574,46.949975
            110.389643,-7.887751,46.194163
            110.389615,-7.887836,45.850893
            110.389465,-7.888282,45.099002
            110.389169,-7.889488,43.157127
            110.389075,-7.89022,44.040823
            110.389026,-7.890563,44.596424
            110.388986,-7.890945,45.212381
            110.388962,-7.891386,45.916091
            110.38892,-7.891671,46.298669
            110.388853,-7.891941,46.667987
            110.388799,-7.892289,47.135665
            110.388663,-7.892675,47.678718
            110.388393,-7.893244,48.014648
            110.388261,-7.893402,47.697999
            110.387766,-7.893889,46.630994
            110.387758,-7.893878,46.610062
            110.387228,-7.893329,45.510505
            110.386953,-7.893108,45.546924
            110.386933,-7.892984,45.559962
            110.386967,-7.892775,45.581941
            110.386992,-7.892667,45.593445
            110.387054,-7.892469,45.614969
            110.387092,-7.892244,45.638654
            110.38706,-7.892139,45.650042
            110.386959,-7.892025,45.665789
            110.386786,-7.891952,45.685128
            110.386578,-7.891897,45.587254
            110.386304,-7.891779,45.366006
            110.385972,-7.891614,45.090947
            110.38596,-7.891649,45.063313
            110.384,-7.891252,43.510788
            110.383731,-7.891198,43.288681
            110.383057,-7.891061,42.982876
            110.382861,-7.891016,43.098677
            110.381757,-7.890803,43.746039
            110.381418,-7.890849,43.909287
            110.380787,-7.890876,43.637881
            110.380652,-7.890877,43.579867
            110.379742,-7.89088,43.188821
            110.379747,-7.890824,43.164431
            110.3797,-7.890583,43.094151
            110.379777,-7.89055,43.073375
            110.378629,-7.890383,42.786045
            110.378017,-7.890284,42.870867
            110.377277,-7.890165,43.407822
            110.376582,-7.890053,43.912152
            110.376244,-7.890015,44.209094
            110.376214,-7.89001,44.238074
            110.375731,-7.889945,44.702416
            110.374346,-7.889709,45.673247
            110.373702,-7.889598,45.573383
            110.372723,-7.889451,45.332589
            110.372644,-7.889444,45.276337
            110.372182,-7.889371,44.944533
            110.371805,-7.889305,44.673012
            110.370022,-7.889052,43.370248
            110.369894,-7.889034,43.275517
            110.369939,-7.88943,42.980729
            110.36909,-7.889451,42.918327
            110.369005,-7.890162,43.019768
            110.368676,-7.89021,43.066439
            110.368661,-7.890448,43.227928
            110.368062,-7.890386,43.945209
            110.367981,-7.890395,44.042284
            110.367934,-7.890469,44.147402
            110.367705,-7.890453,44.420814
            110.366941,-7.890336,45.259762
            110.366632,-7.890207,45.318035
            110.366629,-7.890155,45.327173
            110.366748,-7.889914,45.374242
            110.366692,-7.889884,45.385305
            110.366651,-7.889862,45.393409
            110.366281,-7.889726,45.461993
            110.365875,-7.889734,45.532563
            110.36583,-7.889484,45.568347
            110.364931,-7.8895,45.637679
            110.364896,-7.889479,45.640834
            110.364885,-7.889389,45.647892
            110.364564,-7.889435,45.672902
            110.364469,-7.889469,45.68069
            110.364633,-7.889859,45.603082
            110.364701,-7.890168,45.404885
            110.364733,-7.89027,45.337947
            110.364852,-7.890328,45.255618
            110.365081,-7.890389,45.108413
            110.365125,-7.890422,45.074153
            110.365099,-7.890951,44.742239
            110.365096,-7.891008,44.706468
            110.364094,-7.890949,44.59755
            110.36387,-7.890926,44.60421
            110.363343,-7.890893,44.619826
            110.362897,-7.890859,44.419758
            110.362874,-7.890858,44.392439
            110.362499,-7.890841,43.946984
            110.361528,-7.890786,42.792874
            110.360435,-7.890723,42.341816
            110.359638,-7.890679,42.214827
            110.35945,-7.890668,42.184867
            110.359445,-7.88933,43.858931
            110.35845,-7.889233,45.341597
            110.357647,-7.889201,46.703449
            110.357656,-7.889641,47.456346
            110.357379,-7.889635,47.487625
            110.357095,-7.889698,47.449549
            110.356824,-7.889786,47.412237
            110.356893,-7.890008,47.381556
            110.356256,-7.889988,47.298175
            110.35598,-7.889971,47.140107
            110.355665,-7.889952,46.840349
            110.355588,-7.889948,46.767109
            110.354995,-7.889919,46.203159
            110.35494,-7.889916,46.150837
            110.354556,-7.889897,45.785638
            110.353985,-7.889861,45.515159
            110.35238,-7.889784,45.290638
            110.35239,-7.890035,45.211109
            110.352484,-7.892483,44.33775
            110.352506,-7.893341,44.019723
            110.352513,-7.893486,44.022349
            110.352519,-7.893789,44.027831
            110.352521,-7.893853,44.02899
            110.352522,-7.893899,44.029822
            110.352533,-7.894223,44.035686
            110.352537,-7.894428,44.039396
            110.35257,-7.8955,44.319768
            110.352664,-7.895511,44.376533
            110.35257,-7.8955,44.433298
            110.35209,-7.895445,44.723081
            110.351922,-7.895419,44.825055
            110.351688,-7.895373,44.968125
            110.351506,-7.89534,45.079087
            110.351224,-7.895288,45.19606
            110.350643,-7.895182,45.3752
            110.35057,-7.895169,45.39769
            110.3502,-7.895086,45.512726
            110.350155,-7.895035,45.533462
            110.350133,-7.894804,45.604492
            110.350068,-7.894652,45.655026
            110.350037,-7.894634,45.665922
            110.35,-7.894612,45.679008
            110.349799,-7.894612,45.696242
            110.349389,-7.894671,45.711105
            110.349112,-7.894696,45.721083
            110.348642,-7.894839,45.738722
            110.34817,-7.894994,45.739275
            110.348113,-7.895012,45.705814
            110.347966,-7.895015,45.623581
            110.346781,-7.894785,44.948221
            110.346737,-7.894776,44.923093
            110.345974,-7.894647,44.564134
            110.345627,-7.894582,44.425104
            110.344234,-7.894287,44.036517
            110.344041,-7.894246,44.042056
            110.34394,-7.894231,44.044921
            110.343507,-7.894164,44.057219
            110.343337,-7.894127,44.062103
            110.340737,-7.893587,44.015313
            110.340276,-7.893488,44.038284
            110.339396,-7.893366,44.081555
            110.339172,-7.893324,44.120813
            110.339118,-7.893313,44.136719
            110.338838,-7.893267,44.218607
            110.338602,-7.893229,44.28759
            110.337763,-7.893109,44.532164
            110.337705,-7.893101,44.549059
            110.337355,-7.893043,44.574883
            110.337134,-7.893014,44.517931
            110.335817,-7.892814,44.177545
            110.335063,-7.892677,44.322066
            110.334722,-7.892614,44.415987
            110.334385,-7.892574,44.507885
            110.333679,-7.892519,44.690523
            110.333336,-7.892506,44.769593
            110.332966,-7.892478,44.855074
            110.332632,-7.892454,44.932215
            110.332283,-7.892442,45.012657
            110.332017,-7.892428,44.991352
            110.331624,-7.892333,44.63486
            110.331579,-7.892319,44.593294
            110.331316,-7.892241,44.351362
            110.330945,-7.892146,44.013673
            110.330867,-7.892126,43.94267
            110.329979,-7.891933,43.332117
            110.329626,-7.891858,43.206368
            110.329419,-7.891811,43.132399
            110.328146,-7.891538,42.999305
            110.327611,-7.891421,43.228953
            110.327438,-7.891388,43.3028
            110.32724,-7.891341,43.388142
            110.326869,-7.891262,43.547202
            110.325976,-7.891063,43.878616
            110.325833,-7.891032,43.930696
            110.325767,-7.891018,43.954709
            110.32562,-7.890981,44.00867
            110.325429,-7.890931,44.078956
            110.3253,-7.890897,44.126448
            110.323922,-7.890617,44.240864
            110.323031,-7.890443,44.377066
            110.322949,-7.890441,44.429387
            110.322858,-7.890483,44.493424
            110.322822,-7.890531,44.53193
            110.322716,-7.89063,44.62486
            110.322609,-7.890688,44.702663
            110.32231,-7.890705,44.893698
            110.322296,-7.890704,44.902651
            110.321904,-7.890704,45.152693
            110.321577,-7.890736,45.36229
            110.321492,-7.890734,45.408378
            110.320157,-7.890697,45.651166
            110.319304,-7.890614,45.57772
            110.319268,-7.890609,45.563211
            110.318655,-7.890558,45.317686
            110.318415,-7.890561,45.221888
            110.318288,-7.89056,45.171198
            110.317803,-7.890519,44.924529
            110.31708,-7.890347,44.164634
            110.315821,-7.890007,43.030179
            110.315341,-7.889876,42.834376
            110.312088,-7.888989,42.377236
            110.311694,-7.888865,42.408564
            110.311771,-7.88873,42.420426
            110.311442,-7.888622,42.446692
            110.31138,-7.888599,42.451709
            110.310978,-7.888502,42.553527
            110.310668,-7.888464,42.73705
            110.31034,-7.88853,42.933695
            110.309618,-7.888226,43.394624
            110.309259,-7.888138,43.515788
            110.309191,-7.888367,43.469481
            110.309086,-7.889044,43.336607
            110.309057,-7.889164,43.31267
            110.309027,-7.889301,43.285474
            110.308172,-7.889067,43.022835
            110.307583,-7.888928,42.764472
            110.307423,-7.889084,42.668674
            110.307266,-7.889302,42.553317
            110.30719,-7.889332,42.518407
            110.307031,-7.889333,42.45056
            110.306707,-7.889812,42.056299
            110.306599,-7.889849,41.974225
            110.306567,-7.889886,41.938899
            110.306464,-7.890208,41.693989
            110.306224,-7.890097,41.503757
            110.306108,-7.890043,41.411704
            110.304285,-7.889414,40.055131
            110.303706,-7.889177,39.731773
            110.30349,-7.889088,39.65104
            110.303412,-7.889501,39.504658
            110.303401,-7.889845,39.384751
            110.30339,-7.890128,39.286083
            110.303298,-7.890521,39.193826
            110.3031,-7.891041,39.131625
            110.302494,-7.892698,39.433775
            110.302489,-7.892711,39.441817
            110.302425,-7.892787,39.499033
            110.302327,-7.89279,39.55518
            110.301924,-7.892693,39.792672
            110.301309,-7.892775,40.089529
            110.300742,-7.892857,40.210842
            110.300586,-7.892875,40.244093
            110.299993,-7.892932,40.370227
            110.29978,-7.892985,40.416723
            110.299522,-7.893162,40.364741
            110.299461,-7.893239,40.328727
            110.299404,-7.893374,40.274885
            110.299377,-7.893547,40.210473
            110.299028,-7.893486,40.08131
            110.29891,-7.893443,40.035486
            110.298593,-7.893328,39.912446
            110.29826,-7.89319,39.780885
            110.298092,-7.893164,39.700173
            110.297354,-7.893201,39.345212
            110.296788,-7.893271,39.071215
            110.296392,-7.893364,38.893191
            110.295917,-7.893357,38.798539
            110.295036,-7.893313,38.62278
            110.294989,-7.89331,38.613396
            110.294689,-7.893298,38.553574
            110.294198,-7.893274,38.269698
            110.293931,-7.893259,38.104027
            110.293867,-7.893427,37.991724
            110.293843,-7.893615,37.873208
            110.293845,-7.893838,37.733734
            110.293882,-7.894315,37.434528
            110.293841,-7.894404,37.362354
            110.293741,-7.894424,37.283895
            110.293395,-7.894385,37.016081
            110.29294,-7.894287,36.657978
            110.292529,-7.894226,36.338363
            110.292295,-7.894285,36.152662
            110.292066,-7.894221,35.974694
            110.291562,-7.894086,35.611453
            110.291234,-7.893996,35.374662
            110.290879,-7.893897,35.118077
            110.29067,-7.893811,34.960623
            110.290672,-7.893872,34.917755
            110.29056,-7.893809,34.828146
            110.29028,-7.89375,34.667226
            110.289457,-7.893581,34.254442
            110.288881,-7.893468,33.966064
            110.288546,-7.893402,33.849167
            110.288064,-7.893302,33.785789
            110.287836,-7.893252,33.755736
            110.286473,-7.892984,33.312301
            110.286281,-7.892931,33.166798
            110.285387,-7.892716,32.495204
            110.283392,-7.892178,31.777433
            110.283309,-7.892156,31.840942
            110.281578,-7.8917,33.259731
            110.281339,-7.891617,33.402195
            110.280758,-7.891465,33.740223
            110.279413,-7.891086,34.312992
            110.279292,-7.891051,34.329248
            110.2782,-7.890719,34.476563
            110.277548,-7.890479,34.168998
            110.276753,-7.890149,33.746163
            110.276072,-7.889903,33.452443
            110.275809,-7.889789,33.35469
            110.27578,-7.889768,33.342458
            110.275674,-7.889666,33.292136
            110.275162,-7.889134,33.039469
            110.274601,-7.888527,32.810853
            110.274535,-7.888456,32.785938
            110.274127,-7.887983,32.625334
            110.273698,-7.887526,32.488927
            110.273237,-7.887073,32.412052
            110.273059,-7.886877,32.380543
            110.272338,-7.886132,32.82462
            110.272086,-7.885811,33.500884
            110.271817,-7.88539,34.329495
            110.271516,-7.884891,35.290209
            110.27142,-7.884749,35.39781
            110.271394,-7.884697,35.434346
            110.271226,-7.884481,35.606024
            110.271187,-7.884402,35.661392
            110.271017,-7.883889,36.001342
            110.270962,-7.883806,36.063853
            110.270864,-7.883695,36.156696
            110.270463,-7.883405,36.412995
            110.270377,-7.883317,36.403216
            110.270326,-7.883207,36.393551
            110.27029,-7.882962,36.373783
            110.270282,-7.882886,36.367682
            110.270243,-7.882093,36.30429
            110.270205,-7.881671,36.258336
            110.270107,-7.880887,36.039977
            110.270092,-7.880767,36.006555
            110.270064,-7.880702,35.987021
            110.269987,-7.880653,35.961963
            110.269842,-7.880646,35.922215
            110.268475,-7.880851,36.442612
            110.268332,-7.880829,36.554842
            110.268159,-7.880718,36.714694
            110.267827,-7.880413,37.065854
            110.267784,-7.880301,37.159668
            110.267777,-7.88017,37.294394
            110.267816,-7.880054,37.43047
            110.268235,-7.879272,38.4158
            110.268029,-7.878972,38.819608
            110.267795,-7.878859,39.106608
            110.267543,-7.878534,38.131483
            110.267508,-7.878464,37.88612
            110.267441,-7.878062,36.606326
            110.266699,-7.878343,34.134696
            110.26661,-7.878404,33.797956
            110.266652,-7.878461,33.576298
            110.265376,-7.879375,28.501842
            110.265359,-7.87939,28.428456
            110.265309,-7.879411,28.253396
            110.265177,-7.879244,27.819058
            110.265095,-7.879224,28.115912
            110.265032,-7.87925,28.355821
            110.264936,-7.879307,28.749258
            110.264797,-7.879811,30.603337
            110.264742,-7.879887,30.935175
            110.264356,-7.88016,32.602395
            110.263987,-7.880369,34.117184
            110.26378,-7.880437,35.445125
            110.263418,-7.880462,37.654717
            110.263369,-7.880506,38.057429
            110.263223,-7.880482,38.958591
            110.262979,-7.880277,40.90677
            110.262895,-7.880244,41.457009
            110.262048,-7.880147,46.113376
            110.26178,-7.880105,47.185057
            110.261612,-7.880049,47.885167
            110.261562,-7.88023,48.633407
            110.261555,-7.881006,51.727703
            110.261519,-7.881159,52.384307
            110.261472,-7.881201,52.765721
            110.261323,-7.88123,53.680697
            110.261058,-7.881195,55.291603
            110.260852,-7.881135,56.585417
            110.260761,-7.881122,57.139416
            110.260585,-7.881145,58.209105
            110.259791,-7.881337,63.133899
            110.259545,-7.881409,64.218298
            110.25946,-7.881468,64.643613
            110.259406,-7.881545,65.031468
            110.259096,-7.882314,68.45696
            110.259067,-7.882498,69.227362
            110.258947,-7.882738,70.335307
            110.258921,-7.882908,70.886764
            110.258843,-7.883031,71.226674
            110.258762,-7.88311,71.49017
            110.258475,-7.883749,73.126816
            110.258514,-7.884272,74.354032
            110.25845,-7.884545,74.889833
            110.258115,-7.885229,74.921878
            110.258015,-7.885338,74.928086
            110.257829,-7.886407,74.54245
            110.256278,-7.886003,71.665477
            110.256111,-7.886329,69.435453
            110.256085,-7.886417,68.876122
            110.25598,-7.88716,64.299511
            110.255746,-7.887879,59.369227
            110.255724,-7.888268,56.36561
            110.254675,-7.889825,43.020118
            110.254675,-7.890192,40.791645
            110.254549,-7.890798,37.034702
            110.252738,-7.890552,33.130679
            110.25196,-7.890447,31.830013
            110.251897,-7.890442,31.727076
            110.251458,-7.890554,30.988743
            110.251355,-7.890644,30.765044
            110.251098,-7.891001,30.044088
            110.251,-7.891092,29.81996
            110.249899,-7.891804,27.563008
            110.249896,-7.891806,27.556801
            110.249818,-7.891885,27.365316
            110.249717,-7.892071,26.999332
            110.249689,-7.89209,26.941075
            110.249645,-7.892101,26.863181
            110.249522,-7.892078,26.815277
            110.248664,-7.891907,26.88698
            110.248226,-7.891813,26.923698
            110.247847,-7.891786,26.954829
            110.247433,-7.891827,26.996416
            110.246995,-7.891902,27.041243
            110.246488,-7.891904,27.092373
            110.246405,-7.891792,27.106519
            110.24613,-7.891657,27.137471
            110.245732,-7.891516,27.485123
            110.244416,-7.891206,28.648114
            110.243796,-7.891168,27.982491
            110.243551,-7.891153,27.667643
            110.243576,-7.891641,27.034915
            110.24364,-7.89299,25.235114
            110.242166,-7.892867,23.88738
            110.238394,-7.891467,23.521793
            110.236568,-7.89079,23.995011
            110.236261,-7.890676,24.165778
            110.236205,-7.890655,24.196966
            110.233861,-7.889785,28.412276
            110.233076,-7.889609,30.271929
            110.232126,-7.889532,31.753044
            110.232001,-7.889504,31.666276
            110.231094,-7.8893,31.036559
            110.229778,-7.889074,29.022182
            110.228888,-7.888982,27.204137
            110.227404,-7.888669,25.006738
            110.226818,-7.888545,24.431578
            110.22104,-7.887488,24.281721
            110.215578,-7.886413,24.329138
            110.21554,-7.886406,24.330627
            110.214253,-7.88616,24.380787
            110.214172,-7.886145,24.383867
            110.213063,-7.885933,24.426074
            110.21091,-7.885561,24.770157
            110.21074,-7.887027,26.099778
            110.209273,-7.886778,28.982203
            110.208881,-7.886747,29.838114
            110.208533,-7.886729,30.723894
            110.208319,-7.886694,31.398738
            110.208091,-7.88665,32.121465
            110.20782,-7.886544,33.028
            110.207206,-7.886196,35.228994
            110.20664,-7.885937,36.79735
            110.206141,-7.885782,37.928604
            110.205665,-7.885566,39.061182
            110.205573,-7.885546,39.264931
            110.205194,-7.885466,39.710744
            110.205202,-7.885332,39.493626
            110.205375,-7.884267,37.748878
            110.20545,-7.8839,37.143232
            110.204438,-7.883493,37.144943
            110.204384,-7.883505,37.154875
            110.204302,-7.883617,37.179941
            110.204219,-7.883655,37.19635
            110.203657,-7.88354,37.381662
            110.203198,-7.883447,38.858858
            110.20314,-7.883455,39.043497
            110.203077,-7.883519,39.32803
            110.203041,-7.883839,40.352924
            110.202984,-7.883882,40.578831
            110.202506,-7.88384,42.091886
            110.201733,-7.883675,42.804582
            110.201842,-7.882845,42.438627
            110.201823,-7.882781,42.40946
            110.201675,-7.882652,42.32408
            110.201653,-7.882283,41.922627
            110.201604,-7.881959,41.293743
            110.201486,-7.881406,40.208763
            110.201489,-7.881287,39.980262
            110.201572,-7.880872,39.168154
            110.201679,-7.880083,38.134238
            110.201826,-7.879492,37.472138
            110.201936,-7.87886,36.82875
            110.20204,-7.878274,36.890214
            110.201706,-7.87833,36.924878
            110.201634,-7.87837,36.933325
            110.201417,-7.878641,36.969057
            110.201065,-7.878537,37.006645
            110.200802,-7.878468,36.768103
            110.200405,-7.878425,36.367037
            110.199976,-7.87838,35.933801
            110.199861,-7.878351,35.814628
            110.199759,-7.878298,35.698956
            110.1997,-7.878186,35.570878
            110.199807,-7.877843,35.206911
            110.19981,-7.877743,35.141238
            110.199499,-7.87758,34.944142
            110.199367,-7.877485,34.852744
            110.199083,-7.877359,34.678428
            110.198945,-7.87726,34.58298
            110.198927,-7.877198,34.546498
            110.19908,-7.876805,34.3083
            110.198694,-7.876648,34.481463
            110.197959,-7.876396,35.919076
            110.197227,-7.876132,37.358956
            110.197081,-7.876034,37.448475
            110.197003,-7.87595,37.34583
            110.196958,-7.875853,37.249821
            110.197106,-7.874723,36.225025
            110.197174,-7.87445,35.972136
            110.197348,-7.873997,35.002507
            110.197624,-7.873831,34.301595
            110.197726,-7.87346,33.458977
            110.197652,-7.87331,33.093117
            110.197706,-7.873117,32.654234
            110.197717,-7.873075,32.559149
            110.197917,-7.8725,31.124611
            110.197953,-7.872248,30.49014
            110.197673,-7.872129,29.737751
            110.196505,-7.871366,26.923116
            110.195996,-7.871035,26.222161
            110.195505,-7.870709,25.541686
            110.195184,-7.870492,25.268731
            110.194659,-7.870183,24.977586
            110.194125,-7.869935,24.696408
            110.194271,-7.869136,24.265272
            110.194319,-7.868874,24.113697
            110.194623,-7.867225,23.718027
            110.194539,-7.86692,23.831089
            110.194415,-7.866835,23.88451
            110.194132,-7.866725,23.992207
            110.194132,-7.866556,24.052646
            110.194132,-7.866492,24.075534
            110.194172,-7.865928,24.346491
            110.194439,-7.864871,24.939183
            110.194882,-7.864547,25.270259
            110.195055,-7.86444,25.413945
            110.195309,-7.864327,25.610107
            110.19584,-7.864132,26.009079
            110.196459,-7.863982,26.473676
            110.196835,-7.863939,26.816635
            110.197157,-7.863939,27.108401
            110.19733,-7.863963,27.266687
            110.198016,-7.864085,27.898214
            110.198531,-7.864231,28.206532
            110.19901,-7.864429,28.428269
            110.200385,-7.864996,28.422679
            110.200577,-7.865149,28.246724
            110.201352,-7.865427,27.658162
            110.201563,-7.865517,27.502439
            110.201813,-7.865682,27.340993
            110.201998,-7.865756,27.23377
            110.202323,-7.865804,27.057177
            110.203258,-7.86608,26.611916
            110.203718,-7.866246,27.439108
            110.20409,-7.866282,28.070639
            110.204303,-7.866278,28.430592
            110.20462,-7.866273,28.966269
            110.205131,-7.866182,29.997971
            110.205348,-7.866176,30.618048
            110.205457,-7.866137,30.949081
            110.205437,-7.866013,31.311172
            110.205413,-7.865853,31.777601
            110.205406,-7.865767,32.026388
            110.205448,-7.865714,32.220677
            110.205513,-7.865685,32.424305
            110.206151,-7.865608,34.260157
            110.206363,-7.865552,34.864691
            110.206975,-7.865471,36.143174
            110.207496,-7.865342,37.255159
            110.208055,-7.865186,38.457695
            110.208262,-7.865112,38.834653
            110.208452,-7.865012,39.17922
            110.208251,-7.863869,41.054944
            110.208383,-7.863182,41.250459
            110.208392,-7.863135,41.22619
            110.208438,-7.863092,41.194405
            110.209316,-7.863114,40.75303
            110.209345,-7.863329,40.642988
            110.209401,-7.863385,40.602999
            110.20949,-7.86343,40.546373
            110.209603,-7.863435,40.446875
            110.209678,-7.863398,40.373175
            110.209823,-7.863278,40.206974
            110.21001,-7.862761,39.71931
            110.210027,-7.862746,39.699284
            110.210053,-7.86272,39.666787
            110.210178,-7.862675,39.549797
            110.210387,-7.862556,39.337749
            110.210394,-7.862474,39.264675
            110.210322,-7.861967,38.977054
            110.210289,-7.861497,39.012027
            110.210229,-7.861196,39.034803
            110.210197,-7.861066,39.044736
            110.210023,-7.860672,39.076659
            110.209553,-7.859596,40.969132
            110.209266,-7.859204,41.988347
            110.208624,-7.858547,43.922851
            110.208451,-7.858526,44.289761
            110.208624,-7.858547,44.65667
            110.208529,-7.858333,45.153467
            110.208252,-7.857876,46.286242
            110.208165,-7.857678,46.691207
            110.208085,-7.8574,46.466733
            110.208027,-7.857075,46.210449
            110.207956,-7.856279,45.589927
            110.207909,-7.856049,45.407703
            110.207892,-7.855889,45.186383
            110.207934,-7.855262,42.901563
            110.207993,-7.854974,41.833033
            110.208103,-7.854703,40.770988
            110.208188,-7.854373,39.532645
            110.208215,-7.854272,39.152745
            110.208389,-7.853864,38.244546
            110.208469,-7.853729,38.001205
            110.208518,-7.853704,37.91633
            110.208144,-7.853189,36.930139
            110.20742,-7.852257,36.808356
            110.20734,-7.852101,37.069213
            110.207309,-7.851949,37.300396
            110.207184,-7.851021,38.675622
            110.207222,-7.849788,39.608849
            110.207466,-7.84945,39.92321
            110.207722,-7.848287,38.834839
            110.207836,-7.847867,38.354494
            110.208036,-7.847279,37.917764
            110.207659,-7.847182,37.786264
            110.207381,-7.847226,37.691219
            110.207302,-7.847239,37.664183
            110.207301,-7.847073,37.607609
            110.206993,-7.846909,37.489557
            110.206971,-7.845762,38.754342
            110.207114,-7.845388,39.329661
            110.207299,-7.845437,39.602562
            110.207645,-7.845474,40.125978
            110.20771,-7.84545,40.253315
            110.207661,-7.844372,42.252894
            110.207611,-7.843902,43.128635
            110.207646,-7.84362,43.749529
            110.207684,-7.843441,44.188769
            110.207902,-7.842768,45.886032
            110.208069,-7.842344,46.978956
            110.208157,-7.842121,47.553917
            110.208228,-7.841907,48.244054
            110.20852,-7.841412,50.088046
            110.20873,-7.840946,51.729421
            110.208835,-7.840697,52.597354
            110.208936,-7.840458,53.430696
            110.209072,-7.839836,55.349514
            110.209088,-7.839617,56.011319
            110.209025,-7.83948,56.465074
            110.208986,-7.839414,56.69558
            110.208968,-7.839274,57.120957
            110.209173,-7.83865,59.053426
            110.209356,-7.838124,60.409636
            110.209715,-7.836904,63.254977
            110.209965,-7.836157,63.322015
            110.210115,-7.83566,63.366203
            110.210427,-7.834613,63.22703
            110.21058,-7.834101,63.096928
            110.210835,-7.833138,63.753296
            110.210607,-7.83313,64.163233
            110.210465,-7.83313,64.418385
            110.210607,-7.83313,64.673537
            110.210752,-7.831933,67.52696
            110.210863,-7.831377,69.630865
            110.21109,-7.830507,72.932412
            110.210188,-7.830162,74.668063
            110.210045,-7.830103,74.946132
            110.209474,-7.82972,76.160506
            110.208923,-7.829564,76.223605
            110.208119,-7.829434,76.313304
            110.207519,-7.829228,76.333037
            110.207293,-7.829109,76.303113
            110.2065,-7.828524,76.187514
            110.206407,-7.828426,76.171639
            110.206271,-7.828168,76.241138
            110.20601,-7.8275,77.098513
            110.205809,-7.827129,77.602504
            110.205612,-7.82682,78.039958
            110.205508,-7.826642,78.286133
            110.205447,-7.826441,78.893872
            110.205495,-7.825879,80.580827
            110.205516,-7.825256,82.445266
            110.205573,-7.824819,83.660759
            110.205591,-7.824687,83.57293
            110.205619,-7.823972,83.101118
            110.20507,-7.823375,82.5686
            110.204823,-7.823068,82.588408
            110.204591,-7.822665,82.74697
            110.204445,-7.82247,82.829949
            110.203748,-7.82186,83.219734
            110.203679,-7.821767,83.339361
            110.203665,-7.821683,83.427602
            110.203667,-7.821456,83.662886
            110.203714,-7.821157,83.97652
            110.203898,-7.82068,84.505779
            110.204099,-7.82006,85.094113
            110.204263,-7.819464,85.46845
            110.204856,-7.819534,85.826966
            110.20499,-7.819145,86.011876
            110.205122,-7.818598,84.779594
            110.20544,-7.817227,81.33817
            110.205572,-7.81692,79.987405
            110.205575,-7.816714,79.153444
            110.205548,-7.816598,78.671561
            110.205446,-7.81603,76.33623
            110.205309,-7.815632,74.736176
            110.205206,-7.815171,73.770746
            110.205124,-7.814925,73.241027
            110.20513,-7.814691,72.762409
            110.205409,-7.813802,71.151405
            110.205714,-7.813031,71.088433
            110.205769,-7.812869,71.075436
            110.205997,-7.812194,71.006049
            110.206138,-7.811883,70.894538
            110.206215,-7.811761,70.847476
            110.206434,-7.811506,70.737967
            110.206967,-7.810556,70.353757
            110.207484,-7.809093,69.582907
            110.207513,-7.808907,69.63881
            110.207484,-7.808195,70.268044
            110.207556,-7.807844,70.584326
            110.207758,-7.80746,70.9667
            110.208033,-7.806734,71.481356
            110.207901,-7.806704,71.561083
            110.207643,-7.806602,71.724614
            110.20774,-7.806141,72.004432
            110.207741,-7.806042,72.063262
            110.207381,-7.805525,72.454097
            110.207355,-7.805385,72.54499
            110.207342,-7.804899,72.855418
            110.207364,-7.804743,72.955994
            110.207721,-7.803418,75.234093
            110.207782,-7.803292,75.582418
            110.207815,-7.803248,75.719055
            110.207964,-7.803121,76.204444
            110.208099,-7.803052,76.579578
            110.208204,-7.803001,76.868361
            110.208346,-7.802818,77.44372
            110.20841,-7.802655,77.906051
            110.208445,-7.80205,80.251657
            110.20854,-7.801071,84.058527
            110.208537,-7.800818,85.049626
            110.208338,-7.800279,87.378115
            110.208214,-7.799253,91.570448
            110.208205,-7.799031,92.381754
            110.208134,-7.797857,96.023827
            110.208147,-7.797724,96.437618
            110.208189,-7.79761,96.813427
            110.208287,-7.797484,97.306022
            110.208344,-7.797443,97.522133
            110.208651,-7.797327,98.741345
            110.208797,-7.797214,99.447859
            110.209318,-7.79646,102.96497
            110.209468,-7.796107,104.439183
            110.209571,-7.795949,104.836878
            110.209878,-7.795523,105.716219
            110.21014,-7.795213,106.395458
            110.210501,-7.794937,107.154403
            110.210556,-7.79488,107.286876
            110.210583,-7.794793,107.439782
            110.210594,-7.794589,107.428145
            110.21061,-7.794309,106.955896
            110.210594,-7.793461,105.527692
            110.210583,-7.792418,104.533022
            110.210545,-7.792151,104.508229
            110.210014,-7.791278,104.41451
            110.209728,-7.790911,103.589933
            110.208968,-7.790095,101.480031
            110.208842,-7.789983,101.161333
            110.208678,-7.789886,100.6214
            110.207924,-7.789581,97.648285
            110.207709,-7.789465,96.754578
            110.20779,-7.789339,96.204148
            110.207812,-7.789247,95.855782
            110.207818,-7.789009,94.978577
            110.2078,-7.788283,92.562254
            110.20781,-7.787835,91.118761
            110.207924,-7.786825,88.427021
            110.20801,-7.785615,87.645385
            110.20806,-7.785113,87.142076
            110.208122,-7.784238,85.495994
            110.208241,-7.783742,84.539255
            110.208524,-7.782803,80.168084
            110.208589,-7.782335,77.60375
            110.208594,-7.782208,76.913845
            110.208573,-7.782186,76.749476
            110.209015,-7.781912,74.067498
            110.209152,-7.781851,73.559178
            110.209195,-7.781804,73.342496
            110.209207,-7.781617,72.702454
            110.209136,-7.781256,71.446163
            110.20897,-7.780808,69.816026
            110.208926,-7.780311,68.141564
            110.208891,-7.780212,68.338487
            110.208948,-7.78001,68.732241
            110.208959,-7.779806,69.115754
            110.208892,-7.779011,70.613393
            110.208887,-7.7787,71.197304
            110.208911,-7.778078,74.298537
            110.209052,-7.777266,79.328544
            110.20917,-7.776414,83.70293
            110.209573,-7.7741,90.522483
            110.20958,-7.77406,90.597743
            110.209688,-7.773389,91.857385
            110.209786,-7.772733,92.421056
            110.209831,-7.772452,92.551075
            110.209908,-7.771971,92.773633
            110.210012,-7.771304,93.028949
            110.210052,-7.771053,93.036557
            110.210106,-7.770707,93.04704
            110.210406,-7.768793,93.399506
            110.210404,-7.768695,93.435737
            110.210366,-7.76861,93.4701
            110.210292,-7.768546,93.506073
            110.210087,-7.768492,93.58376
            110.209593,-7.768412,93.850264
            110.209497,-7.768367,94.028782
            110.209397,-7.768259,94.277431
            110.209372,-7.768232,94.339594
            110.209292,-7.768064,94.654739
            110.209283,-7.767981,94.79636
            110.209279,-7.767783,95.132337
            110.209428,-7.766883,96.679604
            110.20962,-7.765787,97.998153
            110.209682,-7.765433,98.412033
            110.209714,-7.765243,98.633928
            110.2098,-7.764752,98.860366
            110.209854,-7.764309,98.849976
            110.209872,-7.764206,98.847542
            110.209931,-7.76386,98.839371
            110.209962,-7.763667,98.83482
            110.210046,-7.763147,98.758746
            110.210115,-7.762778,98.551848
            110.210205,-7.762293,98.279979
            110.21033,-7.761493,97.833796
            110.210396,-7.761091,97.9502
            110.210608,-7.759807,98.322052
            110.210746,-7.75897,98.602348
            110.210853,-7.758327,98.821193
            110.210965,-7.757644,98.448343
            110.211172,-7.756393,96.34148
            110.211207,-7.75618,95.982823
            110.211385,-7.75484,95.759666
            110.21147,-7.754238,95.631803
            110.211565,-7.753731,95.429521
            110.212043,-7.753728,95.243723
            110.212308,-7.753727,95.14072
            110.212522,-7.75371,95.057273
            110.212565,-7.753711,95.040555
            110.214246,-7.753631,92.302916
            110.215663,-7.753585,88.723693
            110.216089,-7.75357,87.566821
            110.216717,-7.753529,84.448075
            110.217543,-7.753537,79.153384
            110.217691,-7.753572,78.178099
            110.218457,-7.75387,75.297819
            110.218557,-7.753888,75.308416
            110.218825,-7.753858,75.336536
            110.22041,-7.753324,79.315239
            110.221068,-7.753112,83.790391
            110.222074,-7.753055,89.39958
            110.222445,-7.75304,91.101787
            110.223545,-7.753,95.790993
            110.224049,-7.752896,96.828343
            110.225056,-7.752625,98.930961
            110.225537,-7.752496,99.434693
            110.225852,-7.752409,99.66337
            110.226569,-7.752221,100.182028
            110.226686,-7.752208,100.264359
            110.226839,-7.752229,100.372374
            110.22726,-7.752369,100.413325
            110.227553,-7.752486,100.390923
            110.228158,-7.752721,100.344842
            110.228818,-7.752931,100.422966
            110.229576,-7.75317,100.889235
            110.230071,-7.753313,101.191468
            110.231211,-7.753573,102.153373
            110.232082,-7.753799,102.970528
            110.23209,-7.753761,103.006083
            110.232387,-7.752308,104.863856
            110.232622,-7.751201,106.317797
            110.232852,-7.749977,107.715133
            110.233017,-7.749129,108.069135
            110.233383,-7.748436,108.291715
            110.233783,-7.747699,107.746935
            110.233871,-7.747554,107.636784
            110.233944,-7.747483,107.570799
            110.234392,-7.747192,107.225247
            110.23444,-7.747161,107.188287
            110.235295,-7.746725,107.756909
            110.235385,-7.746589,107.856402
            110.235571,-7.746207,108.115878
            110.235639,-7.74591,108.301439
            110.235647,-7.745679,108.437749
            110.235627,-7.745423,108.589173
            110.235601,-7.745233,108.702249
            110.235615,-7.74516,108.746071
            110.23594,-7.744849,109.010092
            110.236075,-7.744674,109.139994
            110.236123,-7.744574,109.205299
            110.23661,-7.743775,109.407977
            110.236642,-7.743721,109.413865
            110.23661,-7.743775,109.419752
            110.237212,-7.743989,109.479332
            110.237715,-7.744203,109.551332
            110.238772,-7.744804,109.788998
            110.241008,-7.746053,111.074492
            110.241043,-7.745998,111.108548
            110.241081,-7.745929,111.149719
            110.241766,-7.744696,111.875376
            110.243205,-7.742097,113.272423
            110.244995,-7.738847,116.166647
            110.245403,-7.738106,116.555753
            110.245859,-7.738368,116.616776
            110.24591,-7.738398,116.623642
            110.246287,-7.738614,116.674058
            110.246435,-7.738688,116.69325
            110.246925,-7.73895,116.677668
            110.248284,-7.73968,116.499015
            110.248835,-7.73997,116.335983
            110.249863,-7.74061,115.996315
            110.251664,-7.741564,115.421003
            110.253026,-7.738762,117.887342
            110.253822,-7.737334,119.368973
            110.255651,-7.733669,122.752556
            110.256414,-7.732248,123.852959
            110.257599,-7.730046,125.182039
            110.258569,-7.728194,126.602866
            110.258942,-7.727477,127.229637
            110.260003,-7.725389,129.242015
            110.260088,-7.725399,129.287192
            110.260218,-7.725415,129.356331
            110.261828,-7.725613,130.064652
            110.261867,-7.725618,130.074749
            110.262598,-7.725764,130.266212
            110.262703,-7.725796,130.294418
            110.263142,-7.725932,130.421301
            110.263677,-7.726096,130.622626
            110.263714,-7.726109,130.636739
            110.2646,-7.726409,130.973337
            110.264659,-7.726429,130.995754
            110.266339,-7.72685,131.996716
            110.266673,-7.725567,133.751461
            110.26693,-7.725651,134.143535
            110.26706,-7.72569,134.340321
            110.26768,-7.72589,134.805383
            110.26785,-7.725363,134.883865
            110.267871,-7.725318,134.890898
            110.267922,-7.725286,134.899383
            110.268072,-7.725289,134.920472
            110.268401,-7.725357,134.967713
            110.269041,-7.725491,134.685156
            110.268835,-7.726224,133.99529
            110.269037,-7.72627,133.809078
            110.271122,-7.726894,132.318005
            110.271167,-7.726907,132.288746
            110.272527,-7.72729,132.396848
            110.273432,-7.72754,132.916078
            110.273907,-7.727685,133.410574
            110.275378,-7.728132,135.075363
            110.276928,-7.728571,137.040289
            110.277224,-7.728664,137.439988
            110.277884,-7.72882,138.313361
            110.278414,-7.728985,138.726786
            110.278981,-7.729144,138.659928
            110.279165,-7.729379,138.625872
            110.279408,-7.729798,138.570539
            110.279485,-7.729848,138.560094
            110.280134,-7.73011,138.472449
            110.281687,-7.730849,138.534377
            110.281848,-7.730889,138.611118
            110.282183,-7.730915,138.766477
            110.282749,-7.730927,139.028222
            110.283734,-7.731205,138.806928
            110.283862,-7.731277,138.739532
            110.283902,-7.731434,138.664706
            110.283734,-7.731957,138.41108
            110.283347,-7.732723,137.805936
            110.282666,-7.734275,136.86976
            110.282727,-7.734297,136.863679
            110.284499,-7.734941,137.00505
            110.284884,-7.735063,137.151233
            110.285395,-7.735183,137.341158
            110.285877,-7.735313,137.747185
            110.287061,-7.735487,139.043207
            110.287164,-7.735532,139.165091
            110.28733,-7.735699,139.419874
            110.287463,-7.735904,139.678504
            110.287594,-7.736012,139.857705
            110.287849,-7.736079,140.135122
            110.28811,-7.736148,140.419183
            110.288594,-7.736194,140.93048
            110.288863,-7.736212,141.213997
            110.289508,-7.736323,141.197154
            110.290278,-7.736549,141.080163
            110.291136,-7.736893,141.076018
            110.292787,-7.737378,141.476336
            110.293576,-7.737698,141.99731
            110.294065,-7.737843,142.309226
            110.294311,-7.737988,142.394326
            110.294374,-7.738125,142.431113
            110.294448,-7.738191,142.455218
            110.29495,-7.738404,142.587437
            110.295317,-7.738567,142.684813
            110.295626,-7.738755,142.772605
            110.29578,-7.738805,142.823938
            110.296349,-7.738982,143.015586
            110.297072,-7.739189,143.257427
            110.297711,-7.739472,144.097556
            110.297794,-7.739338,144.401199
            110.298097,-7.738849,145.509382
            110.298463,-7.738315,146.756023
            110.298892,-7.737795,147.769699
            110.299126,-7.737478,148.35217
            110.300894,-7.735141,150.961413
            110.301189,-7.734751,151.344123
            110.301442,-7.73496,151.600412
            110.301707,-7.735124,151.843513
            110.303133,-7.735466,152.282497
            110.303466,-7.735673,152.345559
            110.303946,-7.735904,152.383611
            110.304268,-7.736037,152.372974
            110.30473,-7.736173,152.358278
            110.304849,-7.736127,152.354383
            110.304893,-7.736125,152.35304
            110.305,-7.736144,152.349725
            110.305032,-7.73618,152.348249
            110.305195,-7.736307,152.341926
            110.305666,-7.736442,152.443991
            110.306177,-7.73659,152.641635
            110.306725,-7.736781,152.857297
            110.307079,-7.737019,153.002275
            110.307295,-7.737207,152.877579
            110.307582,-7.73769,152.632235
            110.307955,-7.739087,151.777533
            110.308211,-7.739489,151.361923
            110.308192,-7.739559,151.298545
            110.309042,-7.740295,150.858342
            110.309352,-7.740563,151.084102
            110.310537,-7.741307,151.839396
            110.310695,-7.741407,151.935091
            110.311301,-7.741672,152.273195
            110.312465,-7.742108,151.911604
            110.313446,-7.742368,150.891989
            110.313699,-7.742413,150.685885
            110.313847,-7.742417,150.603871
            110.314479,-7.742349,150.251723
            110.315401,-7.742239,149.75033
            110.315479,-7.742231,149.787178
            110.316704,-7.742101,150.366088
            110.316855,-7.742113,150.437269
            110.316972,-7.742202,150.506579
            110.316997,-7.742231,150.524665
            110.317267,-7.742625,150.532081
            110.317471,-7.743277,150.394302
            110.317546,-7.743453,150.355741
            110.317752,-7.743757,150.281833
            110.318644,-7.744646,149.887085
            110.319696,-7.745631,149.8227
            110.319905,-7.745859,149.917874
            110.320035,-7.746088,149.999061
            110.320943,-7.748148,150.736722
            110.321089,-7.748314,150.758063
            110.321416,-7.748605,150.663743
            110.321601,-7.748723,150.616528
            110.321813,-7.748812,150.567119
            110.322165,-7.74894,150.486654
            110.322634,-7.749052,150.364246
            110.322899,-7.749099,150.123654
            110.32321,-7.749035,149.839785
            110.323479,-7.7489,149.570306
            110.323733,-7.748619,149.23007
            110.323918,-7.748247,148.856028
            110.323941,-7.748155,148.770543
            110.323999,-7.747831,149.045728
            110.323984,-7.747498,149.331797
            110.324001,-7.747385,149.429846
            110.324242,-7.74699,149.825973
            110.324272,-7.746953,149.866706
            110.324524,-7.746801,150.117582
            110.32455,-7.746802,150.139709
            110.324783,-7.746846,150.335684
            110.324841,-7.746875,150.380704
            110.32526,-7.747307,150.799739
            110.32552,-7.747436,151.001241
            110.325923,-7.747552,151.292058
            110.326397,-7.747611,151.493829
            110.328609,-7.747645,149.457154
            110.329166,-7.747619,148.990704
            110.329302,-7.747595,148.875149
            110.329428,-7.74754,148.759976
            110.329707,-7.747322,148.462757
            110.330569,-7.746485,148.493072
            110.330644,-7.746439,148.506109
            110.330756,-7.74642,148.522902
            110.330865,-7.74645,148.539622
            110.331014,-7.746619,148.573093
            110.331085,-7.746649,148.584501
            110.33127,-7.746593,148.633372
            110.331477,-7.746485,148.75693
            110.331625,-7.746437,148.839178
            110.332646,-7.746339,149.38095
            110.332671,-7.746335,149.394325
            110.332664,-7.746252,149.43872
            110.332659,-7.746194,149.469748
            110.332652,-7.746123,149.507772
            110.332648,-7.746091,149.524959
            110.332726,-7.746075,149.573528
            110.332709,-7.746031,149.651192
            110.33272,-7.745929,149.820289
            110.332836,-7.745529,150.506342
            110.332877,-7.745317,150.862167
            110.332941,-7.744995,151.403157
            110.333399,-7.742786,154.605992
            110.333682,-7.741417,155.851557
            110.334108,-7.741847,156.338568
            110.334264,-7.742038,156.420125
            110.334663,-7.742713,156.637465
            110.33471,-7.74232,156.747418
            110.334761,-7.74225,156.771405
            110.335469,-7.741909,157.413262
            110.335728,-7.741455,158.033539
            110.335823,-7.741205,158.351261
            110.336546,-7.739067,161.728912
            110.336913,-7.738107,162.734783
            110.337029,-7.737804,163.033736
            110.337076,-7.737819,163.078872
            110.338972,-7.738469,163.181714
            110.339132,-7.738642,163.127652
            110.33922,-7.738763,163.085497
            110.339294,-7.739032,162.996193
            110.339468,-7.739167,162.926054
            110.339843,-7.739214,162.806088
            110.340032,-7.739047,162.725718
            110.340099,-7.73896,162.690666
            110.340229,-7.738474,162.532669
            110.340836,-7.738551,162.416901
            110.341128,-7.738588,162.361211
            110.342217,-7.738764,162.041448
            110.342493,-7.738828,161.843651
            110.342546,-7.73889,161.786432
            110.342552,-7.738938,161.752371
            110.34247,-7.74026,160.887753
            110.342896,-7.740335,160.777139
            110.343214,-7.740473,160.688387
            110.343417,-7.740534,160.634156
            110.343547,-7.740389,160.584115
            110.343727,-7.740188,160.514783
            110.343759,-7.740142,160.500369
            110.343846,-7.740016,160.474736
            110.344041,-7.739586,161.149495
            110.3437,-7.739448,161.671917
            110.343638,-7.7394,161.783509
            110.343619,-7.739253,161.995634
            110.343726,-7.738796,162.667129
            110.343844,-7.738404,163.246054
            110.343924,-7.738191,163.561394
            110.343991,-7.738012,163.826288
            110.344002,-7.737821,164.091731
            110.343775,-7.737253,164.939375
            110.343629,-7.736405,166.325575
            110.343696,-7.735909,167.242865
            110.343823,-7.73519,168.580848
            110.343777,-7.735005,168.806787
            110.343698,-7.734849,168.732107
            110.344012,-7.734916,168.595927
            110.344832,-7.735018,168.245538
            110.345427,-7.735131,167.597284
            110.34613,-7.735545,165.36207
            110.346412,-7.735712,164.46413
            110.346533,-7.735775,164.090529
            110.347528,-7.736392,163.302321
            110.347984,-7.736673,163.43678
            110.348539,-7.736962,163.919287
            110.348747,-7.736987,164.398351
            110.349841,-7.736833,166.924819
            110.349877,-7.736828,167.007935
            110.350102,-7.73689,167.541903
            110.350265,-7.736564,168.149337
            110.350297,-7.736485,168.278473
            110.351037,-7.734133,172.407722
            110.351348,-7.733028,174.610626
            110.351455,-7.732753,175.192375
            110.351619,-7.732171,176.385085
            110.352072,-7.730711,179.380544
            110.352192,-7.730424,179.987804
            110.352278,-7.730304,180.275505
            110.352376,-7.730211,180.53834
            110.352523,-7.730134,180.860411
            110.352844,-7.730084,181.466469
            110.352919,-7.729883,181.868715
            110.353004,-7.729725,182.204795
            110.353151,-7.729383,182.90254
            110.353167,-7.72933,183.006379
            110.353252,-7.729089,183.485574
            110.353286,-7.728865,183.910758
            110.353268,-7.728804,184.030051
            110.353204,-7.728733,184.208744
            110.352712,-7.72853,184.616647
            110.352681,-7.728447,184.677588
            110.352691,-7.728343,184.749526
            110.352716,-7.728231,184.828511
            110.352867,-7.727926,185.062442
            110.352861,-7.727837,185.123862
            110.353091,-7.727269,185.561386
            110.353305,-7.727446,185.86044
            110.353323,-7.727552,185.976816
            110.353361,-7.72762,186.060971
            110.353665,-7.727775,186.427755
            110.35381,-7.727843,186.599857
            110.353922,-7.727895,186.73255
            110.354937,-7.725389,190.824138
            110.35508,-7.72505,191.299186
            110.355111,-7.725019,191.355612
            110.355108,-7.724938,191.460408
            110.355426,-7.724142,192.567277
            110.355267,-7.724068,192.792335
            110.35525,-7.724024,192.85325
            110.355277,-7.723963,192.827161
            110.355887,-7.723203,192.352456
            110.355735,-7.722859,192.168879
            110.355499,-7.722586,191.993152
            110.355347,-7.722444,192.05493
            110.355094,-7.722307,192.177714
            110.354879,-7.722222,192.276294
            110.354553,-7.722143,192.41922
            110.354506,-7.722118,192.441937
            110.355157,-7.719947,195.030474
            110.356858,-7.720601,196.211456
            110.356927,-7.720446,196.299278
            110.356953,-7.720389,196.331704
            110.357564,-7.720645,197.910951
            110.357637,-7.720451,198.416379
            110.357777,-7.72007,199.406182
            110.358311,-7.718442,202.901511
            110.358331,-7.718366,203.047353
            110.358336,-7.718346,203.085613
            110.358337,-7.718173,203.406858
            110.357706,-7.718171,204.018036
            110.357038,-7.718073,203.890801
            110.356439,-7.718073,203.777938
            110.356278,-7.718003,203.744811
            110.354844,-7.717401,203.727119
          </coordinates>
        </LineString>
      </Placemark>
    </Folder>
  </Document>
</kml>
